ActivityID,OpportunityID,ActivityType
ACT000001,O02522,Demo
ACT000002,O02782,Workshop
ACT000003,O01012,Workshop
ACT000004,O01249,POC
ACT000005,O01407,Workshop
ACT000006,O00601,Workshop
ACT000007,O00071,Workshop
ACT000008,O02456,Email
ACT000009,O00375,Demo
ACT000010,O03154,Demo
ACT000011,O01385,Demo
ACT000012,O02588,Demo
ACT000013,O01034,Demo
ACT000014,O03329,Demo
ACT000015,O01966,Workshop
ACT000016,O01600,Demo
ACT000017,O00742,POC
ACT000018,O02730,Call
ACT000019,O00762,Email
ACT000020,O01465,POC
ACT000021,O00319,Call
ACT000022,O01975,Demo
ACT000023,O01080,Email
ACT000024,O00516,POC
ACT000025,O01478,Email
ACT000026,O00435,Workshop
ACT000027,O02749,Call
ACT000028,O02510,Email
ACT000029,O00523,Demo
ACT000030,O01123,Demo
ACT000031,O02446,Call
ACT000032,O01673,Demo
ACT000033,O03057,Call
ACT000034,O01335,POC
ACT000035,O02840,Email
ACT000036,O01018,Email
ACT000037,O01909,Call
ACT000038,O02547,Call
ACT000039,O01398,Call
ACT000040,O00216,Workshop
ACT000041,O01095,Demo
ACT000042,O01618,Workshop
ACT000043,O02383,Demo
ACT000044,O01493,Workshop
ACT000045,O01716,POC
ACT000046,O01097,Demo
ACT000047,O00700,Workshop
ACT000048,O01606,Demo
ACT000049,O02562,Demo
ACT000050,O00041,Demo
ACT000051,O02571,POC
ACT000052,O01023,Email
ACT000053,O01403,Workshop
ACT000054,O03028,Demo
ACT000055,O01020,Email
ACT000056,O00747,Demo
ACT000057,O03324,Demo
ACT000058,O00157,Demo
ACT000059,O02493,Workshop
ACT000060,O01011,POC
ACT000061,O01943,Email
ACT000062,O02863,Workshop
ACT000063,O00534,Workshop
ACT000064,O01327,Call
ACT000065,O00456,Email
ACT000066,O03404,Call
ACT000067,O03253,Workshop
ACT000068,O00891,Demo
ACT000069,O00169,Workshop
ACT000070,O03047,Demo
ACT000071,O02246,Workshop
ACT000072,O01147,POC
ACT000073,O00593,Workshop
ACT000074,O02088,Email
ACT000075,O02581,Call
ACT000076,O00685,POC
ACT000077,O02533,Demo
ACT000078,O01117,Workshop
ACT000079,O01266,Workshop
ACT000080,O02775,Email
ACT000081,O00005,Email
ACT000082,O01067,Email
ACT000083,O02427,Call
ACT000084,O02053,Email
ACT000085,O00248,Call
ACT000086,O03182,Demo
ACT000087,O02031,Email
ACT000088,O00855,Email
ACT000089,O00264,Demo
ACT000090,O00626,Email
ACT000091,O01163,Demo
ACT000092,O01717,Demo
ACT000093,O01411,Email
ACT000094,O03086,Call
ACT000095,O01148,Workshop
ACT000096,O02897,POC
ACT000097,O00953,Email
ACT000098,O01795,Workshop
ACT000099,O03358,Email
ACT000100,O00063,Email
ACT000101,O02553,POC
ACT000102,O00368,Email
ACT000103,O03294,Workshop
ACT000104,O00111,Call
ACT000105,O02919,Workshop
ACT000106,O01512,Workshop
ACT000107,O02327,Demo
ACT000108,O02827,Workshop
ACT000109,O00208,Demo
ACT000110,O02331,Call
ACT000111,O01634,Demo
ACT000112,O03295,Email
ACT000113,O00312,Call
ACT000114,O03499,Demo
ACT000115,O03363,Email
ACT000116,O02349,POC
ACT000117,O00968,Call
ACT000118,O00335,Call
ACT000119,O01826,Call
ACT000120,O00817,Call
ACT000121,O03406,Demo
ACT000122,O02607,POC
ACT000123,O02349,Demo
ACT000124,O02715,Workshop
ACT000125,O03003,Call
ACT000126,O01499,Email
ACT000127,O02157,Demo
ACT000128,O03386,POC
ACT000129,O00853,Demo
ACT000130,O02115,Call
ACT000131,O00108,Call
ACT000132,O00747,Demo
ACT000133,O03491,POC
ACT000134,O02086,Call
ACT000135,O02553,Call
ACT000136,O02173,Email
ACT000137,O01275,Call
ACT000138,O01766,Call
ACT000139,O00287,Demo
ACT000140,O02558,POC
ACT000141,O03468,POC
ACT000142,O02501,Workshop
ACT000143,O00942,POC
ACT000144,O02344,POC
ACT000145,O02742,Demo
ACT000146,O01417,Email
ACT000147,O03396,Call
ACT000148,O01063,Demo
ACT000149,O02973,Call
ACT000150,O01674,POC
ACT000151,O01520,Email
ACT000152,O00488,Workshop
ACT000153,O02709,POC
ACT000154,O03200,Workshop
ACT000155,O03375,Demo
ACT000156,O02145,Demo
ACT000157,O01525,Call
ACT000158,O00013,POC
ACT000159,O02982,Call
ACT000160,O03044,Demo
ACT000161,O00793,Email
ACT000162,O00672,Demo
ACT000163,O00832,POC
ACT000164,O01289,Workshop
ACT000165,O01232,Workshop
ACT000166,O02711,Email
ACT000167,O01268,Email
ACT000168,O01709,Workshop
ACT000169,O00666,Workshop
ACT000170,O01712,Workshop
ACT000171,O01360,Demo
ACT000172,O00313,Demo
ACT000173,O02592,Demo
ACT000174,O00303,Email
ACT000175,O00551,Workshop
ACT000176,O00607,Workshop
ACT000177,O01383,Workshop
ACT000178,O01360,Email
ACT000179,O00912,Email
ACT000180,O01173,POC
ACT000181,O01735,Call
ACT000182,O02345,Demo
ACT000183,O02563,Demo
ACT000184,O01977,Workshop
ACT000185,O02734,Demo
ACT000186,O00093,Demo
ACT000187,O00422,Demo
ACT000188,O00045,POC
ACT000189,O01891,Demo
ACT000190,O02611,POC
ACT000191,O01073,Demo
ACT000192,O01445,POC
ACT000193,O00136,Call
ACT000194,O00039,Demo
ACT000195,O01476,Workshop
ACT000196,O02367,POC
ACT000197,O01917,Email
ACT000198,O02283,POC
ACT000199,O00879,Demo
ACT000200,O02434,Call
ACT000201,O03130,Email
ACT000202,O00693,POC
ACT000203,O01866,POC
ACT000204,O02222,POC
ACT000205,O01619,Email
ACT000206,O02175,Demo
ACT000207,O02970,Demo
ACT000208,O01519,POC
ACT000209,O01311,Workshop
ACT000210,O00871,Call
ACT000211,O02912,Call
ACT000212,O00580,Workshop
ACT000213,O00247,POC
ACT000214,O00413,Workshop
ACT000215,O01265,Call
ACT000216,O03195,Call
ACT000217,O02263,Workshop
ACT000218,O02026,Call
ACT000219,O01642,POC
ACT000220,O01178,POC
ACT000221,O00393,POC
ACT000222,O03293,Workshop
ACT000223,O00323,POC
ACT000224,O03217,Call
ACT000225,O00338,Email
ACT000226,O01256,Call
ACT000227,O00257,Call
ACT000228,O01129,POC
ACT000229,O01168,POC
ACT000230,O02145,Demo
ACT000231,O02416,Demo
ACT000232,O02093,Workshop
ACT000233,O03145,POC
ACT000234,O02905,Email
ACT000235,O01256,Call
ACT000236,O00731,Demo
ACT000237,O00102,Workshop
ACT000238,O02363,Email
ACT000239,O03323,Workshop
ACT000240,O01047,Call
ACT000241,O00684,Call
ACT000242,O01338,Email
ACT000243,O01625,Email
ACT000244,O02125,Call
ACT000245,O00430,POC
ACT000246,O02510,Email
ACT000247,O02502,POC
ACT000248,O01423,Call
ACT000249,O00593,Demo
ACT000250,O02953,Workshop
ACT000251,O01173,Email
ACT000252,O01922,POC
ACT000253,O01459,Call
ACT000254,O01261,Demo
ACT000255,O01069,Call
ACT000256,O03105,Email
ACT000257,O03150,POC
ACT000258,O01278,Demo
ACT000259,O01577,POC
ACT000260,O00080,POC
ACT000261,O01629,Email
ACT000262,O03010,POC
ACT000263,O03222,Email
ACT000264,O00898,Email
ACT000265,O00799,Workshop
ACT000266,O03174,POC
ACT000267,O02650,Email
ACT000268,O03107,Email
ACT000269,O01368,Call
ACT000270,O01597,Call
ACT000271,O01673,Email
ACT000272,O01212,POC
ACT000273,O01155,Workshop
ACT000274,O00852,Demo
ACT000275,O02322,Demo
ACT000276,O02991,Demo
ACT000277,O01459,Email
ACT000278,O02413,Demo
ACT000279,O03261,POC
ACT000280,O00141,Demo
ACT000281,O01265,Workshop
ACT000282,O01134,Demo
ACT000283,O00829,Email
ACT000284,O00329,POC
ACT000285,O00158,Call
ACT000286,O02034,Workshop
ACT000287,O03337,Call
ACT000288,O02490,Email
ACT000289,O00613,Call
ACT000290,O00700,Email
ACT000291,O02610,Demo
ACT000292,O01528,Demo
ACT000293,O00591,Email
ACT000294,O02023,Call
ACT000295,O01241,Workshop
ACT000296,O00611,Workshop
ACT000297,O02131,POC
ACT000298,O03459,POC
ACT000299,O02625,Demo
ACT000300,O01951,Email
ACT000301,O02486,Email
ACT000302,O01819,Demo
ACT000303,O01728,POC
ACT000304,O01550,Demo
ACT000305,O01428,POC
ACT000306,O01431,POC
ACT000307,O02205,POC
ACT000308,O01821,Email
ACT000309,O02705,Demo
ACT000310,O03411,Workshop
ACT000311,O00307,Workshop
ACT000312,O00986,Call
ACT000313,O01640,Demo
ACT000314,O02341,Demo
ACT000315,O00667,Demo
ACT000316,O01036,Email
ACT000317,O02777,Demo
ACT000318,O02175,POC
ACT000319,O02790,Email
ACT000320,O02314,POC
ACT000321,O02692,Email
ACT000322,O00040,Workshop
ACT000323,O02940,Demo
ACT000324,O00249,Demo
ACT000325,O00822,Demo
ACT000326,O00253,Email
ACT000327,O00987,Call
ACT000328,O00939,Email
ACT000329,O01869,Workshop
ACT000330,O02357,Call
ACT000331,O01498,Demo
ACT000332,O00761,Email
ACT000333,O02927,Workshop
ACT000334,O03240,POC
ACT000335,O03373,POC
ACT000336,O03015,Demo
ACT000337,O01509,Workshop
ACT000338,O01015,Workshop
ACT000339,O00352,Email
ACT000340,O00407,Email
ACT000341,O02887,Call
ACT000342,O01755,Workshop
ACT000343,O00756,Call
ACT000344,O02836,POC
ACT000345,O00183,Email
ACT000346,O01094,POC
ACT000347,O00721,POC
ACT000348,O03403,Demo
ACT000349,O01167,POC
ACT000350,O00667,Demo
ACT000351,O02262,POC
ACT000352,O02035,Workshop
ACT000353,O01023,Workshop
ACT000354,O02655,POC
ACT000355,O02834,Demo
ACT000356,O00469,Email
ACT000357,O02552,Call
ACT000358,O00973,POC
ACT000359,O01414,Demo
ACT000360,O00228,Email
ACT000361,O01891,Call
ACT000362,O02913,POC
ACT000363,O03186,Call
ACT000364,O01991,Call
ACT000365,O03302,Workshop
ACT000366,O00063,Email
ACT000367,O01664,Demo
ACT000368,O01456,Workshop
ACT000369,O02085,Email
ACT000370,O03240,Demo
ACT000371,O01324,Workshop
ACT000372,O00722,Email
ACT000373,O02048,Email
ACT000374,O00929,Workshop
ACT000375,O00761,Email
ACT000376,O02547,Email
ACT000377,O03205,Workshop
ACT000378,O02761,Workshop
ACT000379,O01081,Workshop
ACT000380,O01317,POC
ACT000381,O02684,Workshop
ACT000382,O00899,Demo
ACT000383,O03492,Email
ACT000384,O02607,Workshop
ACT000385,O02100,POC
ACT000386,O00722,Call
ACT000387,O00350,Email
ACT000388,O02670,POC
ACT000389,O02502,POC
ACT000390,O03447,Workshop
ACT000391,O03433,POC
ACT000392,O00581,Call
ACT000393,O00722,POC
ACT000394,O00209,Workshop
ACT000395,O01940,Email
ACT000396,O03452,Email
ACT000397,O00177,Call
ACT000398,O00448,POC
ACT000399,O03117,Email
ACT000400,O03162,Email
ACT000401,O03103,Demo
ACT000402,O02506,Call
ACT000403,O02538,Workshop
ACT000404,O00528,Email
ACT000405,O00396,Call
ACT000406,O00194,Demo
ACT000407,O02208,Call
ACT000408,O02884,POC
ACT000409,O00679,POC
ACT000410,O00137,Call
ACT000411,O02156,Workshop
ACT000412,O02247,Workshop
ACT000413,O00137,Workshop
ACT000414,O02180,Email
ACT000415,O02552,Email
ACT000416,O01249,Call
ACT000417,O01122,Call
ACT000418,O02401,Call
ACT000419,O02397,Workshop
ACT000420,O00551,Email
ACT000421,O01943,Demo
ACT000422,O02335,Email
ACT000423,O02374,Workshop
ACT000424,O00739,POC
ACT000425,O02192,Email
ACT000426,O00455,Workshop
ACT000427,O00759,POC
ACT000428,O00221,Email
ACT000429,O00858,Call
ACT000430,O02426,Email
ACT000431,O03363,Call
ACT000432,O03305,Email
ACT000433,O00448,POC
ACT000434,O03282,Email
ACT000435,O02578,POC
ACT000436,O02963,Email
ACT000437,O00980,Call
ACT000438,O02076,POC
ACT000439,O01915,Call
ACT000440,O00141,Workshop
ACT000441,O00217,Workshop
ACT000442,O01214,Email
ACT000443,O02188,Email
ACT000444,O01227,Demo
ACT000445,O02321,Workshop
ACT000446,O02795,Call
ACT000447,O00151,Email
ACT000448,O02188,Demo
ACT000449,O01699,Demo
ACT000450,O01698,POC
ACT000451,O02913,Call
ACT000452,O02523,Workshop
ACT000453,O01489,Workshop
ACT000454,O02060,Call
ACT000455,O00727,Demo
ACT000456,O01473,Workshop
ACT000457,O00341,Call
ACT000458,O03208,Email
ACT000459,O00418,Demo
ACT000460,O02095,POC
ACT000461,O02252,POC
ACT000462,O00243,POC
ACT000463,O02608,Call
ACT000464,O03412,Email
ACT000465,O02494,Workshop
ACT000466,O02290,POC
ACT000467,O00202,Call
ACT000468,O02184,POC
ACT000469,O03376,POC
ACT000470,O03164,Workshop
ACT000471,O02862,Workshop
ACT000472,O02491,Demo
ACT000473,O01505,Call
ACT000474,O01936,Call
ACT000475,O02122,Workshop
ACT000476,O00177,Call
ACT000477,O02232,Workshop
ACT000478,O01430,POC
ACT000479,O00865,Demo
ACT000480,O00455,Workshop
ACT000481,O00106,POC
ACT000482,O01496,Demo
ACT000483,O01072,POC
ACT000484,O02953,Workshop
ACT000485,O03405,Email
ACT000486,O02640,Demo
ACT000487,O02247,Workshop
ACT000488,O03149,Call
ACT000489,O03162,POC
ACT000490,O01945,Demo
ACT000491,O02040,Call
ACT000492,O00683,POC
ACT000493,O03229,Demo
ACT000494,O00874,Email
ACT000495,O01180,POC
ACT000496,O00868,Call
ACT000497,O00191,POC
ACT000498,O00097,Demo
ACT000499,O01707,Call
ACT000500,O03074,Demo
ACT000501,O01600,Demo
ACT000502,O00974,Workshop
ACT000503,O03030,Email
ACT000504,O03239,Call
ACT000505,O02498,Workshop
ACT000506,O01455,POC
ACT000507,O00136,Email
ACT000508,O03373,Email
ACT000509,O01853,Demo
ACT000510,O01888,POC
ACT000511,O01863,Demo
ACT000512,O02076,POC
ACT000513,O03148,Workshop
ACT000514,O00377,Call
ACT000515,O01654,POC
ACT000516,O02408,Call
ACT000517,O01198,Workshop
ACT000518,O02228,Call
ACT000519,O01101,POC
ACT000520,O00293,Call
ACT000521,O00814,Email
ACT000522,O02278,Workshop
ACT000523,O00919,Email
ACT000524,O01914,Demo
ACT000525,O00581,POC
ACT000526,O00095,Workshop
ACT000527,O03173,Call
ACT000528,O02493,Workshop
ACT000529,O02772,Workshop
ACT000530,O03324,POC
ACT000531,O03246,Demo
ACT000532,O00828,Workshop
ACT000533,O02051,Demo
ACT000534,O03052,Call
ACT000535,O02604,POC
ACT000536,O01861,Email
ACT000537,O03014,Call
ACT000538,O01760,Demo
ACT000539,O00525,POC
ACT000540,O02112,Workshop
ACT000541,O01643,Email
ACT000542,O00708,Demo
ACT000543,O00095,Email
ACT000544,O02631,POC
ACT000545,O02269,Call
ACT000546,O00551,Email
ACT000547,O01248,Email
ACT000548,O00749,Workshop
ACT000549,O00355,Demo
ACT000550,O01387,Email
ACT000551,O01726,Email
ACT000552,O03161,POC
ACT000553,O01961,POC
ACT000554,O01016,Demo
ACT000555,O02695,Email
ACT000556,O01696,Demo
ACT000557,O03450,Call
ACT000558,O03174,Demo
ACT000559,O01892,Call
ACT000560,O03451,Call
ACT000561,O02059,Workshop
ACT000562,O02972,Email
ACT000563,O01586,Demo
ACT000564,O03220,POC
ACT000565,O01928,Call
ACT000566,O02111,POC
ACT000567,O03106,POC
ACT000568,O03225,POC
ACT000569,O01046,Call
ACT000570,O03004,Workshop
ACT000571,O02651,Call
ACT000572,O02635,Workshop
ACT000573,O00678,Call
ACT000574,O02896,Email
ACT000575,O02592,Call
ACT000576,O02559,POC
ACT000577,O01987,POC
ACT000578,O00105,Call
ACT000579,O02930,Demo
ACT000580,O01726,Call
ACT000581,O00512,Demo
ACT000582,O01554,Email
ACT000583,O00709,Workshop
ACT000584,O03364,Workshop
ACT000585,O00317,POC
ACT000586,O03215,Workshop
ACT000587,O02833,Call
ACT000588,O02108,Demo
ACT000589,O00362,Workshop
ACT000590,O00920,Demo
ACT000591,O01067,POC
ACT000592,O03333,Call
ACT000593,O02465,Workshop
ACT000594,O00133,Demo
ACT000595,O02268,Email
ACT000596,O00048,POC
ACT000597,O00732,POC
ACT000598,O00107,Call
ACT000599,O00230,Demo
ACT000600,O00180,Demo
ACT000601,O02572,Workshop
ACT000602,O02061,Demo
ACT000603,O03204,POC
ACT000604,O01345,Workshop
ACT000605,O00344,Workshop
ACT000606,O03335,Demo
ACT000607,O01994,Demo
ACT000608,O00976,Workshop
ACT000609,O03480,POC
ACT000610,O00953,POC
ACT000611,O01376,Workshop
ACT000612,O02954,Call
ACT000613,O01104,POC
ACT000614,O02303,Call
ACT000615,O00676,Call
ACT000616,O01826,POC
ACT000617,O00404,POC
ACT000618,O01092,Workshop
ACT000619,O01023,Workshop
ACT000620,O03153,Demo
ACT000621,O02072,Call
ACT000622,O02340,Workshop
ACT000623,O02493,Demo
ACT000624,O03319,Demo
ACT000625,O01232,Demo
ACT000626,O00433,POC
ACT000627,O02028,Demo
ACT000628,O03392,Workshop
ACT000629,O00585,Call
ACT000630,O02622,Workshop
ACT000631,O01943,Demo
ACT000632,O00056,POC
ACT000633,O02211,Call
ACT000634,O01734,Demo
ACT000635,O01296,POC
ACT000636,O02153,Workshop
ACT000637,O03294,Email
ACT000638,O00107,Demo
ACT000639,O01443,Workshop
ACT000640,O00272,Demo
ACT000641,O00601,Workshop
ACT000642,O02576,Email
ACT000643,O00001,Demo
ACT000644,O03138,Call
ACT000645,O02504,POC
ACT000646,O03117,Call
ACT000647,O01282,Call
ACT000648,O01522,Demo
ACT000649,O00043,Demo
ACT000650,O02152,Call
ACT000651,O02823,Email
ACT000652,O00032,Workshop
ACT000653,O01628,Email
ACT000654,O02711,Email
ACT000655,O03219,Demo
ACT000656,O00034,Call
ACT000657,O01048,Workshop
ACT000658,O01575,Email
ACT000659,O03152,Call
ACT000660,O03492,Workshop
ACT000661,O00299,Email
ACT000662,O00600,Workshop
ACT000663,O03188,POC
ACT000664,O03434,Call
ACT000665,O00045,POC
ACT000666,O01458,Email
ACT000667,O01382,Demo
ACT000668,O00673,Workshop
ACT000669,O03348,POC
ACT000670,O01562,Demo
ACT000671,O00132,Call
ACT000672,O02877,Demo
ACT000673,O02030,Workshop
ACT000674,O02164,Demo
ACT000675,O03452,Call
ACT000676,O01483,Demo
ACT000677,O03225,POC
ACT000678,O03357,Workshop
ACT000679,O02407,Email
ACT000680,O00843,POC
ACT000681,O01351,Email
ACT000682,O02074,Email
ACT000683,O02827,POC
ACT000684,O01923,Demo
ACT000685,O03473,Workshop
ACT000686,O01945,Demo
ACT000687,O03457,Demo
ACT000688,O02966,Workshop
ACT000689,O00599,Email
ACT000690,O03001,Email
ACT000691,O01881,Demo
ACT000692,O00136,POC
ACT000693,O02071,Workshop
ACT000694,O02293,Demo
ACT000695,O00040,Email
ACT000696,O01323,Call
ACT000697,O01694,Workshop
ACT000698,O00466,Email
ACT000699,O00243,Demo
ACT000700,O00374,Email
ACT000701,O00974,Demo
ACT000702,O01508,Call
ACT000703,O00391,POC
ACT000704,O03048,Call
ACT000705,O02907,Call
ACT000706,O01157,Workshop
ACT000707,O03039,Workshop
ACT000708,O01091,Email
ACT000709,O02703,POC
ACT000710,O00392,Workshop
ACT000711,O01336,Demo
ACT000712,O00950,Demo
ACT000713,O01349,Demo
ACT000714,O02941,Demo
ACT000715,O01573,Call
ACT000716,O02146,POC
ACT000717,O02548,Demo
ACT000718,O00144,Workshop
ACT000719,O03401,Workshop
ACT000720,O02342,Call
ACT000721,O00772,POC
ACT000722,O02488,POC
ACT000723,O02948,Demo
ACT000724,O01241,Email
ACT000725,O00964,Demo
ACT000726,O01080,Call
ACT000727,O01660,Workshop
ACT000728,O01613,Workshop
ACT000729,O01479,POC
ACT000730,O01085,Workshop
ACT000731,O03038,POC
ACT000732,O01054,Call
ACT000733,O01593,Email
ACT000734,O03283,Workshop
ACT000735,O03376,POC
ACT000736,O03110,POC
ACT000737,O02353,Demo
ACT000738,O02885,Workshop
ACT000739,O01949,Email
ACT000740,O02707,Workshop
ACT000741,O01990,POC
ACT000742,O02225,POC
ACT000743,O02498,Email
ACT000744,O01539,Call
ACT000745,O01013,Demo
ACT000746,O00057,POC
ACT000747,O00331,POC
ACT000748,O03489,Demo
ACT000749,O02787,Workshop
ACT000750,O00695,Workshop
ACT000751,O02861,Email
ACT000752,O03421,Demo
ACT000753,O00864,Email
ACT000754,O01241,Workshop
ACT000755,O01977,POC
ACT000756,O01351,Email
ACT000757,O03254,Email
ACT000758,O00349,Call
ACT000759,O00380,POC
ACT000760,O02234,Workshop
ACT000761,O02509,Demo
ACT000762,O02155,Workshop
ACT000763,O00562,Email
ACT000764,O01357,Workshop
ACT000765,O01986,POC
ACT000766,O02600,Call
ACT000767,O01830,POC
ACT000768,O00787,POC
ACT000769,O01681,Call
ACT000770,O01832,Email
ACT000771,O02691,Workshop
ACT000772,O01775,Workshop
ACT000773,O02268,Call
ACT000774,O00409,POC
ACT000775,O03201,Demo
ACT000776,O01336,Call
ACT000777,O02818,Call
ACT000778,O02847,POC
ACT000779,O03478,Workshop
ACT000780,O00517,Call
ACT000781,O03402,Call
ACT000782,O01418,Call
ACT000783,O02646,Demo
ACT000784,O00817,Call
ACT000785,O00665,Email
ACT000786,O01739,POC
ACT000787,O01578,Workshop
ACT000788,O02583,Workshop
ACT000789,O03139,POC
ACT000790,O01224,POC
ACT000791,O01182,Demo
ACT000792,O03189,POC
ACT000793,O02329,POC
ACT000794,O02644,Email
ACT000795,O01826,POC
ACT000796,O00161,Demo
ACT000797,O02334,Demo
ACT000798,O01956,Call
ACT000799,O02013,Workshop
ACT000800,O01281,Email
ACT000801,O00504,Email
ACT000802,O03385,Workshop
ACT000803,O01870,Email
ACT000804,O01686,POC
ACT000805,O02423,Call
ACT000806,O00455,Call
ACT000807,O00276,Email
ACT000808,O01990,POC
ACT000809,O02926,Demo
ACT000810,O00835,POC
ACT000811,O02813,Email
ACT000812,O03246,Email
ACT000813,O03303,Call
ACT000814,O00996,Call
ACT000815,O01135,Call
ACT000816,O01791,Demo
ACT000817,O01577,Workshop
ACT000818,O01590,Call
ACT000819,O02656,POC
ACT000820,O02004,POC
ACT000821,O01787,Demo
ACT000822,O01224,Demo
ACT000823,O02102,Workshop
ACT000824,O01711,Workshop
ACT000825,O03446,Call
ACT000826,O01416,Call
ACT000827,O01303,Workshop
ACT000828,O02406,Workshop
ACT000829,O02580,Workshop
ACT000830,O01225,Demo
ACT000831,O03062,Workshop
ACT000832,O02093,Call
ACT000833,O00690,Demo
ACT000834,O01749,POC
ACT000835,O00992,Email
ACT000836,O03310,Workshop
ACT000837,O02367,Call
ACT000838,O01498,POC
ACT000839,O01475,Workshop
ACT000840,O01516,Workshop
ACT000841,O00150,Demo
ACT000842,O01806,Email
ACT000843,O03022,Demo
ACT000844,O00258,Email
ACT000845,O00133,Email
ACT000846,O00525,Workshop
ACT000847,O00430,Workshop
ACT000848,O00685,Call
ACT000849,O01603,Workshop
ACT000850,O00053,Email
ACT000851,O00757,POC
ACT000852,O03424,Workshop
ACT000853,O00316,Email
ACT000854,O01539,Call
ACT000855,O02516,Workshop
ACT000856,O02799,Call
ACT000857,O02947,Demo
ACT000858,O01178,Call
ACT000859,O03087,Call
ACT000860,O03396,Call
ACT000861,O02434,Demo
ACT000862,O00356,Workshop
ACT000863,O02526,Call
ACT000864,O01427,POC
ACT000865,O00346,Demo
ACT000866,O01645,Workshop
ACT000867,O00179,Demo
ACT000868,O02570,Workshop
ACT000869,O00726,POC
ACT000870,O02067,Demo
ACT000871,O00371,POC
ACT000872,O01293,Call
ACT000873,O01198,Email
ACT000874,O00665,Demo
ACT000875,O03448,Demo
ACT000876,O02306,Workshop
ACT000877,O02137,Call
ACT000878,O00066,Call
ACT000879,O02630,Call
ACT000880,O03316,Call
ACT000881,O01349,Workshop
ACT000882,O00555,POC
ACT000883,O00948,Email
ACT000884,O00359,Email
ACT000885,O00621,Demo
ACT000886,O00382,POC
ACT000887,O03343,Demo
ACT000888,O00961,POC
ACT000889,O00346,Call
ACT000890,O00993,Demo
ACT000891,O01173,Email
ACT000892,O01367,Demo
ACT000893,O00405,Demo
ACT000894,O00143,Email
ACT000895,O01540,Call
ACT000896,O00173,Workshop
ACT000897,O00901,Demo
ACT000898,O01736,Email
ACT000899,O02091,Call
ACT000900,O02340,Demo
ACT000901,O03362,Email
ACT000902,O00109,Workshop
ACT000903,O00302,Demo
ACT000904,O02400,Call
ACT000905,O02879,POC
ACT000906,O03334,Call
ACT000907,O01163,Demo
ACT000908,O03117,Call
ACT000909,O00402,Call
ACT000910,O02489,Email
ACT000911,O02266,Email
ACT000912,O00137,Call
ACT000913,O00301,Call
ACT000914,O00541,Email
ACT000915,O02577,Call
ACT000916,O01104,Email
ACT000917,O02689,Demo
ACT000918,O00445,POC
ACT000919,O01515,Demo
ACT000920,O00040,Demo
ACT000921,O01780,POC
ACT000922,O01314,POC
ACT000923,O03026,Workshop
ACT000924,O03473,POC
ACT000925,O01472,POC
ACT000926,O00842,POC
ACT000927,O01036,POC
ACT000928,O02759,Email
ACT000929,O02048,Workshop
ACT000930,O02512,Demo
ACT000931,O03372,Call
ACT000932,O01073,POC
ACT000933,O01266,Workshop
ACT000934,O01726,Workshop
ACT000935,O00638,Email
ACT000936,O02128,POC
ACT000937,O01199,Email
ACT000938,O00563,Call
ACT000939,O01263,Email
ACT000940,O01630,Demo
ACT000941,O02976,Workshop
ACT000942,O00566,Call
ACT000943,O01160,Workshop
ACT000944,O01751,Demo
ACT000945,O03264,POC
ACT000946,O02677,Email
ACT000947,O00393,POC
ACT000948,O02677,Workshop
ACT000949,O00797,Call
ACT000950,O02226,Workshop
ACT000951,O00833,Call
ACT000952,O00887,Workshop
ACT000953,O03004,Email
ACT000954,O03085,Email
ACT000955,O00144,Demo
ACT000956,O02200,Email
ACT000957,O01176,Demo
ACT000958,O00616,Demo
ACT000959,O00192,POC
ACT000960,O02684,Demo
ACT000961,O03142,Email
ACT000962,O02755,POC
ACT000963,O01867,Workshop
ACT000964,O03188,Call
ACT000965,O00286,Workshop
ACT000966,O02733,Email
ACT000967,O01302,Demo
ACT000968,O02408,POC
ACT000969,O01798,Call
ACT000970,O01013,Email
ACT000971,O00898,Email
ACT000972,O00340,Call
ACT000973,O02040,Demo
ACT000974,O00936,Workshop
ACT000975,O03460,Workshop
ACT000976,O03338,POC
ACT000977,O03013,Demo
ACT000978,O01645,Call
ACT000979,O00988,Workshop
ACT000980,O00230,Email
ACT000981,O01593,Email
ACT000982,O03072,Call
ACT000983,O01498,Call
ACT000984,O01471,Call
ACT000985,O00628,Workshop
ACT000986,O02879,Call
ACT000987,O02652,Call
ACT000988,O02814,Call
ACT000989,O02286,Workshop
ACT000990,O02059,Call
ACT000991,O01325,POC
ACT000992,O02841,POC
ACT000993,O01153,Call
ACT000994,O00774,POC
ACT000995,O00191,Call
ACT000996,O01257,Workshop
ACT000997,O03175,Email
ACT000998,O01098,Call
ACT000999,O00606,Demo
ACT001000,O00766,POC
ACT001001,O03438,Demo
ACT001002,O02843,POC
ACT001003,O01860,Demo
ACT001004,O03190,POC
ACT001005,O02259,Demo
ACT001006,O02690,Call
ACT001007,O02525,Workshop
ACT001008,O02703,Email
ACT001009,O02858,Workshop
ACT001010,O02593,Call
ACT001011,O01989,Demo
ACT001012,O01206,Demo
ACT001013,O00249,Demo
ACT001014,O02798,Email
ACT001015,O02863,Demo
ACT001016,O03191,Demo
ACT001017,O01174,Demo
ACT001018,O02703,Call
ACT001019,O00684,Workshop
ACT001020,O01466,Demo
ACT001021,O03115,Email
ACT001022,O02740,Workshop
ACT001023,O01909,Call
ACT001024,O01100,Email
ACT001025,O03093,Demo
ACT001026,O01954,Call
ACT001027,O00621,POC
ACT001028,O01642,Demo
ACT001029,O01610,POC
ACT001030,O01971,Email
ACT001031,O01015,Call
ACT001032,O02861,Workshop
ACT001033,O02298,Demo
ACT001034,O03405,Workshop
ACT001035,O00434,Email
ACT001036,O02296,Email
ACT001037,O01878,Call
ACT001038,O01341,Call
ACT001039,O03114,Workshop
ACT001040,O03500,Email
ACT001041,O00385,Email
ACT001042,O01907,Workshop
ACT001043,O02999,Email
ACT001044,O00095,Demo
ACT001045,O01274,Email
ACT001046,O00230,Call
ACT001047,O01688,Call
ACT001048,O02910,Workshop
ACT001049,O00711,Workshop
ACT001050,O00923,Demo
ACT001051,O01525,POC
ACT001052,O01543,Email
ACT001053,O01810,POC
ACT001054,O00608,Email
ACT001055,O01513,Email
ACT001056,O01406,POC
ACT001057,O03042,POC
ACT001058,O02368,Email
ACT001059,O01603,Demo
ACT001060,O00974,Workshop
ACT001061,O00300,Workshop
ACT001062,O03182,Demo
ACT001063,O02047,Email
ACT001064,O01520,Call
ACT001065,O02176,Demo
ACT001066,O00792,Demo
ACT001067,O01511,Call
ACT001068,O00516,POC
ACT001069,O00378,Demo
ACT001070,O01096,Demo
ACT001071,O01187,Workshop
ACT001072,O01295,Email
ACT001073,O01917,POC
ACT001074,O01750,Workshop
ACT001075,O02601,POC
ACT001076,O00026,Workshop
ACT001077,O01732,Call
ACT001078,O03245,Demo
ACT001079,O03120,Demo
ACT001080,O02278,POC
ACT001081,O02971,Call
ACT001082,O03147,Workshop
ACT001083,O01142,Email
ACT001084,O02237,Demo
ACT001085,O03051,Workshop
ACT001086,O01151,POC
ACT001087,O02939,Call
ACT001088,O02829,Call
ACT001089,O02992,Call
ACT001090,O00406,Demo
ACT001091,O02700,Workshop
ACT001092,O01615,POC
ACT001093,O00685,POC
ACT001094,O02762,Workshop
ACT001095,O00780,Demo
ACT001096,O01352,Workshop
ACT001097,O00590,Call
ACT001098,O01379,Demo
ACT001099,O03092,Email
ACT001100,O01523,Demo
ACT001101,O00142,POC
ACT001102,O02094,Workshop
ACT001103,O00071,Workshop
ACT001104,O01300,Demo
ACT001105,O01005,Workshop
ACT001106,O00503,Demo
ACT001107,O01816,POC
ACT001108,O00862,POC
ACT001109,O00447,Email
ACT001110,O00207,Call
ACT001111,O01490,Call
ACT001112,O02070,Demo
ACT001113,O02537,Call
ACT001114,O01211,Email
ACT001115,O02800,Call
ACT001116,O02274,Demo
ACT001117,O01874,POC
ACT001118,O01020,Call
ACT001119,O00454,POC
ACT001120,O00313,Workshop
ACT001121,O03420,Email
ACT001122,O00309,Demo
ACT001123,O00606,Email
ACT001124,O03365,Email
ACT001125,O00884,Workshop
ACT001126,O01312,Workshop
ACT001127,O02420,Demo
ACT001128,O00301,Demo
ACT001129,O02903,Workshop
ACT001130,O02307,Call
ACT001131,O03378,POC
ACT001132,O00825,Call
ACT001133,O02297,Call
ACT001134,O01819,Call
ACT001135,O02393,Call
ACT001136,O01732,Workshop
ACT001137,O01371,POC
ACT001138,O02289,Workshop
ACT001139,O03085,Call
ACT001140,O03089,Call
ACT001141,O00805,POC
ACT001142,O01241,Email
ACT001143,O01185,POC
ACT001144,O00975,Call
ACT001145,O00227,Demo
ACT001146,O03212,Workshop
ACT001147,O01348,POC
ACT001148,O00502,Call
ACT001149,O00060,POC
ACT001150,O00060,Call
ACT001151,O03205,POC
ACT001152,O00053,Demo
ACT001153,O02107,Workshop
ACT001154,O02090,Demo
ACT001155,O00962,Workshop
ACT001156,O02505,Workshop
ACT001157,O02654,Workshop
ACT001158,O00626,Demo
ACT001159,O03034,Workshop
ACT001160,O01609,Email
ACT001161,O00073,Workshop
ACT001162,O00373,Workshop
ACT001163,O02985,Demo
ACT001164,O00734,Demo
ACT001165,O02791,Call
ACT001166,O00314,POC
ACT001167,O02334,Call
ACT001168,O02626,Call
ACT001169,O03100,Email
ACT001170,O00314,Demo
ACT001171,O02476,Demo
ACT001172,O00696,POC
ACT001173,O01363,Call
ACT001174,O00583,Email
ACT001175,O01359,Demo
ACT001176,O00021,POC
ACT001177,O02293,Call
ACT001178,O01349,Workshop
ACT001179,O01340,Demo
ACT001180,O00382,POC
ACT001181,O03258,POC
ACT001182,O03086,Email
ACT001183,O01981,Call
ACT001184,O03097,Workshop
ACT001185,O00681,Call
ACT001186,O02537,Call
ACT001187,O00348,Email
ACT001188,O00611,Email
ACT001189,O01018,Demo
ACT001190,O03097,POC
ACT001191,O01212,Demo
ACT001192,O00636,Email
ACT001193,O02768,Demo
ACT001194,O01289,Call
ACT001195,O00231,Workshop
ACT001196,O02954,Email
ACT001197,O00203,Workshop
ACT001198,O02192,Call
ACT001199,O02491,Demo
ACT001200,O01963,POC
ACT001201,O00486,Call
ACT001202,O00633,Demo
ACT001203,O02557,Demo
ACT001204,O02746,Demo
ACT001205,O00411,Call
ACT001206,O01404,POC
ACT001207,O02728,Call
ACT001208,O00473,POC
ACT001209,O03161,Demo
ACT001210,O03066,POC
ACT001211,O02621,Workshop
ACT001212,O03180,Email
ACT001213,O01510,POC
ACT001214,O00002,Workshop
ACT001215,O01775,POC
ACT001216,O02451,Email
ACT001217,O03228,Demo
ACT001218,O00256,Workshop
ACT001219,O00696,Call
ACT001220,O02219,Demo
ACT001221,O00598,Email
ACT001222,O02720,Email
ACT001223,O03242,Call
ACT001224,O02536,Email
ACT001225,O02087,Workshop
ACT001226,O01561,Email
ACT001227,O02075,Workshop
ACT001228,O03389,Demo
ACT001229,O00696,Call
ACT001230,O02021,POC
ACT001231,O00155,Call
ACT001232,O01646,POC
ACT001233,O01208,Call
ACT001234,O03384,Email
ACT001235,O01105,Call
ACT001236,O02972,Call
ACT001237,O00301,Demo
ACT001238,O01644,Call
ACT001239,O02768,Demo
ACT001240,O01046,Email
ACT001241,O01540,Call
ACT001242,O03414,POC
ACT001243,O01937,Demo
ACT001244,O02041,Email
ACT001245,O03390,Email
ACT001246,O03214,POC
ACT001247,O00807,POC
ACT001248,O02684,Demo
ACT001249,O00842,Demo
ACT001250,O02811,Workshop
ACT001251,O02724,Call
ACT001252,O01886,Workshop
ACT001253,O02748,Email
ACT001254,O00932,POC
ACT001255,O00563,Demo
ACT001256,O02791,Workshop
ACT001257,O00931,Workshop
ACT001258,O00190,Demo
ACT001259,O02406,POC
ACT001260,O02059,POC
ACT001261,O03208,Call
ACT001262,O01147,Demo
ACT001263,O01251,Workshop
ACT001264,O02056,POC
ACT001265,O01481,POC
ACT001266,O00629,Email
ACT001267,O02617,Demo
ACT001268,O02443,Workshop
ACT001269,O02251,Demo
ACT001270,O00734,Demo
ACT001271,O00797,Call
ACT001272,O01463,POC
ACT001273,O02151,POC
ACT001274,O02630,Email
ACT001275,O02833,Call
ACT001276,O02563,Workshop
ACT001277,O00856,Call
ACT001278,O00466,POC
ACT001279,O01246,POC
ACT001280,O01402,Email
ACT001281,O02422,POC
ACT001282,O01073,POC
ACT001283,O00136,Workshop
ACT001284,O01311,POC
ACT001285,O02409,Call
ACT001286,O00786,Call
ACT001287,O00890,Demo
ACT001288,O01068,Demo
ACT001289,O00787,Call
ACT001290,O01374,Workshop
ACT001291,O02329,Workshop
ACT001292,O02877,Call
ACT001293,O03372,Workshop
ACT001294,O00650,Demo
ACT001295,O03015,Email
ACT001296,O01504,Call
ACT001297,O02945,Demo
ACT001298,O00742,Workshop
ACT001299,O01861,Call
ACT001300,O01359,Email
ACT001301,O01080,Workshop
ACT001302,O03134,Call
ACT001303,O00676,Workshop
ACT001304,O01445,Call
ACT001305,O00096,POC
ACT001306,O02033,Email
ACT001307,O00271,Call
ACT001308,O01727,Call
ACT001309,O00348,POC
ACT001310,O02622,Workshop
ACT001311,O03358,Workshop
ACT001312,O02417,Workshop
ACT001313,O01553,Demo
ACT001314,O02474,Workshop
ACT001315,O02168,Workshop
ACT001316,O03174,POC
ACT001317,O01010,Demo
ACT001318,O00092,POC
ACT001319,O02446,Demo
ACT001320,O02310,Call
ACT001321,O02486,Demo
ACT001322,O02799,Demo
ACT001323,O01144,Email
ACT001324,O03144,Call
ACT001325,O03347,Call
ACT001326,O02262,POC
ACT001327,O00091,Demo
ACT001328,O01515,Email
ACT001329,O01285,Call
ACT001330,O01928,Email
ACT001331,O01528,Email
ACT001332,O02128,Workshop
ACT001333,O02098,Demo
ACT001334,O00514,Workshop
ACT001335,O02986,Demo
ACT001336,O01761,Workshop
ACT001337,O02495,Workshop
ACT001338,O03257,Call
ACT001339,O01916,Workshop
ACT001340,O02839,Workshop
ACT001341,O00461,Workshop
ACT001342,O02274,Workshop
ACT001343,O02096,Call
ACT001344,O02977,Demo
ACT001345,O01884,POC
ACT001346,O01861,Call
ACT001347,O03253,Workshop
ACT001348,O01701,Workshop
ACT001349,O03033,POC
ACT001350,O02112,Workshop
ACT001351,O02576,Call
ACT001352,O02778,POC
ACT001353,O03496,Email
ACT001354,O01231,Email
ACT001355,O00456,Call
ACT001356,O02926,Email
ACT001357,O02784,Demo
ACT001358,O03454,Demo
ACT001359,O02746,POC
ACT001360,O02576,Workshop
ACT001361,O02846,Workshop
ACT001362,O00139,Call
ACT001363,O00679,Email
ACT001364,O00375,POC
ACT001365,O03310,Workshop
ACT001366,O00940,Email
ACT001367,O00708,Call
ACT001368,O01012,Demo
ACT001369,O01963,Demo
ACT001370,O03308,POC
ACT001371,O02882,POC
ACT001372,O03064,Demo
ACT001373,O02799,Workshop
ACT001374,O01407,Call
ACT001375,O02770,Workshop
ACT001376,O03396,Workshop
ACT001377,O01782,Workshop
ACT001378,O00953,Workshop
ACT001379,O02624,Email
ACT001380,O00768,Call
ACT001381,O01365,Call
ACT001382,O03392,POC
ACT001383,O01621,Call
ACT001384,O02187,Demo
ACT001385,O02142,POC
ACT001386,O01657,Demo
ACT001387,O01755,Call
ACT001388,O02375,Demo
ACT001389,O02208,Call
ACT001390,O00066,Workshop
ACT001391,O03207,Demo
ACT001392,O01549,Email
ACT001393,O03466,Email
ACT001394,O00181,Demo
ACT001395,O00334,Email
ACT001396,O00621,POC
ACT001397,O02409,Email
ACT001398,O01384,Demo
ACT001399,O01319,Workshop
ACT001400,O02602,Email
ACT001401,O00050,Email
ACT001402,O00214,POC
ACT001403,O03064,Demo
ACT001404,O02201,Workshop
ACT001405,O03490,POC
ACT001406,O02581,Call
ACT001407,O00906,Email
ACT001408,O03006,Demo
ACT001409,O03364,Call
ACT001410,O03160,Workshop
ACT001411,O03409,Call
ACT001412,O01001,POC
ACT001413,O01013,Email
ACT001414,O00117,Call
ACT001415,O01238,Demo
ACT001416,O03104,POC
ACT001417,O01210,Call
ACT001418,O02775,POC
ACT001419,O00979,Call
ACT001420,O00130,Demo
ACT001421,O02722,Demo
ACT001422,O01782,POC
ACT001423,O01755,POC
ACT001424,O00179,Email
ACT001425,O00938,Workshop
ACT001426,O00886,Demo
ACT001427,O00538,Email
ACT001428,O00615,Call
ACT001429,O00095,POC
ACT001430,O00621,Workshop
ACT001431,O01994,Workshop
ACT001432,O02657,POC
ACT001433,O02457,Email
ACT001434,O02059,Call
ACT001435,O01315,Call
ACT001436,O02828,Workshop
ACT001437,O00447,POC
ACT001438,O00541,Email
ACT001439,O00835,Workshop
ACT001440,O01033,Call
ACT001441,O01551,Demo
ACT001442,O00940,Workshop
ACT001443,O01640,POC
ACT001444,O02201,Workshop
ACT001445,O02984,Workshop
ACT001446,O01358,Email
ACT001447,O03433,Workshop
ACT001448,O01554,Demo
ACT001449,O02135,Email
ACT001450,O00180,Workshop
ACT001451,O00004,Workshop
ACT001452,O01468,POC
ACT001453,O02121,Call
ACT001454,O00651,Email
ACT001455,O00015,Call
ACT001456,O01556,Workshop
ACT001457,O03418,Email
ACT001458,O00274,Email
ACT001459,O02593,Demo
ACT001460,O02818,Workshop
ACT001461,O00174,Workshop
ACT001462,O02741,Call
ACT001463,O00800,Call
ACT001464,O02263,Workshop
ACT001465,O01493,Demo
ACT001466,O02073,Call
ACT001467,O02120,Call
ACT001468,O02756,Email
ACT001469,O00232,Workshop
ACT001470,O00971,Call
ACT001471,O00550,Demo
ACT001472,O03236,POC
ACT001473,O02986,Demo
ACT001474,O00703,Call
ACT001475,O00556,Workshop
ACT001476,O01754,Workshop
ACT001477,O00397,Call
ACT001478,O02147,Workshop
ACT001479,O01783,POC
ACT001480,O00376,Call
ACT001481,O00195,Workshop
ACT001482,O03468,Email
ACT001483,O01179,Call
ACT001484,O02377,Email
ACT001485,O01457,Workshop
ACT001486,O02095,Email
ACT001487,O01602,Demo
ACT001488,O00171,Email
ACT001489,O02581,Call
ACT001490,O02456,Call
ACT001491,O02895,Workshop
ACT001492,O00299,Demo
ACT001493,O00282,POC
ACT001494,O02950,Email
ACT001495,O02222,Demo
ACT001496,O00783,Demo
ACT001497,O01279,POC
ACT001498,O01778,Demo
ACT001499,O00792,POC
ACT001500,O02125,Workshop
ACT001501,O00553,Workshop
ACT001502,O02233,POC
ACT001503,O01530,Workshop
ACT001504,O01963,POC
ACT001505,O02065,POC
ACT001506,O01859,Workshop
ACT001507,O01356,Demo
ACT001508,O01216,Call
ACT001509,O03176,Call
ACT001510,O03239,Demo
ACT001511,O00748,Call
ACT001512,O02184,Demo
ACT001513,O03433,Demo
ACT001514,O03019,Demo
ACT001515,O01895,Call
ACT001516,O03145,Demo
ACT001517,O03319,Call
ACT001518,O01453,Demo
ACT001519,O02747,Call
ACT001520,O00487,Call
ACT001521,O02124,Call
ACT001522,O02272,Demo
ACT001523,O00579,Email
ACT001524,O03347,Call
ACT001525,O02774,Call
ACT001526,O01088,Call
ACT001527,O00917,Workshop
ACT001528,O00348,Workshop
ACT001529,O01289,Demo
ACT001530,O02663,Call
ACT001531,O02580,POC
ACT001532,O00165,Call
ACT001533,O02225,Email
ACT001534,O00716,Workshop
ACT001535,O02302,Call
ACT001536,O00462,Workshop
ACT001537,O02210,Call
ACT001538,O02010,Email
ACT001539,O00392,Call
ACT001540,O02746,Workshop
ACT001541,O01281,POC
ACT001542,O03400,Email
ACT001543,O02487,Email
ACT001544,O03263,Email
ACT001545,O02408,Demo
ACT001546,O02101,Demo
ACT001547,O00262,Call
ACT001548,O03143,POC
ACT001549,O02123,Email
ACT001550,O03079,Email
ACT001551,O01537,Demo
ACT001552,O00409,Workshop
ACT001553,O00409,POC
ACT001554,O03283,Email
ACT001555,O03496,Demo
ACT001556,O01965,Workshop
ACT001557,O02063,Call
ACT001558,O01568,POC
ACT001559,O01933,Workshop
ACT001560,O01536,Demo
ACT001561,O02320,Email
ACT001562,O01875,POC
ACT001563,O00621,POC
ACT001564,O01721,Workshop
ACT001565,O01370,Demo
ACT001566,O00363,Demo
ACT001567,O02714,POC
ACT001568,O00307,Workshop
ACT001569,O00322,POC
ACT001570,O00735,Workshop
ACT001571,O00298,Workshop
ACT001572,O02362,Demo
ACT001573,O01463,POC
ACT001574,O00207,Workshop
ACT001575,O03118,Workshop
ACT001576,O02103,POC
ACT001577,O02119,Workshop
ACT001578,O01445,Workshop
ACT001579,O03049,Workshop
ACT001580,O00758,POC
ACT001581,O01450,Demo
ACT001582,O03287,Workshop
ACT001583,O02446,POC
ACT001584,O01943,Email
ACT001585,O02005,POC
ACT001586,O03034,Workshop
ACT001587,O02371,Email
ACT001588,O03291,POC
ACT001589,O01279,Demo
ACT001590,O01885,Workshop
ACT001591,O02247,Email
ACT001592,O03194,Workshop
ACT001593,O00892,Workshop
ACT001594,O01347,Demo
ACT001595,O00706,Call
ACT001596,O01858,Demo
ACT001597,O01256,Demo
ACT001598,O00892,POC
ACT001599,O01900,Demo
ACT001600,O00093,Demo
ACT001601,O02561,Email
ACT001602,O03477,Workshop
ACT001603,O01819,Email
ACT001604,O00589,Call
ACT001605,O01344,Call
ACT001606,O01425,POC
ACT001607,O02246,Demo
ACT001608,O02189,Call
ACT001609,O01032,Demo
ACT001610,O00558,POC
ACT001611,O03498,Demo
ACT001612,O03170,Email
ACT001613,O01449,Email
ACT001614,O00884,Demo
ACT001615,O03399,POC
ACT001616,O00253,Demo
ACT001617,O01473,POC
ACT001618,O00120,Demo
ACT001619,O02822,Demo
ACT001620,O02483,POC
ACT001621,O01492,Email
ACT001622,O02488,Email
ACT001623,O01946,Demo
ACT001624,O00527,POC
ACT001625,O02969,Call
ACT001626,O00975,Email
ACT001627,O02753,POC
ACT001628,O00812,Email
ACT001629,O01603,POC
ACT001630,O00281,POC
ACT001631,O00030,Email
ACT001632,O02598,Call
ACT001633,O01748,Call
ACT001634,O02888,Workshop
ACT001635,O03099,POC
ACT001636,O00874,Call
ACT001637,O02156,Workshop
ACT001638,O02185,Demo
ACT001639,O01419,Call
ACT001640,O02911,Email
ACT001641,O02306,Call
ACT001642,O00615,POC
ACT001643,O01484,Workshop
ACT001644,O00418,POC
ACT001645,O01863,Call
ACT001646,O00570,Email
ACT001647,O02145,Call
ACT001648,O01714,Workshop
ACT001649,O03151,Workshop
ACT001650,O00617,Workshop
ACT001651,O02402,Call
ACT001652,O02446,Demo
ACT001653,O00941,POC
ACT001654,O00452,POC
ACT001655,O00143,Demo
ACT001656,O00388,Workshop
ACT001657,O01991,Email
ACT001658,O00202,Demo
ACT001659,O02397,Workshop
ACT001660,O02279,Email
ACT001661,O01797,Call
ACT001662,O01026,Call
ACT001663,O00518,Call
ACT001664,O03305,Demo
ACT001665,O03405,Workshop
ACT001666,O02310,Email
ACT001667,O00575,Call
ACT001668,O00805,Call
ACT001669,O00691,Email
ACT001670,O00628,Demo
ACT001671,O01993,POC
ACT001672,O02107,Demo
ACT001673,O01890,POC
ACT001674,O01891,Email
ACT001675,O02515,Demo
ACT001676,O02037,POC
ACT001677,O02189,Workshop
ACT001678,O01070,Email
ACT001679,O02908,POC
ACT001680,O01819,Demo
ACT001681,O02286,Demo
ACT001682,O02540,POC
ACT001683,O01028,POC
ACT001684,O01434,Workshop
ACT001685,O00587,POC
ACT001686,O03431,POC
ACT001687,O00178,Demo
ACT001688,O01835,Call
ACT001689,O01840,POC
ACT001690,O00311,Email
ACT001691,O02239,Email
ACT001692,O03284,Email
ACT001693,O01618,Email
ACT001694,O02284,Workshop
ACT001695,O02467,Email
ACT001696,O01204,POC
ACT001697,O00948,Email
ACT001698,O02875,Email
ACT001699,O02541,POC
ACT001700,O01672,Call
ACT001701,O03308,Workshop
ACT001702,O02991,Call
ACT001703,O00789,POC
ACT001704,O01980,Demo
ACT001705,O00469,Demo
ACT001706,O02550,POC
ACT001707,O00644,Demo
ACT001708,O00671,POC
ACT001709,O02972,Email
ACT001710,O02794,Demo
ACT001711,O02268,POC
ACT001712,O02009,Demo
ACT001713,O01242,Email
ACT001714,O01519,POC
ACT001715,O02176,Workshop
ACT001716,O01084,POC
ACT001717,O03209,Demo
ACT001718,O03440,Email
ACT001719,O00761,Workshop
ACT001720,O00738,Email
ACT001721,O00666,Email
ACT001722,O00850,Call
ACT001723,O00565,Workshop
ACT001724,O01831,Call
ACT001725,O01659,POC
ACT001726,O02394,Call
ACT001727,O02476,Call
ACT001728,O01859,POC
ACT001729,O01896,Call
ACT001730,O03216,Workshop
ACT001731,O03020,Workshop
ACT001732,O02387,Workshop
ACT001733,O01313,Demo
ACT001734,O00134,Call
ACT001735,O02960,Call
ACT001736,O01066,POC
ACT001737,O03273,Demo
ACT001738,O00140,POC
ACT001739,O03085,Demo
ACT001740,O01084,Email
ACT001741,O01503,Email
ACT001742,O01638,Email
ACT001743,O03346,Email
ACT001744,O00406,Call
ACT001745,O02585,Workshop
ACT001746,O00730,Call
ACT001747,O00561,Call
ACT001748,O02917,Workshop
ACT001749,O02774,POC
ACT001750,O00041,Call
ACT001751,O01799,POC
ACT001752,O03408,POC
ACT001753,O01022,Email
ACT001754,O01058,Demo
ACT001755,O01720,POC
ACT001756,O00950,Call
ACT001757,O01315,POC
ACT001758,O01888,Demo
ACT001759,O01788,Email
ACT001760,O01201,Email
ACT001761,O01583,Email
ACT001762,O03317,Email
ACT001763,O00044,Call
ACT001764,O00263,Demo
ACT001765,O01758,Email
ACT001766,O01747,Workshop
ACT001767,O00895,Email
ACT001768,O02111,POC
ACT001769,O01755,Workshop
ACT001770,O02474,Demo
ACT001771,O02423,POC
ACT001772,O01468,Call
ACT001773,O00836,Workshop
ACT001774,O02503,Workshop
ACT001775,O02960,Email
ACT001776,O02100,Call
ACT001777,O02697,Demo
ACT001778,O02899,Email
ACT001779,O01441,Call
ACT001780,O01897,Demo
ACT001781,O00345,Call
ACT001782,O01930,POC
ACT001783,O01229,Demo
ACT001784,O02220,Call
ACT001785,O02355,Call
ACT001786,O01433,Workshop
ACT001787,O02287,POC
ACT001788,O02109,POC
ACT001789,O03435,Demo
ACT001790,O00981,Demo
ACT001791,O02641,POC
ACT001792,O03462,Workshop
ACT001793,O00856,Email
ACT001794,O02921,Demo
ACT001795,O01648,Email
ACT001796,O02845,POC
ACT001797,O02158,Demo
ACT001798,O02587,POC
ACT001799,O03276,Demo
ACT001800,O01394,Email
ACT001801,O02544,Demo
ACT001802,O01187,Workshop
ACT001803,O00758,POC
ACT001804,O02902,Call
ACT001805,O00380,POC
ACT001806,O00438,Call
ACT001807,O00216,Workshop
ACT001808,O01354,Demo
ACT001809,O00550,Email
ACT001810,O02273,Call
ACT001811,O03038,Workshop
ACT001812,O00535,Demo
ACT001813,O00159,Call
ACT001814,O03152,Call
ACT001815,O01376,Demo
ACT001816,O02547,POC
ACT001817,O01941,POC
ACT001818,O01763,Call
ACT001819,O00173,Demo
ACT001820,O02221,Email
ACT001821,O02393,Workshop
ACT001822,O01293,Demo
ACT001823,O03374,POC
ACT001824,O01903,Call
ACT001825,O02899,Demo
ACT001826,O02779,Demo
ACT001827,O03184,Demo
ACT001828,O02032,Email
ACT001829,O01088,Email
ACT001830,O01222,Workshop
ACT001831,O00137,Demo
ACT001832,O00471,Email
ACT001833,O01860,Workshop
ACT001834,O00174,Call
ACT001835,O00775,Demo
ACT001836,O01692,Demo
ACT001837,O00907,Call
ACT001838,O02006,Email
ACT001839,O00481,Call
ACT001840,O02146,POC
ACT001841,O02832,Workshop
ACT001842,O01672,Demo
ACT001843,O00362,Call
ACT001844,O01826,Demo
ACT001845,O02948,Call
ACT001846,O01444,Email
ACT001847,O02338,Demo
ACT001848,O01405,Workshop
ACT001849,O02876,Call
ACT001850,O02595,Email
ACT001851,O01162,Demo
ACT001852,O00485,Call
ACT001853,O02442,Email
ACT001854,O01973,Email
ACT001855,O02802,Demo
ACT001856,O01863,POC
ACT001857,O02178,Email
ACT001858,O01372,Workshop
ACT001859,O01921,Workshop
ACT001860,O01706,Workshop
ACT001861,O03499,Demo
ACT001862,O00724,Workshop
ACT001863,O00754,Workshop
ACT001864,O01282,Demo
ACT001865,O00585,Demo
ACT001866,O00566,Call
ACT001867,O00392,Workshop
ACT001868,O03099,Demo
ACT001869,O02927,Call
ACT001870,O02092,POC
ACT001871,O01996,Workshop
ACT001872,O01116,Email
ACT001873,O00837,Call
ACT001874,O00772,Demo
ACT001875,O02242,POC
ACT001876,O01934,POC
ACT001877,O00975,Call
ACT001878,O01099,Demo
ACT001879,O01544,Call
ACT001880,O00533,Demo
ACT001881,O02963,Workshop
ACT001882,O02792,Workshop
ACT001883,O00539,POC
ACT001884,O03466,POC
ACT001885,O02930,Workshop
ACT001886,O02662,Call
ACT001887,O00854,Demo
ACT001888,O01435,Workshop
ACT001889,O03362,POC
ACT001890,O03253,POC
ACT001891,O02937,Demo
ACT001892,O00124,Email
ACT001893,O02463,Demo
ACT001894,O00622,Email
ACT001895,O02693,POC
ACT001896,O02510,Demo
ACT001897,O01013,Demo
ACT001898,O02416,Demo
ACT001899,O01159,Workshop
ACT001900,O02819,POC
ACT001901,O01241,Demo
ACT001902,O00112,Workshop
ACT001903,O02595,Demo
ACT001904,O00952,Demo
ACT001905,O02720,Email
ACT001906,O01778,POC
ACT001907,O01314,Demo
ACT001908,O01629,Email
ACT001909,O01551,Demo
ACT001910,O01151,Demo
ACT001911,O01418,Demo
ACT001912,O02782,Email
ACT001913,O02802,Workshop
ACT001914,O02189,POC
ACT001915,O01381,Demo
ACT001916,O03080,Call
ACT001917,O02943,Call
ACT001918,O01027,Email
ACT001919,O01864,POC
ACT001920,O02956,Email
ACT001921,O03018,Workshop
ACT001922,O02611,Workshop
ACT001923,O01564,Workshop
ACT001924,O03369,Workshop
ACT001925,O00045,POC
ACT001926,O01018,Call
ACT001927,O03125,Workshop
ACT001928,O02540,Workshop
ACT001929,O01735,Workshop
ACT001930,O02766,Demo
ACT001931,O01929,Demo
ACT001932,O02769,Demo
ACT001933,O01893,Email
ACT001934,O01904,Call
ACT001935,O00008,Call
ACT001936,O02993,Email
ACT001937,O03313,POC
ACT001938,O00129,Email
ACT001939,O00909,Call
ACT001940,O00816,Email
ACT001941,O01198,POC
ACT001942,O03435,Demo
ACT001943,O02916,Demo
ACT001944,O01449,POC
ACT001945,O00973,Workshop
ACT001946,O01465,Email
ACT001947,O00725,Email
ACT001948,O01192,Email
ACT001949,O03189,Email
ACT001950,O00156,POC
ACT001951,O02747,Demo
ACT001952,O01237,Call
ACT001953,O00535,Call
ACT001954,O02903,Workshop
ACT001955,O03187,Email
ACT001956,O02148,Demo
ACT001957,O02214,Call
ACT001958,O00065,Call
ACT001959,O02719,POC
ACT001960,O00863,Call
ACT001961,O02216,POC
ACT001962,O01821,Call
ACT001963,O01259,Workshop
ACT001964,O00809,POC
ACT001965,O00940,Demo
ACT001966,O03000,Email
ACT001967,O00281,POC
ACT001968,O02455,POC
ACT001969,O02604,POC
ACT001970,O01517,Call
ACT001971,O00395,Workshop
ACT001972,O03286,Demo
ACT001973,O03302,Workshop
ACT001974,O03211,Demo
ACT001975,O01494,Workshop
ACT001976,O00579,Demo
ACT001977,O02497,Workshop
ACT001978,O01718,POC
ACT001979,O02130,Email
ACT001980,O02817,Call
ACT001981,O03143,Workshop
ACT001982,O01775,Call
ACT001983,O03208,POC
ACT001984,O01089,Email
ACT001985,O01470,Demo
ACT001986,O03171,POC
ACT001987,O03273,Demo
ACT001988,O02484,Workshop
ACT001989,O00729,Demo
ACT001990,O00005,Workshop
ACT001991,O03346,Demo
ACT001992,O01593,POC
ACT001993,O00749,Workshop
ACT001994,O02024,Email
ACT001995,O02842,Demo
ACT001996,O00627,Call
ACT001997,O01783,Workshop
ACT001998,O00537,POC
ACT001999,O03333,Demo
ACT002000,O02397,Demo
ACT002001,O03001,Demo
ACT002002,O01592,Call
ACT002003,O00113,Demo
ACT002004,O01406,Call
ACT002005,O01636,POC
ACT002006,O01124,Workshop
ACT002007,O00654,Workshop
ACT002008,O00040,Demo
ACT002009,O02525,POC
ACT002010,O02519,Workshop
ACT002011,O02616,POC
ACT002012,O00352,Demo
ACT002013,O01909,POC
ACT002014,O01362,Workshop
ACT002015,O00984,Workshop
ACT002016,O03141,Email
ACT002017,O02318,Email
ACT002018,O01684,Call
ACT002019,O02103,POC
ACT002020,O02852,Call
ACT002021,O01045,Workshop
ACT002022,O02241,Call
ACT002023,O00855,Workshop
ACT002024,O01652,POC
ACT002025,O01968,Email
ACT002026,O02364,Demo
ACT002027,O01410,Workshop
ACT002028,O02433,POC
ACT002029,O01690,Call
ACT002030,O01076,Workshop
ACT002031,O01044,Email
ACT002032,O00929,Workshop
ACT002033,O00747,POC
ACT002034,O02082,Demo
ACT002035,O00294,Workshop
ACT002036,O01471,POC
ACT002037,O01198,Email
ACT002038,O00822,Workshop
ACT002039,O00203,Workshop
ACT002040,O01686,Call
ACT002041,O02529,Demo
ACT002042,O00661,Workshop
ACT002043,O00454,Call
ACT002044,O01530,Call
ACT002045,O00246,Email
ACT002046,O00121,Demo
ACT002047,O00281,POC
ACT002048,O01381,Call
ACT002049,O00519,POC
ACT002050,O02079,Email
ACT002051,O02261,Call
ACT002052,O00802,Email
ACT002053,O02793,Workshop
ACT002054,O01879,POC
ACT002055,O02163,POC
ACT002056,O02297,Workshop
ACT002057,O01357,Workshop
ACT002058,O00475,POC
ACT002059,O01279,Workshop
ACT002060,O03236,Call
ACT002061,O00442,Demo
ACT002062,O02407,Demo
ACT002063,O01749,Workshop
ACT002064,O01305,Workshop
ACT002065,O02003,Call
ACT002066,O02028,Workshop
ACT002067,O02405,Workshop
ACT002068,O01581,Workshop
ACT002069,O00460,Email
ACT002070,O02938,Demo
ACT002071,O02089,Workshop
ACT002072,O03483,Workshop
ACT002073,O03134,Email
ACT002074,O01906,POC
ACT002075,O01185,Workshop
ACT002076,O00714,Call
ACT002077,O03395,Call
ACT002078,O00088,Call
ACT002079,O01046,Workshop
ACT002080,O00515,Workshop
ACT002081,O01604,Demo
ACT002082,O00995,Call
ACT002083,O00384,Demo
ACT002084,O00219,Workshop
ACT002085,O03012,Demo
ACT002086,O00129,POC
ACT002087,O03179,Call
ACT002088,O00420,Email
ACT002089,O01667,Workshop
ACT002090,O00783,Workshop
ACT002091,O03077,Demo
ACT002092,O03264,Call
ACT002093,O00166,Call
ACT002094,O02389,Workshop
ACT002095,O02606,Workshop
ACT002096,O02216,Call
ACT002097,O01047,Call
ACT002098,O01340,Call
ACT002099,O00022,Demo
ACT002100,O03200,Email
ACT002101,O00904,POC
ACT002102,O02738,Email
ACT002103,O00807,Workshop
ACT002104,O02856,Email
ACT002105,O02831,Email
ACT002106,O01779,Demo
ACT002107,O01177,Demo
ACT002108,O01862,POC
ACT002109,O02136,Call
ACT002110,O02535,Email
ACT002111,O00307,Workshop
ACT002112,O03219,POC
ACT002113,O01568,Email
ACT002114,O03339,Workshop
ACT002115,O02798,Demo
ACT002116,O00525,POC
ACT002117,O00042,Call
ACT002118,O01764,Call
ACT002119,O03269,Demo
ACT002120,O01381,Workshop
ACT002121,O01491,Workshop
ACT002122,O00857,Email
ACT002123,O01706,Email
ACT002124,O00285,Email
ACT002125,O03432,Demo
ACT002126,O02325,Call
ACT002127,O00236,Call
ACT002128,O03250,Call
ACT002129,O03149,Demo
ACT002130,O02426,POC
ACT002131,O02061,Call
ACT002132,O01567,Workshop
ACT002133,O02350,POC
ACT002134,O01658,POC
ACT002135,O02103,Workshop
ACT002136,O01871,Email
ACT002137,O02994,Call
ACT002138,O00523,Call
ACT002139,O02773,Demo
ACT002140,O01733,Email
ACT002141,O02823,Email
ACT002142,O02574,Workshop
ACT002143,O00813,Workshop
ACT002144,O00961,Email
ACT002145,O00676,Workshop
ACT002146,O02822,POC
ACT002147,O02595,POC
ACT002148,O02194,Call
ACT002149,O00198,Email
ACT002150,O02644,Email
ACT002151,O01904,Call
ACT002152,O03397,Demo
ACT002153,O00701,Email
ACT002154,O01728,Workshop
ACT002155,O03459,Workshop
ACT002156,O00092,Demo
ACT002157,O03036,Email
ACT002158,O01959,Workshop
ACT002159,O02093,Email
ACT002160,O02752,Demo
ACT002161,O00903,Demo
ACT002162,O02975,Call
ACT002163,O01113,Email
ACT002164,O00098,Workshop
ACT002165,O00065,Email
ACT002166,O01718,Email
ACT002167,O01620,Email
ACT002168,O01826,POC
ACT002169,O01027,Demo
ACT002170,O03116,POC
ACT002171,O00314,Workshop
ACT002172,O03157,POC
ACT002173,O02500,POC
ACT002174,O03000,Demo
ACT002175,O02209,Email
ACT002176,O00935,Workshop
ACT002177,O02560,Call
ACT002178,O01805,POC
ACT002179,O03037,Demo
ACT002180,O01641,Demo
ACT002181,O00848,Email
ACT002182,O02230,Email
ACT002183,O00501,Call
ACT002184,O00217,Call
ACT002185,O01459,Workshop
ACT002186,O01009,POC
ACT002187,O01772,Demo
ACT002188,O01228,Email
ACT002189,O01147,POC
ACT002190,O00484,Demo
ACT002191,O01263,Email
ACT002192,O02346,Email
ACT002193,O03252,POC
ACT002194,O01209,Demo
ACT002195,O01040,POC
ACT002196,O03083,Workshop
ACT002197,O00363,Email
ACT002198,O01075,Demo
ACT002199,O01322,Demo
ACT002200,O01555,Email
ACT002201,O00672,POC
ACT002202,O00227,POC
ACT002203,O01402,Workshop
ACT002204,O03343,POC
ACT002205,O01870,Email
ACT002206,O03399,Workshop
ACT002207,O02999,Email
ACT002208,O02977,Call
ACT002209,O01396,POC
ACT002210,O00213,POC
ACT002211,O00785,POC
ACT002212,O02322,Call
ACT002213,O00345,Email
ACT002214,O00864,Call
ACT002215,O02770,POC
ACT002216,O03298,Call
ACT002217,O00469,Demo
ACT002218,O01074,Demo
ACT002219,O01873,POC
ACT002220,O02033,Demo
ACT002221,O01055,Demo
ACT002222,O00494,Call
ACT002223,O01318,Workshop
ACT002224,O00029,Call
ACT002225,O00800,POC
ACT002226,O00338,Email
ACT002227,O01260,POC
ACT002228,O01534,Email
ACT002229,O02768,POC
ACT002230,O01970,Demo
ACT002231,O02271,Email
ACT002232,O03360,Email
ACT002233,O01099,Email
ACT002234,O02490,Call
ACT002235,O01842,Call
ACT002236,O01410,Email
ACT002237,O02043,POC
ACT002238,O00940,Call
ACT002239,O02648,Call
ACT002240,O03279,Call
ACT002241,O01171,Demo
ACT002242,O02626,Email
ACT002243,O01175,Call
ACT002244,O01632,Demo
ACT002245,O01761,Demo
ACT002246,O00891,Workshop
ACT002247,O00619,Call
ACT002248,O03224,Call
ACT002249,O00831,Demo
ACT002250,O00869,POC
ACT002251,O00033,Demo
ACT002252,O01057,Workshop
ACT002253,O03197,Workshop
ACT002254,O00258,POC
ACT002255,O02291,Demo
ACT002256,O02343,Call
ACT002257,O03411,Email
ACT002258,O02499,Call
ACT002259,O00092,Email
ACT002260,O00322,Demo
ACT002261,O00816,Call
ACT002262,O02069,Demo
ACT002263,O01411,POC
ACT002264,O02719,POC
ACT002265,O01535,Call
ACT002266,O03040,Demo
ACT002267,O01445,Email
ACT002268,O01656,Demo
ACT002269,O00110,POC
ACT002270,O01350,Call
ACT002271,O02962,POC
ACT002272,O00015,Workshop
ACT002273,O03068,POC
ACT002274,O01719,POC
ACT002275,O02416,Email
ACT002276,O01791,Demo
ACT002277,O01060,Call
ACT002278,O02098,Demo
ACT002279,O02141,Demo
ACT002280,O01672,Demo
ACT002281,O02317,Workshop
ACT002282,O00295,Demo
ACT002283,O00251,Email
ACT002284,O02590,Email
ACT002285,O02115,Call
ACT002286,O03482,POC
ACT002287,O00958,Call
ACT002288,O00017,Workshop
ACT002289,O02470,POC
ACT002290,O00774,Demo
ACT002291,O02749,Workshop
ACT002292,O00237,POC
ACT002293,O03048,Demo
ACT002294,O00446,Email
ACT002295,O00803,Call
ACT002296,O00945,Email
ACT002297,O02559,POC
ACT002298,O01893,Workshop
ACT002299,O00694,Email
ACT002300,O01994,Demo
ACT002301,O02255,Email
ACT002302,O02870,Workshop
ACT002303,O00439,POC
ACT002304,O02131,Demo
ACT002305,O00012,Workshop
ACT002306,O03365,Demo
ACT002307,O00883,Email
ACT002308,O00940,Demo
ACT002309,O00246,Demo
ACT002310,O01402,Workshop
ACT002311,O00345,Demo
ACT002312,O02286,Workshop
ACT002313,O00716,Email
ACT002314,O02260,Call
ACT002315,O02965,Demo
ACT002316,O02541,Workshop
ACT002317,O00197,POC
ACT002318,O02996,Workshop
ACT002319,O01919,Email
ACT002320,O01721,Demo
ACT002321,O00584,Call
ACT002322,O00246,Email
ACT002323,O00471,Workshop
ACT002324,O03171,Email
ACT002325,O02267,Workshop
ACT002326,O02176,Workshop
ACT002327,O03237,Call
ACT002328,O00007,Call
ACT002329,O01278,Call
ACT002330,O03147,Workshop
ACT002331,O02985,POC
ACT002332,O00973,Call
ACT002333,O02046,POC
ACT002334,O03131,Call
ACT002335,O02527,POC
ACT002336,O00072,Call
ACT002337,O00585,POC
ACT002338,O01732,Call
ACT002339,O01647,Email
ACT002340,O03366,POC
ACT002341,O00656,POC
ACT002342,O02675,Demo
ACT002343,O00741,POC
ACT002344,O03301,Demo
ACT002345,O00585,POC
ACT002346,O02032,POC
ACT002347,O00770,Email
ACT002348,O00659,Workshop
ACT002349,O01433,Workshop
ACT002350,O02687,Call
ACT002351,O01101,Email
ACT002352,O00063,Demo
ACT002353,O02601,Demo
ACT002354,O02130,POC
ACT002355,O02773,Email
ACT002356,O03123,Demo
ACT002357,O01897,Email
ACT002358,O00939,Email
ACT002359,O00824,Demo
ACT002360,O00789,Demo
ACT002361,O00957,Workshop
ACT002362,O00045,Call
ACT002363,O00497,Call
ACT002364,O00873,Call
ACT002365,O01770,POC
ACT002366,O02143,Workshop
ACT002367,O00893,Demo
ACT002368,O03343,POC
ACT002369,O02186,Email
ACT002370,O02095,Demo
ACT002371,O01492,Workshop
ACT002372,O02043,Call
ACT002373,O03366,POC
ACT002374,O02218,Call
ACT002375,O00669,POC
ACT002376,O01670,Email
ACT002377,O01733,Call
ACT002378,O03283,POC
ACT002379,O00481,POC
ACT002380,O00011,Email
ACT002381,O00645,POC
ACT002382,O01108,Email
ACT002383,O01972,Call
ACT002384,O00083,Call
ACT002385,O02420,Email
ACT002386,O01744,POC
ACT002387,O00005,Call
ACT002388,O01245,POC
ACT002389,O03281,Email
ACT002390,O03252,POC
ACT002391,O01529,Workshop
ACT002392,O02269,Call
ACT002393,O00967,Workshop
ACT002394,O03091,Demo
ACT002395,O02642,Demo
ACT002396,O01912,Workshop
ACT002397,O00270,Demo
ACT002398,O02631,POC
ACT002399,O01350,POC
ACT002400,O02753,Email
ACT002401,O03267,Call
ACT002402,O02590,POC
ACT002403,O01990,Workshop
ACT002404,O00123,Call
ACT002405,O00438,POC
ACT002406,O00400,Workshop
ACT002407,O00996,Workshop
ACT002408,O01784,Email
ACT002409,O01924,Demo
ACT002410,O03400,Email
ACT002411,O01015,Demo
ACT002412,O01784,Workshop
ACT002413,O03348,POC
ACT002414,O02732,Email
ACT002415,O00515,Workshop
ACT002416,O00165,Email
ACT002417,O01031,Call
ACT002418,O01595,Email
ACT002419,O01350,Workshop
ACT002420,O02298,Workshop
ACT002421,O00051,Call
ACT002422,O01199,Email
ACT002423,O01688,Call
ACT002424,O00836,Email
ACT002425,O01153,Call
ACT002426,O01694,Workshop
ACT002427,O00331,Call
ACT002428,O03404,Call
ACT002429,O00898,Demo
ACT002430,O00123,POC
ACT002431,O03219,Demo
ACT002432,O02538,Email
ACT002433,O01971,Demo
ACT002434,O02362,Call
ACT002435,O01963,POC
ACT002436,O03468,Demo
ACT002437,O01012,POC
ACT002438,O02116,Workshop
ACT002439,O00006,Demo
ACT002440,O02324,Call
ACT002441,O00212,Call
ACT002442,O03123,POC
ACT002443,O02832,Call
ACT002444,O00990,Email
ACT002445,O01798,Email
ACT002446,O00953,Email
ACT002447,O00442,Workshop
ACT002448,O00749,Email
ACT002449,O01583,Demo
ACT002450,O01356,Email
ACT002451,O03292,POC
ACT002452,O03336,Call
ACT002453,O01357,Demo
ACT002454,O01734,Call
ACT002455,O01093,Call
ACT002456,O01065,Workshop
ACT002457,O01781,POC
ACT002458,O01654,POC
ACT002459,O02250,Demo
ACT002460,O00851,POC
ACT002461,O02721,Demo
ACT002462,O02960,Workshop
ACT002463,O03241,Demo
ACT002464,O01279,Email
ACT002465,O03373,Demo
ACT002466,O00230,Call
ACT002467,O01740,Email
ACT002468,O02237,Email
ACT002469,O01614,Workshop
ACT002470,O02714,Demo
ACT002471,O01619,POC
ACT002472,O00124,POC
ACT002473,O02464,Call
ACT002474,O01283,Demo
ACT002475,O03368,Demo
ACT002476,O03014,Workshop
ACT002477,O00079,Email
ACT002478,O02253,Workshop
ACT002479,O00837,POC
ACT002480,O01512,POC
ACT002481,O00674,Email
ACT002482,O02199,POC
ACT002483,O01796,Workshop
ACT002484,O00097,POC
ACT002485,O01641,POC
ACT002486,O00103,POC
ACT002487,O02886,Email
ACT002488,O03254,POC
ACT002489,O02892,Demo
ACT002490,O00773,Call
ACT002491,O01127,Workshop
ACT002492,O01016,Demo
ACT002493,O00146,Call
ACT002494,O02746,Call
ACT002495,O02578,Demo
ACT002496,O02816,POC
ACT002497,O02840,Workshop
ACT002498,O00683,Call
ACT002499,O02176,Workshop
ACT002500,O03460,POC
ACT002501,O03347,Email
ACT002502,O00688,Call
ACT002503,O00652,Workshop
ACT002504,O03111,Email
ACT002505,O03216,Demo
ACT002506,O01435,Demo
ACT002507,O01562,Email
ACT002508,O00697,Call
ACT002509,O01354,Workshop
ACT002510,O01668,POC
ACT002511,O02567,Email
ACT002512,O03372,Email
ACT002513,O01157,Call
ACT002514,O00404,Workshop
ACT002515,O03114,Call
ACT002516,O02131,Call
ACT002517,O01909,Email
ACT002518,O01300,Call
ACT002519,O01920,Workshop
ACT002520,O02489,POC
ACT002521,O00355,Call
ACT002522,O02416,Demo
ACT002523,O02434,Workshop
ACT002524,O02211,Call
ACT002525,O01764,Call
ACT002526,O02671,Email
ACT002527,O01590,Demo
ACT002528,O00025,Workshop
ACT002529,O03312,Demo
ACT002530,O01243,Demo
ACT002531,O01599,Call
ACT002532,O00989,Call
ACT002533,O01895,Email
ACT002534,O02775,Demo
ACT002535,O00001,POC
ACT002536,O03451,Email
ACT002537,O01449,Call
ACT002538,O00951,Workshop
ACT002539,O00863,POC
ACT002540,O01517,Call
ACT002541,O02319,Email
ACT002542,O03088,Demo
ACT002543,O00679,Call
ACT002544,O00387,POC
ACT002545,O00890,Email
ACT002546,O01614,Workshop
ACT002547,O01989,Email
ACT002548,O01368,POC
ACT002549,O01665,Demo
ACT002550,O00706,Demo
ACT002551,O01117,Demo
ACT002552,O02469,Email
ACT002553,O00584,Email
ACT002554,O01936,Email
ACT002555,O00301,POC
ACT002556,O00410,POC
ACT002557,O02755,POC
ACT002558,O02284,Call
ACT002559,O03142,Demo
ACT002560,O02380,Demo
ACT002561,O02753,Email
ACT002562,O00084,Call
ACT002563,O02817,Email
ACT002564,O00837,Demo
ACT002565,O01888,Demo
ACT002566,O01699,Call
ACT002567,O00615,Demo
ACT002568,O03479,Call
ACT002569,O01512,Demo
ACT002570,O03495,POC
ACT002571,O00364,Email
ACT002572,O02959,POC
ACT002573,O00053,Call
ACT002574,O01301,Call
ACT002575,O01696,Email
ACT002576,O00191,Email
ACT002577,O02206,Workshop
ACT002578,O01557,Email
ACT002579,O01659,POC
ACT002580,O02621,Email
ACT002581,O00491,Email
ACT002582,O00053,POC
ACT002583,O03301,Call
ACT002584,O00391,Call
ACT002585,O03236,POC
ACT002586,O02519,Call
ACT002587,O01446,Email
ACT002588,O02926,Call
ACT002589,O00014,Workshop
ACT002590,O02494,Call
ACT002591,O03495,Demo
ACT002592,O00802,POC
ACT002593,O01371,Call
ACT002594,O00336,Email
ACT002595,O02541,Demo
ACT002596,O00387,POC
ACT002597,O00915,Demo
ACT002598,O02839,POC
ACT002599,O02997,POC
ACT002600,O01499,Demo
ACT002601,O01719,POC
ACT002602,O02707,Email
ACT002603,O03175,Call
ACT002604,O02434,Call
ACT002605,O03052,Demo
ACT002606,O02121,POC
ACT002607,O01029,POC
ACT002608,O00610,POC
ACT002609,O01529,Call
ACT002610,O03427,Workshop
ACT002611,O00859,Demo
ACT002612,O02482,Workshop
ACT002613,O02351,Demo
ACT002614,O01754,Demo
ACT002615,O01029,Call
ACT002616,O01734,Email
ACT002617,O00186,Email
ACT002618,O01005,Call
ACT002619,O02739,Workshop
ACT002620,O00071,Email
ACT002621,O01590,Email
ACT002622,O01909,Call
ACT002623,O01242,Call
ACT002624,O01485,Call
ACT002625,O02351,Workshop
ACT002626,O02716,Demo
ACT002627,O02750,POC
ACT002628,O01808,Demo
ACT002629,O00068,Workshop
ACT002630,O01451,Workshop
ACT002631,O01104,POC
ACT002632,O00920,Demo
ACT002633,O01608,Email
ACT002634,O02686,Email
ACT002635,O03341,Call
ACT002636,O03330,Workshop
ACT002637,O02526,Workshop
ACT002638,O01017,Email
ACT002639,O00105,Call
ACT002640,O03145,POC
ACT002641,O01244,Email
ACT002642,O02332,POC
ACT002643,O02392,Call
ACT002644,O00123,Email
ACT002645,O03419,POC
ACT002646,O03328,Demo
ACT002647,O00480,Demo
ACT002648,O01504,Email
ACT002649,O00068,Workshop
ACT002650,O02158,Call
ACT002651,O02946,Email
ACT002652,O00013,Email
ACT002653,O03205,POC
ACT002654,O02314,Demo
ACT002655,O01329,Workshop
ACT002656,O01250,POC
ACT002657,O02192,Email
ACT002658,O01320,POC
ACT002659,O02778,Email
ACT002660,O01996,Email
ACT002661,O03320,Workshop
ACT002662,O01273,POC
ACT002663,O01228,Email
ACT002664,O01434,Call
ACT002665,O02107,Call
ACT002666,O01501,Demo
ACT002667,O00672,Call
ACT002668,O00909,Email
ACT002669,O00103,Email
ACT002670,O01716,POC
ACT002671,O00049,Call
ACT002672,O03358,Workshop
ACT002673,O00436,Demo
ACT002674,O01007,Call
ACT002675,O02228,Email
ACT002676,O03219,Email
ACT002677,O01918,Email
ACT002678,O03489,Email
ACT002679,O01170,Workshop
ACT002680,O03221,Email
ACT002681,O00225,POC
ACT002682,O02218,Demo
ACT002683,O01808,Demo
ACT002684,O02390,POC
ACT002685,O02245,Call
ACT002686,O01750,Demo
ACT002687,O02441,Email
ACT002688,O01275,Demo
ACT002689,O01427,Email
ACT002690,O03218,Demo
ACT002691,O00553,Email
ACT002692,O00889,Call
ACT002693,O02124,Call
ACT002694,O01216,Call
ACT002695,O02599,POC
ACT002696,O01531,Call
ACT002697,O00306,Email
ACT002698,O02779,Email
ACT002699,O03071,POC
ACT002700,O00547,Email
ACT002701,O00347,POC
ACT002702,O02741,Demo
ACT002703,O02503,POC
ACT002704,O02984,Demo
ACT002705,O01691,POC
ACT002706,O02911,POC
ACT002707,O01701,Demo
ACT002708,O00804,POC
ACT002709,O00245,Call
ACT002710,O01847,Call
ACT002711,O02330,Call
ACT002712,O01436,Call
ACT002713,O01863,Workshop
ACT002714,O03253,POC
ACT002715,O00665,Demo
ACT002716,O01553,Demo
ACT002717,O02612,Email
ACT002718,O02198,Email
ACT002719,O02300,Workshop
ACT002720,O01307,Demo
ACT002721,O03244,POC
ACT002722,O01740,POC
ACT002723,O00195,Call
ACT002724,O02527,Demo
ACT002725,O00467,POC
ACT002726,O01970,Call
ACT002727,O00482,Demo
ACT002728,O01012,POC
ACT002729,O00727,Email
ACT002730,O02250,Workshop
ACT002731,O02739,Call
ACT002732,O02875,POC
ACT002733,O01103,Call
ACT002734,O00667,Call
ACT002735,O01305,Email
ACT002736,O00063,Workshop
ACT002737,O00807,Workshop
ACT002738,O02425,Email
ACT002739,O00235,Call
ACT002740,O00460,Call
ACT002741,O00255,Call
ACT002742,O01858,Call
ACT002743,O01518,Email
ACT002744,O01381,POC
ACT002745,O00666,Call
ACT002746,O02359,Demo
ACT002747,O00195,Email
ACT002748,O00344,Workshop
ACT002749,O00720,Demo
ACT002750,O01675,Call
ACT002751,O02364,Email
ACT002752,O03093,Demo
ACT002753,O00631,Workshop
ACT002754,O02005,Workshop
ACT002755,O00160,Workshop
ACT002756,O02198,POC
ACT002757,O00693,Workshop
ACT002758,O01088,Demo
ACT002759,O01014,Email
ACT002760,O02053,Call
ACT002761,O01241,Call
ACT002762,O03482,Demo
ACT002763,O02539,POC
ACT002764,O03500,POC
ACT002765,O02175,Workshop
ACT002766,O00869,Call
ACT002767,O02641,POC
ACT002768,O00171,Workshop
ACT002769,O01709,Call
ACT002770,O02655,Workshop
ACT002771,O01072,POC
ACT002772,O00183,Demo
ACT002773,O02721,Workshop
ACT002774,O00949,Workshop
ACT002775,O00352,Email
ACT002776,O02233,Email
ACT002777,O01677,POC
ACT002778,O00142,Email
ACT002779,O02957,Workshop
ACT002780,O02768,Workshop
ACT002781,O02535,Email
ACT002782,O01031,Call
ACT002783,O01274,Email
ACT002784,O02688,POC
ACT002785,O00352,Email
ACT002786,O01212,POC
ACT002787,O01406,Workshop
ACT002788,O01699,Call
ACT002789,O01317,Email
ACT002790,O03147,Call
ACT002791,O03315,Workshop
ACT002792,O01153,Demo
ACT002793,O01428,Demo
ACT002794,O03091,Call
ACT002795,O02279,Call
ACT002796,O02770,Call
ACT002797,O02715,POC
ACT002798,O02685,Demo
ACT002799,O01238,Demo
ACT002800,O02779,Demo
ACT002801,O00694,Demo
ACT002802,O02634,Call
ACT002803,O03306,Email
ACT002804,O01315,Email
ACT002805,O02612,POC
ACT002806,O03492,Email
ACT002807,O00023,Workshop
ACT002808,O02285,POC
ACT002809,O02710,Call
ACT002810,O03192,Workshop
ACT002811,O00103,Demo
ACT002812,O00461,Workshop
ACT002813,O02765,Email
ACT002814,O01920,Demo
ACT002815,O01760,Call
ACT002816,O00499,Email
ACT002817,O01332,Workshop
ACT002818,O02654,Demo
ACT002819,O01287,POC
ACT002820,O01615,Workshop
ACT002821,O00828,POC
ACT002822,O00924,Email
ACT002823,O00622,Email
ACT002824,O01912,Call
ACT002825,O03435,Workshop
ACT002826,O01256,Demo
ACT002827,O00903,Demo
ACT002828,O01903,Workshop
ACT002829,O01079,Email
ACT002830,O02026,Email
ACT002831,O03244,POC
ACT002832,O03461,Workshop
ACT002833,O03498,Workshop
ACT002834,O01043,Demo
ACT002835,O01592,Call
ACT002836,O00078,Demo
ACT002837,O00348,Demo
ACT002838,O00840,Call
ACT002839,O01988,Call
ACT002840,O01788,Email
ACT002841,O01356,Workshop
ACT002842,O03068,POC
ACT002843,O02028,Demo
ACT002844,O01382,POC
ACT002845,O01481,Workshop
ACT002846,O02551,Email
ACT002847,O02467,Demo
ACT002848,O00755,POC
ACT002849,O03136,POC
ACT002850,O00737,Call
ACT002851,O02472,Call
ACT002852,O02908,Call
ACT002853,O02221,Email
ACT002854,O01387,Email
ACT002855,O02377,Demo
ACT002856,O01098,Workshop
ACT002857,O01458,POC
ACT002858,O01743,Workshop
ACT002859,O03482,POC
ACT002860,O03320,Call
ACT002861,O00579,Email
ACT002862,O01262,Email
ACT002863,O02194,Call
ACT002864,O02791,Email
ACT002865,O02783,Call
ACT002866,O00710,Demo
ACT002867,O00958,POC
ACT002868,O02248,Email
ACT002869,O02296,Call
ACT002870,O02724,Workshop
ACT002871,O01348,POC
ACT002872,O03071,POC
ACT002873,O01893,POC
ACT002874,O02309,Demo
ACT002875,O03500,Workshop
ACT002876,O00504,Demo
ACT002877,O02182,Email
ACT002878,O01401,Call
ACT002879,O02359,Call
ACT002880,O02256,Demo
ACT002881,O03173,Workshop
ACT002882,O00168,POC
ACT002883,O00027,Workshop
ACT002884,O03366,POC
ACT002885,O01712,Demo
ACT002886,O03345,POC
ACT002887,O03219,Workshop
ACT002888,O02539,Demo
ACT002889,O00793,Workshop
ACT002890,O02522,Call
ACT002891,O02140,Demo
ACT002892,O03477,Demo
ACT002893,O01912,Call
ACT002894,O01268,Demo
ACT002895,O01097,POC
ACT002896,O00848,Demo
ACT002897,O01222,Call
ACT002898,O03145,Demo
ACT002899,O02022,Email
ACT002900,O02572,Call
ACT002901,O00563,Demo
ACT002902,O02455,POC
ACT002903,O03308,Workshop
ACT002904,O01825,Demo
ACT002905,O02370,Email
ACT002906,O00688,Demo
ACT002907,O00603,Call
ACT002908,O02677,Call
ACT002909,O01224,Demo
ACT002910,O01110,Workshop
ACT002911,O03241,POC
ACT002912,O01307,Demo
ACT002913,O03354,Workshop
ACT002914,O01761,Call
ACT002915,O03338,Workshop
ACT002916,O02298,POC
ACT002917,O01372,Demo
ACT002918,O02198,Workshop
ACT002919,O01145,Call
ACT002920,O01317,Workshop
ACT002921,O01381,Email
ACT002922,O02978,Email
ACT002923,O01799,POC
ACT002924,O03218,Demo
ACT002925,O00369,POC
ACT002926,O01841,POC
ACT002927,O02010,POC
ACT002928,O03349,POC
ACT002929,O00106,Call
ACT002930,O02860,Workshop
ACT002931,O03497,Email
ACT002932,O01646,POC
ACT002933,O03331,Workshop
ACT002934,O01758,Workshop
ACT002935,O03483,Demo
ACT002936,O03040,Call
ACT002937,O00692,Workshop
ACT002938,O00639,POC
ACT002939,O01417,Email
ACT002940,O01739,Email
ACT002941,O00122,Call
ACT002942,O03498,Workshop
ACT002943,O02430,Email
ACT002944,O02748,Workshop
ACT002945,O01735,Workshop
ACT002946,O01188,POC
ACT002947,O02726,Call
ACT002948,O00779,Demo
ACT002949,O01107,Workshop
ACT002950,O00872,Email
ACT002951,O00016,Workshop
ACT002952,O02097,Call
ACT002953,O00611,POC
ACT002954,O01634,Demo
ACT002955,O03493,Call
ACT002956,O03071,Email
ACT002957,O01771,Demo
ACT002958,O00949,POC
ACT002959,O00726,POC
ACT002960,O00032,POC
ACT002961,O00957,POC
ACT002962,O00488,Call
ACT002963,O02433,POC
ACT002964,O00068,Email
ACT002965,O03480,Demo
ACT002966,O01163,Demo
ACT002967,O01624,POC
ACT002968,O02962,Email
ACT002969,O03162,POC
ACT002970,O02235,Call
ACT002971,O02543,POC
ACT002972,O02291,Call
ACT002973,O01001,POC
ACT002974,O00112,Call
ACT002975,O02187,Call
ACT002976,O02217,Demo
ACT002977,O01133,POC
ACT002978,O02579,POC
ACT002979,O01298,Call
ACT002980,O02219,Email
ACT002981,O00988,Call
ACT002982,O00805,Workshop
ACT002983,O00061,Demo
ACT002984,O00827,Call
ACT002985,O00221,POC
ACT002986,O02305,POC
ACT002987,O00988,POC
ACT002988,O01150,Workshop
ACT002989,O00484,POC
ACT002990,O02464,Demo
ACT002991,O03463,Email
ACT002992,O00614,Demo
ACT002993,O01983,Call
ACT002994,O02584,Demo
ACT002995,O02276,Call
ACT002996,O01881,Demo
ACT002997,O02004,Call
ACT002998,O00456,Demo
ACT002999,O00090,POC
ACT003000,O00758,Demo
ACT003001,O02323,POC
ACT003002,O00098,POC
ACT003003,O03428,Demo
ACT003004,O00758,POC
ACT003005,O00461,Email
ACT003006,O01812,POC
ACT003007,O01144,POC
ACT003008,O00873,Demo
ACT003009,O03096,Workshop
ACT003010,O01611,Workshop
ACT003011,O03311,Call
ACT003012,O01069,Workshop
ACT003013,O02183,Demo
ACT003014,O01171,Demo
ACT003015,O00433,Workshop
ACT003016,O01921,POC
ACT003017,O03019,Demo
ACT003018,O00066,Call
ACT003019,O03424,Email
ACT003020,O03398,Workshop
ACT003021,O02858,Demo
ACT003022,O00936,Email
ACT003023,O02571,POC
ACT003024,O01552,Call
ACT003025,O03076,Email
ACT003026,O02456,Call
ACT003027,O01405,Call
ACT003028,O01593,Email
ACT003029,O00789,Call
ACT003030,O00151,POC
ACT003031,O02555,Demo
ACT003032,O03479,Workshop
ACT003033,O00645,POC
ACT003034,O01877,Demo
ACT003035,O01650,Email
ACT003036,O01741,Email
ACT003037,O01872,Workshop
ACT003038,O00310,POC
ACT003039,O00295,POC
ACT003040,O00647,Email
ACT003041,O01540,Workshop
ACT003042,O00302,Email
ACT003043,O00930,POC
ACT003044,O02393,Email
ACT003045,O02401,Call
ACT003046,O00358,POC
ACT003047,O02267,POC
ACT003048,O02006,Demo
ACT003049,O03241,Demo
ACT003050,O00250,Demo
ACT003051,O00311,Call
ACT003052,O00852,Email
ACT003053,O00716,Workshop
ACT003054,O02691,Workshop
ACT003055,O01905,Call
ACT003056,O03449,POC
ACT003057,O00741,Email
ACT003058,O03070,Demo
ACT003059,O00235,Email
ACT003060,O00131,Email
ACT003061,O02236,POC
ACT003062,O01028,POC
ACT003063,O02043,Email
ACT003064,O02340,POC
ACT003065,O02903,Email
ACT003066,O02272,Call
ACT003067,O01459,Workshop
ACT003068,O03230,Demo
ACT003069,O01090,POC
ACT003070,O00268,Email
ACT003071,O00101,POC
ACT003072,O01842,Workshop
ACT003073,O01764,Demo
ACT003074,O02623,Call
ACT003075,O00545,Email
ACT003076,O03412,Demo
ACT003077,O00096,Workshop
ACT003078,O01164,Email
ACT003079,O03268,Call
ACT003080,O00165,Email
ACT003081,O00621,Workshop
ACT003082,O02124,Demo
ACT003083,O01552,Email
ACT003084,O02694,Call
ACT003085,O01480,Email
ACT003086,O01494,Demo
ACT003087,O01912,Call
ACT003088,O02659,POC
ACT003089,O01824,Email
ACT003090,O00459,Demo
ACT003091,O00345,Call
ACT003092,O02743,Call
ACT003093,O03442,Call
ACT003094,O02959,Call
ACT003095,O01658,Email
ACT003096,O01883,Call
ACT003097,O02594,Call
ACT003098,O01723,Email
ACT003099,O00144,POC
ACT003100,O00478,Demo
ACT003101,O01135,POC
ACT003102,O02330,Email
ACT003103,O01021,Workshop
ACT003104,O01719,Demo
ACT003105,O00027,POC
ACT003106,O01462,Demo
ACT003107,O00975,Demo
ACT003108,O03338,Workshop
ACT003109,O02761,Call
ACT003110,O03309,Call
ACT003111,O01749,POC
ACT003112,O02464,Workshop
ACT003113,O02306,Call
ACT003114,O00044,Demo
ACT003115,O02427,Workshop
ACT003116,O03035,Call
ACT003117,O02743,Call
ACT003118,O00645,Email
ACT003119,O00233,Workshop
ACT003120,O00897,Workshop
ACT003121,O01834,Workshop
ACT003122,O00300,Demo
ACT003123,O00505,Email
ACT003124,O03066,Call
ACT003125,O00325,Demo
ACT003126,O02170,Email
ACT003127,O00206,Call
ACT003128,O02661,Demo
ACT003129,O02165,Email
ACT003130,O02055,Workshop
ACT003131,O00912,Demo
ACT003132,O01321,POC
ACT003133,O01093,Demo
ACT003134,O02947,POC
ACT003135,O00514,Workshop
ACT003136,O01078,POC
ACT003137,O01377,Email
ACT003138,O03279,Demo
ACT003139,O01953,Email
ACT003140,O02687,POC
ACT003141,O02504,POC
ACT003142,O01926,Email
ACT003143,O01636,Call
ACT003144,O02337,Email
ACT003145,O03424,POC
ACT003146,O00034,Demo
ACT003147,O01434,Demo
ACT003148,O02193,Email
ACT003149,O02523,Call
ACT003150,O01304,Demo
ACT003151,O02216,Email
ACT003152,O00539,Workshop
ACT003153,O02853,Call
ACT003154,O01290,POC
ACT003155,O01390,Workshop
ACT003156,O00364,POC
ACT003157,O03489,Demo
ACT003158,O02053,Email
ACT003159,O01833,POC
ACT003160,O02916,Call
ACT003161,O02142,Demo
ACT003162,O02579,Demo
ACT003163,O01205,Workshop
ACT003164,O01295,Demo
ACT003165,O02148,Email
ACT003166,O00900,POC
ACT003167,O01460,Email
ACT003168,O00609,Workshop
ACT003169,O02341,Call
ACT003170,O03444,Email
ACT003171,O00818,POC
ACT003172,O01236,Call
ACT003173,O02983,POC
ACT003174,O03307,Call
ACT003175,O01927,Workshop
ACT003176,O03260,Demo
ACT003177,O03129,Email
ACT003178,O01942,Workshop
ACT003179,O01215,Workshop
ACT003180,O02809,Call
ACT003181,O02687,Demo
ACT003182,O01170,Demo
ACT003183,O00781,POC
ACT003184,O03434,Demo
ACT003185,O00711,Demo
ACT003186,O02635,Email
ACT003187,O00309,Call
ACT003188,O00781,Email
ACT003189,O01067,Email
ACT003190,O00283,Email
ACT003191,O02705,Email
ACT003192,O00335,Demo
ACT003193,O02228,POC
ACT003194,O02349,Demo
ACT003195,O03010,Email
ACT003196,O02173,Workshop
ACT003197,O00592,Email
ACT003198,O02960,Workshop
ACT003199,O00478,Call
ACT003200,O02629,Call
ACT003201,O02416,POC
ACT003202,O00971,Email
ACT003203,O02705,Demo
ACT003204,O01289,Call
ACT003205,O00996,Call
ACT003206,O01874,Workshop
ACT003207,O00747,Demo
ACT003208,O02687,Call
ACT003209,O02463,Workshop
ACT003210,O02871,Email
ACT003211,O02874,Workshop
ACT003212,O02429,Demo
ACT003213,O01690,Call
ACT003214,O00539,Demo
ACT003215,O02052,Call
ACT003216,O00942,POC
ACT003217,O02524,Email
ACT003218,O00487,POC
ACT003219,O03262,POC
ACT003220,O00934,Email
ACT003221,O01297,Call
ACT003222,O01676,POC
ACT003223,O01439,Demo
ACT003224,O00057,Demo
ACT003225,O00520,Demo
ACT003226,O00918,POC
ACT003227,O00258,Demo
ACT003228,O02908,POC
ACT003229,O01790,Email
ACT003230,O02680,Email
ACT003231,O00986,POC
ACT003232,O00612,Email
ACT003233,O00341,Demo
ACT003234,O01282,Email
ACT003235,O01111,Demo
ACT003236,O01639,Email
ACT003237,O00862,Email
ACT003238,O00218,Email
ACT003239,O02935,POC
ACT003240,O01989,Call
ACT003241,O01754,POC
ACT003242,O01535,Email
ACT003243,O00686,POC
ACT003244,O01626,POC
ACT003245,O02712,Call
ACT003246,O03171,Email
ACT003247,O01898,Demo
ACT003248,O02860,Call
ACT003249,O00152,Demo
ACT003250,O01433,Demo
ACT003251,O00695,Demo
ACT003252,O02998,Workshop
ACT003253,O02642,Call
ACT003254,O00421,Email
ACT003255,O02037,Demo
ACT003256,O00955,Demo
ACT003257,O01761,POC
ACT003258,O00440,Demo
ACT003259,O02352,POC
ACT003260,O02558,Demo
ACT003261,O02226,Workshop
ACT003262,O02731,Email
ACT003263,O00576,Email
ACT003264,O02296,Call
ACT003265,O00200,Demo
ACT003266,O01887,POC
ACT003267,O00639,Demo
ACT003268,O02860,Demo
ACT003269,O01317,Demo
ACT003270,O00324,Call
ACT003271,O02141,Workshop
ACT003272,O02044,POC
ACT003273,O01059,Workshop
ACT003274,O00904,Email
ACT003275,O02842,POC
ACT003276,O03143,Email
ACT003277,O01133,Workshop
ACT003278,O01725,Demo
ACT003279,O00824,Workshop
ACT003280,O01780,Demo
ACT003281,O01017,Call
ACT003282,O02881,POC
ACT003283,O01559,POC
ACT003284,O01374,POC
ACT003285,O02079,Workshop
ACT003286,O01265,Email
ACT003287,O01118,Call
ACT003288,O02582,Call
ACT003289,O01543,Demo
ACT003290,O00357,Email
ACT003291,O02557,Call
ACT003292,O03240,Demo
ACT003293,O01331,POC
ACT003294,O02889,Call
ACT003295,O03452,POC
ACT003296,O01449,Email
ACT003297,O01092,Demo
ACT003298,O01086,Email
ACT003299,O02783,POC
ACT003300,O02518,Call
ACT003301,O00138,Workshop
ACT003302,O02581,POC
ACT003303,O00125,Email
ACT003304,O01094,Demo
ACT003305,O03455,Call
ACT003306,O02738,Demo
ACT003307,O00614,Demo
ACT003308,O02133,Demo
ACT003309,O01655,POC
ACT003310,O01056,Call
ACT003311,O01088,POC
ACT003312,O00388,Workshop
ACT003313,O00318,Workshop
ACT003314,O02552,Workshop
ACT003315,O01373,Demo
ACT003316,O01473,Workshop
ACT003317,O02064,Demo
ACT003318,O00189,Workshop
ACT003319,O03349,Call
ACT003320,O00758,Email
ACT003321,O02563,Email
ACT003322,O00326,Call
ACT003323,O01821,Call
ACT003324,O02427,Demo
ACT003325,O01320,Email
ACT003326,O02469,Demo
ACT003327,O02964,POC
ACT003328,O01427,Email
ACT003329,O01673,Workshop
ACT003330,O01445,Workshop
ACT003331,O03274,Call
ACT003332,O01618,Email
ACT003333,O01090,Call
ACT003334,O01703,Call
ACT003335,O02566,Workshop
ACT003336,O03039,Call
ACT003337,O01917,POC
ACT003338,O00126,Email
ACT003339,O00441,POC
ACT003340,O03367,Email
ACT003341,O00059,POC
ACT003342,O01166,Call
ACT003343,O01447,Call
ACT003344,O00816,POC
ACT003345,O00303,Call
ACT003346,O03486,Call
ACT003347,O03203,Call
ACT003348,O00047,POC
ACT003349,O00790,Call
ACT003350,O01547,Email
ACT003351,O02802,POC
ACT003352,O00672,Email
ACT003353,O02543,POC
ACT003354,O00326,Call
ACT003355,O01048,Email
ACT003356,O01259,Call
ACT003357,O01864,Call
ACT003358,O00897,Call
ACT003359,O03037,Email
ACT003360,O02012,Call
ACT003361,O00466,POC
ACT003362,O03484,Workshop
ACT003363,O01406,Demo
ACT003364,O03060,Demo
ACT003365,O01792,Workshop
ACT003366,O03028,Demo
ACT003367,O00400,POC
ACT003368,O03274,Email
ACT003369,O01421,Workshop
ACT003370,O01775,POC
ACT003371,O02262,POC
ACT003372,O03365,Call
ACT003373,O00183,Workshop
ACT003374,O02360,Demo
ACT003375,O02232,Call
ACT003376,O00624,Workshop
ACT003377,O02547,Call
ACT003378,O01848,Call
ACT003379,O00464,Demo
ACT003380,O02252,Call
ACT003381,O00711,Email
ACT003382,O03281,Workshop
ACT003383,O01923,Demo
ACT003384,O00721,POC
ACT003385,O01475,Call
ACT003386,O01679,Email
ACT003387,O03085,Email
ACT003388,O00719,Demo
ACT003389,O00478,POC
ACT003390,O03202,Email
ACT003391,O00819,POC
ACT003392,O01720,Call
ACT003393,O02714,Call
ACT003394,O00387,Workshop
ACT003395,O02432,Workshop
ACT003396,O03015,Workshop
ACT003397,O00549,Workshop
ACT003398,O02018,Call
ACT003399,O02731,Email
ACT003400,O02121,POC
ACT003401,O02735,Workshop
ACT003402,O03056,Demo
ACT003403,O02812,POC
ACT003404,O01259,Demo
ACT003405,O00790,Demo
ACT003406,O02573,Workshop
ACT003407,O03309,Workshop
ACT003408,O00258,Demo
ACT003409,O00792,POC
ACT003410,O02916,Email
ACT003411,O00211,Call
ACT003412,O01016,Workshop
ACT003413,O03198,Call
ACT003414,O02086,Demo
ACT003415,O02731,Email
ACT003416,O03482,Demo
ACT003417,O00877,Workshop
ACT003418,O00141,Workshop
ACT003419,O00771,Email
ACT003420,O01193,POC
ACT003421,O02288,POC
ACT003422,O02546,Email
ACT003423,O00461,Call
ACT003424,O02972,Demo
ACT003425,O02423,POC
ACT003426,O01796,Workshop
ACT003427,O02980,POC
ACT003428,O00628,POC
ACT003429,O02191,Workshop
ACT003430,O00368,POC
ACT003431,O02464,Email
ACT003432,O02233,POC
ACT003433,O00022,Call
ACT003434,O00713,Demo
ACT003435,O03329,Workshop
ACT003436,O01308,Workshop
ACT003437,O01766,Email
ACT003438,O02145,POC
ACT003439,O01134,Workshop
ACT003440,O00837,Email
ACT003441,O00949,POC
ACT003442,O01092,POC
ACT003443,O00740,Call
ACT003444,O01102,Call
ACT003445,O03131,Call
ACT003446,O03401,Workshop
ACT003447,O01110,Demo
ACT003448,O01771,Call
ACT003449,O01864,Email
ACT003450,O01337,Workshop
ACT003451,O02624,Call
ACT003452,O02966,Workshop
ACT003453,O01120,Workshop
ACT003454,O01726,Call
ACT003455,O01546,Workshop
ACT003456,O03349,Workshop
ACT003457,O02285,POC
ACT003458,O03471,POC
ACT003459,O01547,Call
ACT003460,O03016,Call
ACT003461,O02844,POC
ACT003462,O01846,POC
ACT003463,O02379,Call
ACT003464,O02093,POC
ACT003465,O01035,Email
ACT003466,O00614,Call
ACT003467,O01529,Workshop
ACT003468,O02612,Call
ACT003469,O00398,Call
ACT003470,O02805,Email
ACT003471,O01980,Call
ACT003472,O02255,Email
ACT003473,O01434,Call
ACT003474,O02608,Email
ACT003475,O00113,Demo
ACT003476,O00688,POC
ACT003477,O03406,Workshop
ACT003478,O02753,POC
ACT003479,O02102,Workshop
ACT003480,O02045,Call
ACT003481,O02383,POC
ACT003482,O01964,POC
ACT003483,O03291,Email
ACT003484,O01452,POC
ACT003485,O01190,Call
ACT003486,O02610,Demo
ACT003487,O01532,POC
ACT003488,O02903,Workshop
ACT003489,O02744,Call
ACT003490,O02594,Demo
ACT003491,O02418,Call
ACT003492,O00884,Call
ACT003493,O01599,Workshop
ACT003494,O00655,POC
ACT003495,O02057,Call
ACT003496,O00062,POC
ACT003497,O00654,Email
ACT003498,O01092,Demo
ACT003499,O00908,Email
ACT003500,O01983,POC
ACT003501,O02181,Workshop
ACT003502,O02857,Demo
ACT003503,O03472,Call
ACT003504,O01284,POC
ACT003505,O00443,POC
ACT003506,O00259,Workshop
ACT003507,O03371,POC
ACT003508,O00743,POC
ACT003509,O03311,POC
ACT003510,O02396,Call
ACT003511,O02417,Demo
ACT003512,O01708,Demo
ACT003513,O02063,Demo
ACT003514,O00633,POC
ACT003515,O01231,Call
ACT003516,O00349,Workshop
ACT003517,O02427,Demo
ACT003518,O00379,POC
ACT003519,O02676,Workshop
ACT003520,O01792,Demo
ACT003521,O02599,Email
ACT003522,O03100,Call
ACT003523,O00743,Call
ACT003524,O02394,Demo
ACT003525,O01788,Workshop
ACT003526,O02085,POC
ACT003527,O03288,POC
ACT003528,O03407,Workshop
ACT003529,O03408,Email
ACT003530,O01397,Demo
ACT003531,O02242,Email
ACT003532,O00968,Demo
ACT003533,O02167,Call
ACT003534,O02361,POC
ACT003535,O03027,Call
ACT003536,O00427,Call
ACT003537,O03203,Demo
ACT003538,O00199,Call
ACT003539,O00157,Demo
ACT003540,O00589,Workshop
ACT003541,O00304,Demo
ACT003542,O03460,Demo
ACT003543,O03360,Call
ACT003544,O01611,Workshop
ACT003545,O03014,Demo
ACT003546,O03153,Email
ACT003547,O00874,Demo
ACT003548,O02599,Call
ACT003549,O00194,Workshop
ACT003550,O02883,Email
ACT003551,O02759,POC
ACT003552,O00113,Workshop
ACT003553,O01869,Email
ACT003554,O02064,Workshop
ACT003555,O02077,Demo
ACT003556,O01308,Call
ACT003557,O00646,Call
ACT003558,O00588,Workshop
ACT003559,O02013,Call
ACT003560,O03055,POC
ACT003561,O02811,POC
ACT003562,O01619,Workshop
ACT003563,O02495,Workshop
ACT003564,O02966,POC
ACT003565,O01051,Workshop
ACT003566,O02502,Call
ACT003567,O01677,Demo
ACT003568,O00500,Workshop
ACT003569,O01343,Workshop
ACT003570,O02473,Demo
ACT003571,O03092,Call
ACT003572,O01232,POC
ACT003573,O00272,Demo
ACT003574,O01886,Demo
ACT003575,O02530,POC
ACT003576,O01709,Email
ACT003577,O02370,Demo
ACT003578,O02545,Demo
ACT003579,O03274,Demo
ACT003580,O00793,POC
ACT003581,O01610,Demo
ACT003582,O01819,Call
ACT003583,O02091,Call
ACT003584,O03130,Call
ACT003585,O02550,POC
ACT003586,O01106,Demo
ACT003587,O02928,Call
ACT003588,O03108,Email
ACT003589,O00619,Call
ACT003590,O01340,Demo
ACT003591,O02190,Workshop
ACT003592,O01878,POC
ACT003593,O01769,Demo
ACT003594,O00044,Demo
ACT003595,O02799,Call
ACT003596,O02007,Demo
ACT003597,O00251,Demo
ACT003598,O02911,Demo
ACT003599,O02080,Demo
ACT003600,O00580,Workshop
ACT003601,O01119,Workshop
ACT003602,O03066,Demo
ACT003603,O01525,Demo
ACT003604,O01039,Email
ACT003605,O02101,Workshop
ACT003606,O02620,Email
ACT003607,O02040,Call
ACT003608,O03319,POC
ACT003609,O01994,Email
ACT003610,O01945,Workshop
ACT003611,O03381,Email
ACT003612,O02995,POC
ACT003613,O01401,Email
ACT003614,O03089,Email
ACT003615,O01080,Call
ACT003616,O02325,Call
ACT003617,O02974,Email
ACT003618,O03247,Email
ACT003619,O03473,POC
ACT003620,O02968,Workshop
ACT003621,O00507,Email
ACT003622,O02195,Call
ACT003623,O02645,POC
ACT003624,O02330,POC
ACT003625,O02117,Workshop
ACT003626,O00624,Demo
ACT003627,O00109,Workshop
ACT003628,O03409,POC
ACT003629,O00246,POC
ACT003630,O02053,Workshop
ACT003631,O01109,POC
ACT003632,O02924,POC
ACT003633,O01219,Call
ACT003634,O00062,Call
ACT003635,O01127,Call
ACT003636,O00901,Email
ACT003637,O03182,POC
ACT003638,O01544,Demo
ACT003639,O00793,Call
ACT003640,O02238,Email
ACT003641,O02133,POC
ACT003642,O00052,POC
ACT003643,O00895,Email
ACT003644,O01661,POC
ACT003645,O00830,Email
ACT003646,O00202,Workshop
ACT003647,O01401,Workshop
ACT003648,O02145,POC
ACT003649,O01154,Workshop
ACT003650,O03052,Call
ACT003651,O00903,Demo
ACT003652,O02960,Call
ACT003653,O00370,Workshop
ACT003654,O02102,Demo
ACT003655,O00535,Workshop
ACT003656,O02370,Call
ACT003657,O03035,Workshop
ACT003658,O02011,Email
ACT003659,O01216,POC
ACT003660,O00775,Workshop
ACT003661,O03281,Call
ACT003662,O02705,Demo
ACT003663,O02719,POC
ACT003664,O00661,Call
ACT003665,O00070,POC
ACT003666,O01819,Call
ACT003667,O00743,Email
ACT003668,O02081,POC
ACT003669,O03490,POC
ACT003670,O03341,Demo
ACT003671,O03459,POC
ACT003672,O00440,Workshop
ACT003673,O02945,Email
ACT003674,O02150,Workshop
ACT003675,O02880,POC
ACT003676,O01674,Demo
ACT003677,O00506,POC
ACT003678,O01033,Email
ACT003679,O01365,Workshop
ACT003680,O00112,Email
ACT003681,O00409,Email
ACT003682,O03270,Workshop
ACT003683,O02883,POC
ACT003684,O03358,Demo
ACT003685,O00992,Demo
ACT003686,O02023,Call
ACT003687,O02861,Email
ACT003688,O00195,Workshop
ACT003689,O00456,Demo
ACT003690,O01109,Workshop
ACT003691,O03240,Demo
ACT003692,O02625,Workshop
ACT003693,O00497,Email
ACT003694,O00208,Email
ACT003695,O00977,Demo
ACT003696,O00466,Workshop
ACT003697,O00846,Demo
ACT003698,O00955,POC
ACT003699,O00086,Demo
ACT003700,O01298,Call
ACT003701,O03226,Workshop
ACT003702,O02813,POC
ACT003703,O00249,Call
ACT003704,O00416,Email
ACT003705,O02393,Workshop
ACT003706,O02227,Email
ACT003707,O03186,POC
ACT003708,O02114,Email
ACT003709,O01378,Workshop
ACT003710,O00337,Call
ACT003711,O01940,Call
ACT003712,O01630,Workshop
ACT003713,O01752,Demo
ACT003714,O03251,Demo
ACT003715,O03415,Call
ACT003716,O03423,POC
ACT003717,O02103,Workshop
ACT003718,O01287,POC
ACT003719,O02817,POC
ACT003720,O00527,Demo
ACT003721,O01105,Email
ACT003722,O00463,Email
ACT003723,O02864,Call
ACT003724,O00368,Call
ACT003725,O02633,POC
ACT003726,O00860,Demo
ACT003727,O02890,Workshop
ACT003728,O02805,Workshop
ACT003729,O00567,Email
ACT003730,O01851,Email
ACT003731,O03246,POC
ACT003732,O00285,Workshop
ACT003733,O00125,Email
ACT003734,O01385,Email
ACT003735,O02164,Workshop
ACT003736,O00491,Workshop
ACT003737,O01983,Call
ACT003738,O00022,Email
ACT003739,O01949,Email
ACT003740,O02636,Workshop
ACT003741,O03190,POC
ACT003742,O02674,Email
ACT003743,O03044,Workshop
ACT003744,O02654,Demo
ACT003745,O01498,Demo
ACT003746,O01812,POC
ACT003747,O00745,Workshop
ACT003748,O03034,Call
ACT003749,O00499,Call
ACT003750,O03149,Email
ACT003751,O02495,POC
ACT003752,O01511,Email
ACT003753,O01676,Workshop
ACT003754,O01211,POC
ACT003755,O01013,Demo
ACT003756,O00009,Email
ACT003757,O00022,Email
ACT003758,O02642,Workshop
ACT003759,O00988,Demo
ACT003760,O01127,Demo
ACT003761,O02997,Call
ACT003762,O03251,Demo
ACT003763,O01924,POC
ACT003764,O00753,Email
ACT003765,O02179,Workshop
ACT003766,O02425,Demo
ACT003767,O03196,Call
ACT003768,O01251,Call
ACT003769,O00646,Demo
ACT003770,O00304,Workshop
ACT003771,O01374,POC
ACT003772,O02220,POC
ACT003773,O00738,Email
ACT003774,O00484,Workshop
ACT003775,O01953,Workshop
ACT003776,O00368,POC
ACT003777,O01697,Email
ACT003778,O01268,POC
ACT003779,O01464,Demo
ACT003780,O03002,Workshop
ACT003781,O01106,Demo
ACT003782,O01645,Workshop
ACT003783,O02346,Email
ACT003784,O00543,POC
ACT003785,O01289,Email
ACT003786,O01616,Call
ACT003787,O02061,Call
ACT003788,O02235,Email
ACT003789,O00958,Demo
ACT003790,O02152,Email
ACT003791,O02867,Email
ACT003792,O01701,Workshop
ACT003793,O00402,Demo
ACT003794,O01997,Workshop
ACT003795,O02981,POC
ACT003796,O01270,POC
ACT003797,O03159,Call
ACT003798,O00842,Workshop
ACT003799,O03475,Email
ACT003800,O00126,POC
ACT003801,O02336,Email
ACT003802,O00003,Demo
ACT003803,O01750,POC
ACT003804,O01508,Demo
ACT003805,O02572,Call
ACT003806,O03489,POC
ACT003807,O01644,Call
ACT003808,O02107,Demo
ACT003809,O01120,Workshop
ACT003810,O00048,Call
ACT003811,O03273,Call
ACT003812,O00559,Call
ACT003813,O03488,POC
ACT003814,O01111,Demo
ACT003815,O01779,Demo
ACT003816,O02968,Call
ACT003817,O03079,Email
ACT003818,O01115,Email
ACT003819,O02117,Email
ACT003820,O01936,POC
ACT003821,O03140,Email
ACT003822,O00634,Demo
ACT003823,O00425,Demo
ACT003824,O03329,Call
ACT003825,O02977,Demo
ACT003826,O00527,Workshop
ACT003827,O02156,POC
ACT003828,O03237,Demo
ACT003829,O00839,Email
ACT003830,O01647,Call
ACT003831,O02736,Workshop
ACT003832,O02608,Demo
ACT003833,O00526,POC
ACT003834,O02252,Email
ACT003835,O03329,Call
ACT003836,O01943,Demo
ACT003837,O02402,POC
ACT003838,O00344,Demo
ACT003839,O02680,Email
ACT003840,O01651,Email
ACT003841,O00209,Email
ACT003842,O00587,Demo
ACT003843,O00718,Call
ACT003844,O02389,Email
ACT003845,O00667,Email
ACT003846,O00773,Email
ACT003847,O01740,Call
ACT003848,O01882,Demo
ACT003849,O00089,Demo
ACT003850,O01038,Workshop
ACT003851,O01798,Email
ACT003852,O02863,POC
ACT003853,O01126,Call
ACT003854,O02545,POC
ACT003855,O02226,Call
ACT003856,O02331,Call
ACT003857,O02180,Workshop
ACT003858,O02036,Workshop
ACT003859,O02983,Workshop
ACT003860,O01387,Demo
ACT003861,O02172,Demo
ACT003862,O00791,POC
ACT003863,O01897,Email
ACT003864,O02061,POC
ACT003865,O02427,POC
ACT003866,O00848,Call
ACT003867,O02658,Workshop
ACT003868,O01808,Call
ACT003869,O02006,Workshop
ACT003870,O01282,POC
ACT003871,O01784,Call
ACT003872,O00569,Workshop
ACT003873,O00523,Call
ACT003874,O02515,Demo
ACT003875,O02120,POC
ACT003876,O02522,Demo
ACT003877,O02147,Demo
ACT003878,O02860,Call
ACT003879,O02886,Workshop
ACT003880,O00971,Call
ACT003881,O02124,Demo
ACT003882,O01989,Workshop
ACT003883,O02339,Workshop
ACT003884,O01749,Demo
ACT003885,O01227,Demo
ACT003886,O02712,Demo
ACT003887,O03388,Call
ACT003888,O01177,Call
ACT003889,O01962,Call
ACT003890,O00263,Email
ACT003891,O00076,Email
ACT003892,O02193,Email
ACT003893,O02437,Call
ACT003894,O02078,Demo
ACT003895,O01709,Demo
ACT003896,O00212,POC
ACT003897,O00996,Demo
ACT003898,O02567,POC
ACT003899,O01498,Call
ACT003900,O00709,Call
ACT003901,O02351,Demo
ACT003902,O00044,Workshop
ACT003903,O02850,POC
ACT003904,O01900,Workshop
ACT003905,O03456,Email
ACT003906,O00921,Workshop
ACT003907,O02568,Workshop
ACT003908,O01396,Call
ACT003909,O00679,Call
ACT003910,O01955,Workshop
ACT003911,O03030,Email
ACT003912,O03252,POC
ACT003913,O01279,Demo
ACT003914,O00150,Workshop
ACT003915,O03481,Email
ACT003916,O01594,POC
ACT003917,O03125,Workshop
ACT003918,O01963,Demo
ACT003919,O00141,Email
ACT003920,O02085,POC
ACT003921,O01726,Demo
ACT003922,O02895,Demo
ACT003923,O01251,Email
ACT003924,O02719,Email
ACT003925,O00030,Call
ACT003926,O00779,POC
ACT003927,O00984,Email
ACT003928,O00114,Workshop
ACT003929,O02869,Email
ACT003930,O03355,Call
ACT003931,O00207,Demo
ACT003932,O00350,Call
ACT003933,O01215,Call
ACT003934,O03313,Demo
ACT003935,O02944,Demo
ACT003936,O00051,POC
ACT003937,O00111,Email
ACT003938,O02661,POC
ACT003939,O03003,Call
ACT003940,O01184,Demo
ACT003941,O00126,Workshop
ACT003942,O00388,POC
ACT003943,O03308,Demo
ACT003944,O00302,POC
ACT003945,O03269,Email
ACT003946,O03103,Call
ACT003947,O00688,Workshop
ACT003948,O02607,Demo
ACT003949,O01957,Workshop
ACT003950,O00726,Email
ACT003951,O03277,POC
ACT003952,O03091,Workshop
ACT003953,O03429,POC
ACT003954,O01211,Email
ACT003955,O00987,Email
ACT003956,O01655,Email
ACT003957,O02332,Demo
ACT003958,O02672,POC
ACT003959,O01912,Workshop
ACT003960,O02748,Workshop
ACT003961,O01596,Demo
ACT003962,O00992,POC
ACT003963,O00603,Call
ACT003964,O02996,Email
ACT003965,O03384,Demo
ACT003966,O00036,Workshop
ACT003967,O03351,Demo
ACT003968,O00526,Workshop
ACT003969,O01270,Email
ACT003970,O00493,Call
ACT003971,O00843,Demo
ACT003972,O02461,POC
ACT003973,O03303,POC
ACT003974,O00565,Call
ACT003975,O01919,Email
ACT003976,O03017,Email
ACT003977,O02972,Demo
ACT003978,O01951,Call
ACT003979,O02697,POC
ACT003980,O03266,Demo
ACT003981,O01224,POC
ACT003982,O00478,Workshop
ACT003983,O02478,Demo
ACT003984,O03207,POC
ACT003985,O03053,Workshop
ACT003986,O01965,Demo
ACT003987,O01769,Demo
ACT003988,O02497,Demo
ACT003989,O00015,Email
ACT003990,O01632,POC
ACT003991,O00629,Email
ACT003992,O03394,Workshop
ACT003993,O02449,Email
ACT003994,O01023,Demo
ACT003995,O02387,Call
ACT003996,O01273,Call
ACT003997,O02551,Workshop
ACT003998,O02851,POC
ACT003999,O02224,Workshop
ACT004000,O02981,Workshop
ACT004001,O01143,POC
ACT004002,O02053,Demo
ACT004003,O00195,Call
ACT004004,O01227,Workshop
ACT004005,O00586,Workshop
ACT004006,O03126,Demo
ACT004007,O01361,Call
ACT004008,O00004,POC
ACT004009,O03210,Demo
ACT004010,O03321,Workshop
ACT004011,O00654,POC
ACT004012,O00968,Email
ACT004013,O02587,Workshop
ACT004014,O03431,Workshop
ACT004015,O00185,POC
ACT004016,O01948,Email
ACT004017,O00711,POC
ACT004018,O01210,Call
ACT004019,O03004,Workshop
ACT004020,O00080,POC
ACT004021,O00553,POC
ACT004022,O01500,POC
ACT004023,O01968,POC
ACT004024,O02702,Email
ACT004025,O01291,Call
ACT004026,O03372,Email
ACT004027,O00848,Demo
ACT004028,O00939,Call
ACT004029,O00662,Email
ACT004030,O02458,Email
ACT004031,O01126,Workshop
ACT004032,O00899,POC
ACT004033,O01283,POC
ACT004034,O03144,POC
ACT004035,O01178,Workshop
ACT004036,O03205,POC
ACT004037,O00212,POC
ACT004038,O01399,POC
ACT004039,O03482,Workshop
ACT004040,O01131,Workshop
ACT004041,O01055,POC
ACT004042,O01071,Call
ACT004043,O00393,POC
ACT004044,O03216,Call
ACT004045,O03202,Demo
ACT004046,O01816,Workshop
ACT004047,O02611,Email
ACT004048,O02304,Call
ACT004049,O02827,Call
ACT004050,O02719,Email
ACT004051,O03147,Call
ACT004052,O00721,Call
ACT004053,O03464,Demo
ACT004054,O02538,Demo
ACT004055,O02842,Workshop
ACT004056,O02614,Demo
ACT004057,O01822,POC
ACT004058,O01795,Demo
ACT004059,O00565,Workshop
ACT004060,O00203,Email
ACT004061,O03392,Demo
ACT004062,O02992,Email
ACT004063,O02700,Call
ACT004064,O02486,Email
ACT004065,O02715,Workshop
ACT004066,O03339,POC
ACT004067,O03059,Email
ACT004068,O01507,Email
ACT004069,O01695,Demo
ACT004070,O03092,Demo
ACT004071,O03349,Demo
ACT004072,O00972,Email
ACT004073,O01089,Workshop
ACT004074,O02062,Demo
ACT004075,O02820,Demo
ACT004076,O01423,Call
ACT004077,O00191,Call
ACT004078,O02055,Call
ACT004079,O02929,Call
ACT004080,O00973,Demo
ACT004081,O03278,Email
ACT004082,O02364,Workshop
ACT004083,O01450,Call
ACT004084,O00360,Call
ACT004085,O02870,POC
ACT004086,O01340,Demo
ACT004087,O00635,Call
ACT004088,O00678,POC
ACT004089,O00779,Demo
ACT004090,O02138,Workshop
ACT004091,O00955,POC
ACT004092,O00996,Workshop
ACT004093,O00686,Call
ACT004094,O02715,Email
ACT004095,O02875,Email
ACT004096,O02445,POC
ACT004097,O00972,Email
ACT004098,O02212,Workshop
ACT004099,O01752,Demo
ACT004100,O01489,POC
ACT004101,O01171,Email
ACT004102,O01719,Workshop
ACT004103,O02369,Workshop
ACT004104,O00717,POC
ACT004105,O02734,Call
ACT004106,O02489,POC
ACT004107,O00610,Email
ACT004108,O00155,Workshop
ACT004109,O02640,Email
ACT004110,O00528,POC
ACT004111,O00126,Demo
ACT004112,O02849,Workshop
ACT004113,O01524,Workshop
ACT004114,O00907,Call
ACT004115,O02666,Email
ACT004116,O01734,Workshop
ACT004117,O02910,Email
ACT004118,O01635,Call
ACT004119,O00543,Workshop
ACT004120,O01333,Email
ACT004121,O03053,Demo
ACT004122,O00718,Demo
ACT004123,O02563,Email
ACT004124,O03057,Workshop
ACT004125,O00445,Email
ACT004126,O01496,Email
ACT004127,O00961,POC
ACT004128,O02486,Email
ACT004129,O02169,Workshop
ACT004130,O00990,Workshop
ACT004131,O03232,Workshop
ACT004132,O02387,Email
ACT004133,O00348,Workshop
ACT004134,O00644,Workshop
ACT004135,O01949,Email
ACT004136,O02416,POC
ACT004137,O02626,Demo
ACT004138,O00987,POC
ACT004139,O02995,Email
ACT004140,O01161,Email
ACT004141,O02930,Workshop
ACT004142,O01302,POC
ACT004143,O01274,Email
ACT004144,O02960,Email
ACT004145,O02524,Workshop
ACT004146,O01628,Email
ACT004147,O00017,POC
ACT004148,O00316,Workshop
ACT004149,O00556,POC
ACT004150,O01168,Demo
ACT004151,O01069,Demo
ACT004152,O01498,Email
ACT004153,O01168,Demo
ACT004154,O00106,Email
ACT004155,O02343,Call
ACT004156,O01144,Demo
ACT004157,O00405,Call
ACT004158,O01580,POC
ACT004159,O03391,Workshop
ACT004160,O02122,POC
ACT004161,O00497,POC
ACT004162,O01587,Workshop
ACT004163,O02877,POC
ACT004164,O01418,Workshop
ACT004165,O00387,Email
ACT004166,O01016,Workshop
ACT004167,O01331,Call
ACT004168,O02325,Demo
ACT004169,O02467,Workshop
ACT004170,O02059,Email
ACT004171,O00273,Workshop
ACT004172,O01921,POC
ACT004173,O01998,Call
ACT004174,O03339,Demo
ACT004175,O01336,Demo
ACT004176,O00786,Email
ACT004177,O01207,Email
ACT004178,O01888,Call
ACT004179,O01899,POC
ACT004180,O01746,Demo
ACT004181,O03024,POC
ACT004182,O01293,Workshop
ACT004183,O01184,POC
ACT004184,O03270,Demo
ACT004185,O02950,Call
ACT004186,O02277,Call
ACT004187,O01738,Demo
ACT004188,O02050,Demo
ACT004189,O00125,Workshop
ACT004190,O03419,Demo
ACT004191,O00720,Call
ACT004192,O00898,Workshop
ACT004193,O01662,POC
ACT004194,O01718,Call
ACT004195,O02797,POC
ACT004196,O00665,Email
ACT004197,O02619,Email
ACT004198,O00317,Demo
ACT004199,O02552,Workshop
ACT004200,O00357,Call
ACT004201,O00406,POC
ACT004202,O01311,Call
ACT004203,O01778,Demo
ACT004204,O01875,Email
ACT004205,O00095,Email
ACT004206,O01709,Demo
ACT004207,O02258,Workshop
ACT004208,O01257,POC
ACT004209,O00917,Email
ACT004210,O03472,Workshop
ACT004211,O00337,Workshop
ACT004212,O02008,Call
ACT004213,O01249,Workshop
ACT004214,O01483,Workshop
ACT004215,O00263,Workshop
ACT004216,O01871,POC
ACT004217,O01577,Workshop
ACT004218,O02124,Demo
ACT004219,O03356,Call
ACT004220,O03126,POC
ACT004221,O01082,Demo
ACT004222,O00445,Call
ACT004223,O03041,Call
ACT004224,O02044,POC
ACT004225,O03089,POC
ACT004226,O02323,Email
ACT004227,O02740,POC
ACT004228,O01151,Email
ACT004229,O02102,Workshop
ACT004230,O03059,Email
ACT004231,O00079,Workshop
ACT004232,O00794,Email
ACT004233,O02132,POC
ACT004234,O01215,POC
ACT004235,O02302,Demo
ACT004236,O02764,Workshop
ACT004237,O01606,Demo
ACT004238,O03019,Workshop
ACT004239,O03244,POC
ACT004240,O01895,POC
ACT004241,O01667,Call
ACT004242,O00404,Workshop
ACT004243,O00505,Email
ACT004244,O01963,Call
ACT004245,O01653,Email
ACT004246,O02797,Call
ACT004247,O00676,Workshop
ACT004248,O01344,Email
ACT004249,O03073,Workshop
ACT004250,O02833,Email
ACT004251,O02192,POC
ACT004252,O01238,Email
ACT004253,O01638,Demo
ACT004254,O01335,Demo
ACT004255,O01228,Call
ACT004256,O00508,Call
ACT004257,O01961,Demo
ACT004258,O00394,Call
ACT004259,O01859,Call
ACT004260,O01951,POC
ACT004261,O03061,Call
ACT004262,O03232,Demo
ACT004263,O02507,Demo
ACT004264,O01808,POC
ACT004265,O01072,Demo
ACT004266,O02283,Call
ACT004267,O02934,Demo
ACT004268,O00038,Email
ACT004269,O01674,Demo
ACT004270,O01670,Demo
ACT004271,O02936,Workshop
ACT004272,O01719,Email
ACT004273,O01958,Call
ACT004274,O00712,Call
ACT004275,O01780,Demo
ACT004276,O02376,Email
ACT004277,O01538,Demo
ACT004278,O02922,Email
ACT004279,O00391,Demo
ACT004280,O03249,Workshop
ACT004281,O01122,Call
ACT004282,O00916,Demo
ACT004283,O02138,Workshop
ACT004284,O03268,POC
ACT004285,O01334,Call
ACT004286,O03464,Workshop
ACT004287,O00669,Workshop
ACT004288,O01511,POC
ACT004289,O03463,POC
ACT004290,O02993,Call
ACT004291,O01461,Demo
ACT004292,O03183,Email
ACT004293,O01552,Email
ACT004294,O00319,Email
ACT004295,O02034,Workshop
ACT004296,O03222,Email
ACT004297,O03383,POC
ACT004298,O00049,Workshop
ACT004299,O02297,Demo
ACT004300,O00298,Workshop
ACT004301,O02562,Workshop
ACT004302,O00145,Workshop
ACT004303,O01264,Workshop
ACT004304,O00094,Workshop
ACT004305,O00480,POC
ACT004306,O01520,POC
ACT004307,O00790,Workshop
ACT004308,O02665,Demo
ACT004309,O01984,Call
ACT004310,O00792,Email
ACT004311,O01365,Call
ACT004312,O02794,Email
ACT004313,O03265,Workshop
ACT004314,O00038,POC
ACT004315,O02411,Workshop
ACT004316,O03065,Demo
ACT004317,O02543,Workshop
ACT004318,O01813,Demo
ACT004319,O00341,Workshop
ACT004320,O03057,Call
ACT004321,O00287,Workshop
ACT004322,O01751,Call
ACT004323,O02708,POC
ACT004324,O02164,Call
ACT004325,O02407,Workshop
ACT004326,O02180,POC
ACT004327,O00796,Demo
ACT004328,O01636,Workshop
ACT004329,O02295,Call
ACT004330,O02911,Demo
ACT004331,O00005,Demo
ACT004332,O01215,Email
ACT004333,O00241,Demo
ACT004334,O03410,Call
ACT004335,O00984,Email
ACT004336,O00407,Call
ACT004337,O03407,Demo
ACT004338,O02488,Email
ACT004339,O03262,Call
ACT004340,O01728,Workshop
ACT004341,O03466,Email
ACT004342,O01078,POC
ACT004343,O02529,Workshop
ACT004344,O00954,POC
ACT004345,O01990,Email
ACT004346,O01755,Demo
ACT004347,O02088,Workshop
ACT004348,O01328,Workshop
ACT004349,O02207,Call
ACT004350,O00841,Email
ACT004351,O01018,Call
ACT004352,O01042,Call
ACT004353,O02323,Workshop
ACT004354,O02104,Workshop
ACT004355,O01736,POC
ACT004356,O02319,Call
ACT004357,O00643,Call
ACT004358,O02057,Email
ACT004359,O00538,Email
ACT004360,O03322,Workshop
ACT004361,O00505,Call
ACT004362,O01684,Email
ACT004363,O00998,Call
ACT004364,O01785,POC
ACT004365,O02142,Workshop
ACT004366,O00300,Email
ACT004367,O02964,Workshop
ACT004368,O02883,Demo
ACT004369,O03182,Call
ACT004370,O01103,Workshop
ACT004371,O01615,Demo
ACT004372,O01211,Email
ACT004373,O02023,Workshop
ACT004374,O01582,Workshop
ACT004375,O01019,POC
ACT004376,O01183,Workshop
ACT004377,O01163,POC
ACT004378,O01400,POC
ACT004379,O02578,Demo
ACT004380,O03194,Call
ACT004381,O02571,Demo
ACT004382,O01347,Email
ACT004383,O00581,Demo
ACT004384,O02496,Call
ACT004385,O02040,Call
ACT004386,O02257,POC
ACT004387,O01790,POC
ACT004388,O03262,Demo
ACT004389,O01144,Email
ACT004390,O02087,Email
ACT004391,O00684,Call
ACT004392,O01306,Demo
ACT004393,O01646,Call
ACT004394,O02922,Call
ACT004395,O03080,Email
ACT004396,O01381,Email
ACT004397,O02707,POC
ACT004398,O02640,Email
ACT004399,O01205,Email
ACT004400,O01163,Email
ACT004401,O00362,Call
ACT004402,O03125,Workshop
ACT004403,O03257,Workshop
ACT004404,O00140,POC
ACT004405,O00984,Call
ACT004406,O02309,Demo
ACT004407,O00634,POC
ACT004408,O02772,Demo
ACT004409,O01743,Email
ACT004410,O02922,Email
ACT004411,O01252,Email
ACT004412,O03359,Demo
ACT004413,O03463,Call
ACT004414,O01842,Workshop
ACT004415,O00662,Demo
ACT004416,O00093,POC
ACT004417,O02236,Workshop
ACT004418,O01099,Workshop
ACT004419,O03446,Workshop
ACT004420,O01417,POC
ACT004421,O00322,Workshop
ACT004422,O00706,Call
ACT004423,O01084,Email
ACT004424,O02410,POC
ACT004425,O01678,Workshop
ACT004426,O01820,Demo
ACT004427,O00222,Email
ACT004428,O01774,Demo
ACT004429,O03218,POC
ACT004430,O03104,Demo
ACT004431,O00889,Call
ACT004432,O01239,Email
ACT004433,O03263,Demo
ACT004434,O02078,Workshop
ACT004435,O01101,POC
ACT004436,O00470,POC
ACT004437,O00527,Email
ACT004438,O02840,POC
ACT004439,O02555,Demo
ACT004440,O00152,Workshop
ACT004441,O02010,Demo
ACT004442,O01211,Email
ACT004443,O00865,Workshop
ACT004444,O01470,Email
ACT004445,O01004,Call
ACT004446,O01545,Workshop
ACT004447,O03267,Workshop
ACT004448,O03145,Email
ACT004449,O02584,POC
ACT004450,O00599,Demo
ACT004451,O03220,Email
ACT004452,O01122,POC
ACT004453,O02456,Email
ACT004454,O01439,Demo
ACT004455,O03163,POC
ACT004456,O01486,POC
ACT004457,O02770,Email
ACT004458,O02466,Workshop
ACT004459,O02580,Demo
ACT004460,O03379,POC
ACT004461,O02442,POC
ACT004462,O00707,Workshop
ACT004463,O02001,Workshop
ACT004464,O02070,Demo
ACT004465,O01699,Call
ACT004466,O01217,Demo
ACT004467,O00346,Workshop
ACT004468,O02555,Call
ACT004469,O01115,Workshop
ACT004470,O02972,Email
ACT004471,O00539,Demo
ACT004472,O02167,Workshop
ACT004473,O01151,POC
ACT004474,O01373,Demo
ACT004475,O02827,Call
ACT004476,O00390,POC
ACT004477,O01684,Call
ACT004478,O02682,Email
ACT004479,O00525,Call
ACT004480,O00113,Workshop
ACT004481,O01580,Email
ACT004482,O02270,Call
ACT004483,O01280,Call
ACT004484,O00816,Call
ACT004485,O03420,Workshop
ACT004486,O01862,Email
ACT004487,O01132,POC
ACT004488,O02724,Call
ACT004489,O01574,POC
ACT004490,O03244,Call
ACT004491,O02517,Email
ACT004492,O01693,Workshop
ACT004493,O00646,Demo
ACT004494,O01971,Email
ACT004495,O02249,POC
ACT004496,O01043,Demo
ACT004497,O02484,Call
ACT004498,O00550,Call
ACT004499,O02325,Workshop
ACT004500,O00377,Email
ACT004501,O00125,Workshop
ACT004502,O01952,Call
ACT004503,O00788,Email
ACT004504,O00455,POC
ACT004505,O01141,Email
ACT004506,O02931,Workshop
ACT004507,O01414,Workshop
ACT004508,O03286,Workshop
ACT004509,O00281,Workshop
ACT004510,O03259,Email
ACT004511,O02879,POC
ACT004512,O01692,Workshop
ACT004513,O03389,Workshop
ACT004514,O03465,Call
ACT004515,O02959,Email
ACT004516,O02819,POC
ACT004517,O02269,Demo
ACT004518,O01730,Email
ACT004519,O02495,Email
ACT004520,O02964,Demo
ACT004521,O03455,Email
ACT004522,O00297,POC
ACT004523,O02508,Email
ACT004524,O02812,Demo
ACT004525,O01210,Workshop
ACT004526,O02923,POC
ACT004527,O01670,Email
ACT004528,O00945,Email
ACT004529,O01340,Workshop
ACT004530,O00406,Call
ACT004531,O01558,POC
ACT004532,O01709,Call
ACT004533,O00954,Email
ACT004534,O02202,POC
ACT004535,O01905,POC
ACT004536,O01845,Call
ACT004537,O01909,POC
ACT004538,O01798,Workshop
ACT004539,O02355,Email
ACT004540,O00128,Call
ACT004541,O01529,Call
ACT004542,O03123,Workshop
ACT004543,O02743,POC
ACT004544,O01515,Workshop
ACT004545,O02273,Call
ACT004546,O03069,POC
ACT004547,O00105,Workshop
ACT004548,O03499,Email
ACT004549,O02881,Email
ACT004550,O02473,POC
ACT004551,O00213,Workshop
ACT004552,O02624,Demo
ACT004553,O01466,Email
ACT004554,O00331,Demo
ACT004555,O02390,Demo
ACT004556,O00528,Email
ACT004557,O00338,Email
ACT004558,O00350,Email
ACT004559,O03240,Demo
ACT004560,O00844,Email
ACT004561,O03478,Email
ACT004562,O01402,POC
ACT004563,O00758,Call
ACT004564,O00148,Call
ACT004565,O02521,POC
ACT004566,O03476,Demo
ACT004567,O02229,Email
ACT004568,O03061,Workshop
ACT004569,O02100,Workshop
ACT004570,O01132,POC
ACT004571,O00443,Demo
ACT004572,O02887,Email
ACT004573,O01803,POC
ACT004574,O00289,POC
ACT004575,O03273,Demo
ACT004576,O00587,Email
ACT004577,O02253,Email
ACT004578,O01266,Demo
ACT004579,O02890,POC
ACT004580,O01341,POC
ACT004581,O01705,Workshop
ACT004582,O00608,Call
ACT004583,O02293,Call
ACT004584,O00029,Call
ACT004585,O01824,Workshop
ACT004586,O03380,Call
ACT004587,O00056,Demo
ACT004588,O00744,Email
ACT004589,O00720,Email
ACT004590,O00879,Workshop
ACT004591,O03079,Demo
ACT004592,O00538,Call
ACT004593,O01990,POC
ACT004594,O01006,POC
ACT004595,O03055,POC
ACT004596,O02287,Workshop
ACT004597,O00359,Email
ACT004598,O02627,Workshop
ACT004599,O03250,Email
ACT004600,O00672,Email
ACT004601,O02601,Email
ACT004602,O02730,Demo
ACT004603,O00764,Demo
ACT004604,O02808,Email
ACT004605,O03047,Demo
ACT004606,O01151,Demo
ACT004607,O00699,POC
ACT004608,O00098,Call
ACT004609,O01029,POC
ACT004610,O02826,POC
ACT004611,O00111,Call
ACT004612,O01790,Demo
ACT004613,O01364,POC
ACT004614,O01864,Email
ACT004615,O01995,Workshop
ACT004616,O00315,Workshop
ACT004617,O01775,Call
ACT004618,O00049,Demo
ACT004619,O01446,Call
ACT004620,O01170,Email
ACT004621,O03058,Call
ACT004622,O02452,Workshop
ACT004623,O02555,Demo
ACT004624,O00578,Call
ACT004625,O02060,Call
ACT004626,O02443,Demo
ACT004627,O00423,POC
ACT004628,O02022,Demo
ACT004629,O02024,Workshop
ACT004630,O01184,Email
ACT004631,O00617,POC
ACT004632,O01613,Email
ACT004633,O02193,POC
ACT004634,O00585,Workshop
ACT004635,O00583,Demo
ACT004636,O00179,POC
ACT004637,O01072,Demo
ACT004638,O03319,POC
ACT004639,O01103,Demo
ACT004640,O01065,Demo
ACT004641,O00946,Call
ACT004642,O00244,Demo
ACT004643,O01673,Workshop
ACT004644,O01182,POC
ACT004645,O02580,POC
ACT004646,O00709,Demo
ACT004647,O00834,Demo
ACT004648,O01600,Workshop
ACT004649,O02361,POC
ACT004650,O01108,Email
ACT004651,O00770,Workshop
ACT004652,O00756,Call
ACT004653,O00496,Workshop
ACT004654,O00573,Call
ACT004655,O02464,POC
ACT004656,O00632,Call
ACT004657,O00569,Demo
ACT004658,O02414,POC
ACT004659,O00268,Email
ACT004660,O02020,Call
ACT004661,O02819,Call
ACT004662,O00976,POC
ACT004663,O01394,Demo
ACT004664,O02930,Email
ACT004665,O02948,Call
ACT004666,O02011,Workshop
ACT004667,O01105,Workshop
ACT004668,O00635,Demo
ACT004669,O02603,Workshop
ACT004670,O01953,Demo
ACT004671,O02200,Call
ACT004672,O00367,POC
ACT004673,O01703,Call
ACT004674,O00823,Demo
ACT004675,O00689,Email
ACT004676,O02461,Workshop
ACT004677,O02231,Email
ACT004678,O00677,Workshop
ACT004679,O03381,POC
ACT004680,O03355,POC
ACT004681,O00845,Workshop
ACT004682,O01148,Email
ACT004683,O02234,Workshop
ACT004684,O02785,Demo
ACT004685,O00585,Email
ACT004686,O03405,Call
ACT004687,O02680,Workshop
ACT004688,O01714,Email
ACT004689,O02946,POC
ACT004690,O03150,Demo
ACT004691,O00791,Email
ACT004692,O01880,Workshop
ACT004693,O00150,Email
ACT004694,O00664,Workshop
ACT004695,O00278,Call
ACT004696,O02501,Workshop
ACT004697,O03243,Demo
ACT004698,O01443,Call
ACT004699,O02837,Call
ACT004700,O00050,POC
ACT004701,O03210,Workshop
ACT004702,O02424,POC
ACT004703,O01708,POC
ACT004704,O02331,Call
ACT004705,O02242,Call
ACT004706,O00337,Demo
ACT004707,O02804,Email
ACT004708,O01428,Demo
ACT004709,O01582,Workshop
ACT004710,O02965,Call
ACT004711,O00695,Email
ACT004712,O01473,POC
ACT004713,O00119,Workshop
ACT004714,O00990,Email
ACT004715,O01714,POC
ACT004716,O03008,POC
ACT004717,O02901,Email
ACT004718,O03419,Call
ACT004719,O03461,Call
ACT004720,O02392,Email
ACT004721,O01164,Email
ACT004722,O02941,Demo
ACT004723,O00287,Call
ACT004724,O02452,Call
ACT004725,O01020,Demo
ACT004726,O02457,Call
ACT004727,O00771,Demo
ACT004728,O02954,Call
ACT004729,O01359,Call
ACT004730,O02009,Workshop
ACT004731,O02617,Demo
ACT004732,O03123,Call
ACT004733,O03035,Demo
ACT004734,O02421,Email
ACT004735,O02809,POC
ACT004736,O01494,Call
ACT004737,O02301,Email
ACT004738,O01715,Workshop
ACT004739,O01922,Workshop
ACT004740,O02581,Email
ACT004741,O02277,Email
ACT004742,O02127,POC
ACT004743,O01959,POC
ACT004744,O02682,Call
ACT004745,O02635,POC
ACT004746,O01493,POC
ACT004747,O00658,Call
ACT004748,O01849,Workshop
ACT004749,O02781,Workshop
ACT004750,O00560,Email
ACT004751,O00064,Demo
ACT004752,O00611,Workshop
ACT004753,O01695,POC
ACT004754,O00674,Email
ACT004755,O00438,Email
ACT004756,O01362,Demo
ACT004757,O02227,Call
ACT004758,O03190,POC
ACT004759,O02345,POC
ACT004760,O00834,Demo
ACT004761,O01358,Demo
ACT004762,O01953,Demo
ACT004763,O03143,Email
ACT004764,O02600,Workshop
ACT004765,O02726,Demo
ACT004766,O03057,Demo
ACT004767,O00757,Email
ACT004768,O03182,Email
ACT004769,O02231,Demo
ACT004770,O02268,Workshop
ACT004771,O00071,POC
ACT004772,O02190,POC
ACT004773,O00411,Demo
ACT004774,O00144,Email
ACT004775,O01178,Demo
ACT004776,O03157,POC
ACT004777,O02332,Demo
ACT004778,O00798,Call
ACT004779,O03048,Workshop
ACT004780,O00624,POC
ACT004781,O00036,Call
ACT004782,O01664,Workshop
ACT004783,O01604,Demo
ACT004784,O02981,Demo
ACT004785,O01409,Call
ACT004786,O01237,Workshop
ACT004787,O00234,Demo
ACT004788,O00914,Email
ACT004789,O03369,Demo
ACT004790,O01067,Workshop
ACT004791,O02841,Demo
ACT004792,O00749,Workshop
ACT004793,O01352,POC
ACT004794,O03018,Demo
ACT004795,O03456,Demo
ACT004796,O02762,Workshop
ACT004797,O00635,Demo
ACT004798,O02562,Demo
ACT004799,O01697,Email
ACT004800,O01329,Workshop
ACT004801,O01248,Email
ACT004802,O02438,Demo
ACT004803,O02993,Email
ACT004804,O01938,Call
ACT004805,O00991,Email
ACT004806,O00734,Demo
ACT004807,O03260,POC
ACT004808,O01470,Email
ACT004809,O02556,Demo
ACT004810,O02036,Call
ACT004811,O03220,Email
ACT004812,O02601,POC
ACT004813,O01563,Call
ACT004814,O01248,POC
ACT004815,O03333,Call
ACT004816,O02970,POC
ACT004817,O01455,Demo
ACT004818,O00113,POC
ACT004819,O03155,Workshop
ACT004820,O02010,POC
ACT004821,O00118,Workshop
ACT004822,O02830,Email
ACT004823,O00604,POC
ACT004824,O02855,POC
ACT004825,O02575,POC
ACT004826,O03325,POC
ACT004827,O03364,Demo
ACT004828,O00956,Demo
ACT004829,O02071,Demo
ACT004830,O03255,Demo
ACT004831,O01870,Workshop
ACT004832,O01920,Workshop
ACT004833,O01897,Call
ACT004834,O01493,POC
ACT004835,O00210,Demo
ACT004836,O00157,Demo
ACT004837,O03419,Workshop
ACT004838,O00872,Call
ACT004839,O02479,Email
ACT004840,O00587,Email
ACT004841,O00122,Email
ACT004842,O00518,POC
ACT004843,O02051,POC
ACT004844,O01808,Demo
ACT004845,O01352,Email
ACT004846,O02801,POC
ACT004847,O00175,Workshop
ACT004848,O01720,Workshop
ACT004849,O01910,Demo
ACT004850,O02964,Demo
ACT004851,O00471,Call
ACT004852,O00582,POC
ACT004853,O00206,POC
ACT004854,O03173,Workshop
ACT004855,O03181,Call
ACT004856,O01739,Workshop
ACT004857,O02431,POC
ACT004858,O01903,Email
ACT004859,O01977,Demo
ACT004860,O01264,Demo
ACT004861,O00905,POC
ACT004862,O00055,Email
ACT004863,O00791,Email
ACT004864,O02372,Demo
ACT004865,O03111,Demo
ACT004866,O01925,POC
ACT004867,O01365,Email
ACT004868,O01515,Workshop
ACT004869,O01434,Call
ACT004870,O01220,Workshop
ACT004871,O00562,Demo
ACT004872,O00831,POC
ACT004873,O02279,Email
ACT004874,O02127,Call
ACT004875,O00961,Call
ACT004876,O00192,POC
ACT004877,O01608,Workshop
ACT004878,O02414,Workshop
ACT004879,O00993,Demo
ACT004880,O03494,POC
ACT004881,O02772,Workshop
ACT004882,O00425,Call
ACT004883,O00025,Demo
ACT004884,O00815,Call
ACT004885,O00836,Call
ACT004886,O02305,Call
ACT004887,O02425,Call
ACT004888,O00505,Call
ACT004889,O02639,Workshop
ACT004890,O00446,Workshop
ACT004891,O00110,Call
ACT004892,O02322,Call
ACT004893,O02656,Demo
ACT004894,O00756,POC
ACT004895,O00449,Workshop
ACT004896,O00721,POC
ACT004897,O02636,Demo
ACT004898,O03103,Demo
ACT004899,O02540,POC
ACT004900,O03390,Demo
ACT004901,O03063,Workshop
ACT004902,O03442,Workshop
ACT004903,O01554,Workshop
ACT004904,O01983,Email
ACT004905,O00098,Email
ACT004906,O01695,Demo
ACT004907,O02867,POC
ACT004908,O01120,Demo
ACT004909,O02759,Workshop
ACT004910,O03281,POC
ACT004911,O02401,POC
ACT004912,O00434,Demo
ACT004913,O00971,Call
ACT004914,O00771,Workshop
ACT004915,O01694,Demo
ACT004916,O01629,Email
ACT004917,O02425,Email
ACT004918,O00367,Email
ACT004919,O02575,Demo
ACT004920,O01561,Workshop
ACT004921,O00340,Email
ACT004922,O02574,Call
ACT004923,O02218,Demo
ACT004924,O00572,Call
ACT004925,O02760,Workshop
ACT004926,O00589,Demo
ACT004927,O02734,Workshop
ACT004928,O00749,Email
ACT004929,O01830,Email
ACT004930,O02631,Call
ACT004931,O02605,Demo
ACT004932,O03178,Workshop
ACT004933,O02393,Workshop
ACT004934,O01831,Call
ACT004935,O03083,Email
ACT004936,O01092,Workshop
ACT004937,O01019,Call
ACT004938,O01738,Demo
ACT004939,O00432,Email
ACT004940,O02232,Demo
ACT004941,O03353,Workshop
ACT004942,O00642,POC
ACT004943,O00289,Email
ACT004944,O01118,Email
ACT004945,O02913,Call
ACT004946,O01920,POC
ACT004947,O03035,POC
ACT004948,O00140,Demo
ACT004949,O00502,Call
ACT004950,O00344,Call
ACT004951,O02695,Call
ACT004952,O00195,Demo
ACT004953,O02711,Workshop
ACT004954,O00184,Email
ACT004955,O03324,Call
ACT004956,O02380,Workshop
ACT004957,O02494,Demo
ACT004958,O01917,Email
ACT004959,O00234,Demo
ACT004960,O02309,Workshop
ACT004961,O01234,Workshop
ACT004962,O03001,Workshop
ACT004963,O02461,Email
ACT004964,O01670,Workshop
ACT004965,O00092,Workshop
ACT004966,O02968,Call
ACT004967,O00576,Email
ACT004968,O02019,POC
ACT004969,O02210,Demo
ACT004970,O02130,Workshop
ACT004971,O00712,Demo
ACT004972,O01243,Email
ACT004973,O02681,POC
ACT004974,O01760,Demo
ACT004975,O02083,Demo
ACT004976,O02003,Email
ACT004977,O00472,POC
ACT004978,O00976,POC
ACT004979,O00061,Email
ACT004980,O02970,Email
ACT004981,O03017,Email
ACT004982,O01347,POC
ACT004983,O02192,Demo
ACT004984,O00610,Email
ACT004985,O03301,Email
ACT004986,O00204,Call
ACT004987,O00974,Email
ACT004988,O03137,Demo
ACT004989,O00084,Workshop
ACT004990,O01887,Call
ACT004991,O01969,Demo
ACT004992,O01577,POC
ACT004993,O02966,Workshop
ACT004994,O00849,Demo
ACT004995,O02364,Demo
ACT004996,O00627,Workshop
ACT004997,O02252,Workshop
ACT004998,O00531,Workshop
ACT004999,O02935,Workshop
ACT005000,O03218,Email
ACT005001,O03136,Email
ACT005002,O01203,Email
ACT005003,O01165,Workshop
ACT005004,O00872,Call
ACT005005,O00823,Call
ACT005006,O02642,Demo
ACT005007,O02503,POC
ACT005008,O00895,Email
ACT005009,O02055,Workshop
ACT005010,O02036,POC
ACT005011,O03339,POC
ACT005012,O00210,Workshop
ACT005013,O01001,Workshop
ACT005014,O01669,Demo
ACT005015,O02976,Call
ACT005016,O01119,Demo
ACT005017,O02564,Call
ACT005018,O03495,Workshop
ACT005019,O01058,Workshop
ACT005020,O01883,Workshop
ACT005021,O02957,Email
ACT005022,O03305,POC
ACT005023,O03144,Email
ACT005024,O00255,Workshop
ACT005025,O01023,Call
ACT005026,O02276,Email
ACT005027,O00789,Workshop
ACT005028,O02204,Demo
ACT005029,O02501,Demo
ACT005030,O00698,Workshop
ACT005031,O01868,POC
ACT005032,O01730,Email
ACT005033,O01057,Email
ACT005034,O00626,Email
ACT005035,O00926,Call
ACT005036,O01580,Call
ACT005037,O03128,Workshop
ACT005038,O03069,Demo
ACT005039,O01611,Workshop
ACT005040,O01735,POC
ACT005041,O02495,Email
ACT005042,O01333,Workshop
ACT005043,O00760,Email
ACT005044,O00064,Workshop
ACT005045,O02849,Demo
ACT005046,O01020,POC
ACT005047,O00677,POC
ACT005048,O00245,POC
ACT005049,O01894,Call
ACT005050,O00684,Call
ACT005051,O01177,Email
ACT005052,O03128,Demo
ACT005053,O01965,Demo
ACT005054,O00663,Demo
ACT005055,O02021,POC
ACT005056,O01283,Call
ACT005057,O02252,Email
ACT005058,O02477,POC
ACT005059,O02808,Email
ACT005060,O02045,POC
ACT005061,O00710,Email
ACT005062,O01469,Demo
ACT005063,O00094,Call
ACT005064,O02349,POC
ACT005065,O01597,Workshop
ACT005066,O01467,Email
ACT005067,O01140,Call
ACT005068,O02559,Demo
ACT005069,O00240,Demo
ACT005070,O00760,Email
ACT005071,O01129,Demo
ACT005072,O00125,Demo
ACT005073,O03475,Demo
ACT005074,O00557,Call
ACT005075,O00526,Call
ACT005076,O01951,Email
ACT005077,O02186,Workshop
ACT005078,O02638,Call
ACT005079,O02279,Call
ACT005080,O00649,Email
ACT005081,O01221,Workshop
ACT005082,O02235,Email
ACT005083,O01820,POC
ACT005084,O01496,POC
ACT005085,O03200,Email
ACT005086,O01372,Workshop
ACT005087,O00053,Workshop
ACT005088,O02502,Workshop
ACT005089,O00872,Email
ACT005090,O01831,Email
ACT005091,O01600,Demo
ACT005092,O01036,Email
ACT005093,O01115,Workshop
ACT005094,O02509,Workshop
ACT005095,O00252,Demo
ACT005096,O03287,Call
ACT005097,O03114,Demo
ACT005098,O03130,Workshop
ACT005099,O01564,Demo
ACT005100,O00500,POC
ACT005101,O03146,Demo
ACT005102,O01096,POC
ACT005103,O02031,Email
ACT005104,O01860,Workshop
ACT005105,O01445,Workshop
ACT005106,O01023,POC
ACT005107,O00323,Call
ACT005108,O02252,Call
ACT005109,O02386,POC
ACT005110,O03500,POC
ACT005111,O03180,Email
ACT005112,O00730,Workshop
ACT005113,O00598,Workshop
ACT005114,O02427,Workshop
ACT005115,O02774,Demo
ACT005116,O00647,Workshop
ACT005117,O02867,POC
ACT005118,O01052,POC
ACT005119,O00036,Call
ACT005120,O02419,Workshop
ACT005121,O01787,Workshop
ACT005122,O02875,Workshop
ACT005123,O02695,Workshop
ACT005124,O00509,Demo
ACT005125,O01856,Call
ACT005126,O01356,POC
ACT005127,O01036,Workshop
ACT005128,O00871,Demo
ACT005129,O01626,POC
ACT005130,O01639,Workshop
ACT005131,O02277,POC
ACT005132,O00061,Demo
ACT005133,O02231,POC
ACT005134,O02744,Call
ACT005135,O01248,Call
ACT005136,O00191,Workshop
ACT005137,O02925,Call
ACT005138,O00762,POC
ACT005139,O00821,Demo
ACT005140,O01476,Demo
ACT005141,O03244,Email
ACT005142,O01076,POC
ACT005143,O00678,Workshop
ACT005144,O01168,POC
ACT005145,O03461,POC
ACT005146,O00492,Workshop
ACT005147,O03078,Email
ACT005148,O01244,POC
ACT005149,O00331,Email
ACT005150,O01090,POC
ACT005151,O01092,Demo
ACT005152,O00610,Workshop
ACT005153,O01704,POC
ACT005154,O00216,Workshop
ACT005155,O03112,Call
ACT005156,O03098,Call
ACT005157,O01831,Call
ACT005158,O01023,POC
ACT005159,O01145,Email
ACT005160,O00385,Call
ACT005161,O00469,Workshop
ACT005162,O02099,Email
ACT005163,O03256,Email
ACT005164,O03341,POC
ACT005165,O01258,Email
ACT005166,O02531,Demo
ACT005167,O01367,Demo
ACT005168,O00526,Call
ACT005169,O03241,Workshop
ACT005170,O03185,Workshop
ACT005171,O02444,POC
ACT005172,O00589,Workshop
ACT005173,O03013,Email
ACT005174,O02519,POC
ACT005175,O03107,Call
ACT005176,O02069,Workshop
ACT005177,O01813,Email
ACT005178,O00004,POC
ACT005179,O03216,POC
ACT005180,O01724,Demo
ACT005181,O00603,Email
ACT005182,O00135,Demo
ACT005183,O00680,Call
ACT005184,O02593,POC
ACT005185,O00544,Workshop
ACT005186,O00225,Call
ACT005187,O03336,Demo
ACT005188,O02413,Workshop
ACT005189,O01877,Email
ACT005190,O01250,Demo
ACT005191,O01525,POC
ACT005192,O02609,POC
ACT005193,O02507,Workshop
ACT005194,O02021,Email
ACT005195,O00932,Workshop
ACT005196,O00935,Call
ACT005197,O03458,Workshop
ACT005198,O00149,Call
ACT005199,O00792,Email
ACT005200,O02509,POC
ACT005201,O00225,POC
ACT005202,O01740,Demo
ACT005203,O03364,Demo
ACT005204,O02962,POC
ACT005205,O00952,Email
ACT005206,O00849,Email
ACT005207,O03027,Workshop
ACT005208,O02536,Email
ACT005209,O02423,POC
ACT005210,O02238,Email
ACT005211,O02136,Email
ACT005212,O02552,Call
ACT005213,O01757,Call
ACT005214,O00650,POC
ACT005215,O00463,Demo
ACT005216,O00077,Call
ACT005217,O02565,Email
ACT005218,O01976,POC
ACT005219,O00420,Call
ACT005220,O03429,POC
ACT005221,O01652,POC
ACT005222,O02097,Demo
ACT005223,O02965,Email
ACT005224,O01362,Demo
ACT005225,O01829,Workshop
ACT005226,O02448,Demo
ACT005227,O02289,Email
ACT005228,O01753,Email
ACT005229,O02405,Workshop
ACT005230,O02031,Email
ACT005231,O00545,Workshop
ACT005232,O02463,Call
ACT005233,O02940,Demo
ACT005234,O01210,Workshop
ACT005235,O01639,Email
ACT005236,O01878,Email
ACT005237,O00137,Workshop
ACT005238,O03443,Demo
ACT005239,O03444,Call
ACT005240,O03350,Email
ACT005241,O02336,Demo
ACT005242,O03488,Email
ACT005243,O00678,Email
ACT005244,O00670,POC
ACT005245,O00804,Workshop
ACT005246,O02018,Workshop
ACT005247,O02151,POC
ACT005248,O02888,Workshop
ACT005249,O02884,Demo
ACT005250,O00378,Demo
ACT005251,O01993,Email
ACT005252,O01107,Workshop
ACT005253,O02556,POC
ACT005254,O00825,Workshop
ACT005255,O00737,Call
ACT005256,O01812,Email
ACT005257,O02258,Demo
ACT005258,O00045,Email
ACT005259,O03460,Demo
ACT005260,O00057,Call
ACT005261,O01045,Demo
ACT005262,O01464,Call
ACT005263,O01322,Demo
ACT005264,O01764,POC
ACT005265,O02575,Workshop
ACT005266,O02696,Email
ACT005267,O01680,Email
ACT005268,O01655,Email
ACT005269,O01740,Workshop
ACT005270,O00714,POC
ACT005271,O03343,Demo
ACT005272,O00727,Demo
ACT005273,O03245,Demo
ACT005274,O03009,Workshop
ACT005275,O01211,POC
ACT005276,O02282,Workshop
ACT005277,O03282,POC
ACT005278,O01339,POC
ACT005279,O03224,Email
ACT005280,O01132,POC
ACT005281,O01903,Call
ACT005282,O02048,Call
ACT005283,O00997,Email
ACT005284,O03376,POC
ACT005285,O02915,Call
ACT005286,O01083,Workshop
ACT005287,O01539,Email
ACT005288,O02941,Call
ACT005289,O00472,Email
ACT005290,O02791,POC
ACT005291,O02811,Demo
ACT005292,O00437,Workshop
ACT005293,O03427,Call
ACT005294,O02863,Workshop
ACT005295,O01099,Workshop
ACT005296,O03353,POC
ACT005297,O00720,POC
ACT005298,O02319,Call
ACT005299,O01088,Workshop
ACT005300,O02009,Email
ACT005301,O01149,Call
ACT005302,O01500,Demo
ACT005303,O01602,Demo
ACT005304,O02967,Workshop
ACT005305,O00035,Demo
ACT005306,O00443,Email
ACT005307,O01296,Call
ACT005308,O03197,Demo
ACT005309,O00344,POC
ACT005310,O02701,Workshop
ACT005311,O00517,Workshop
ACT005312,O03172,POC
ACT005313,O01471,Call
ACT005314,O02583,POC
ACT005315,O02945,Email
ACT005316,O00602,Call
ACT005317,O00651,Demo
ACT005318,O01919,Workshop
ACT005319,O02821,POC
ACT005320,O02118,Call
ACT005321,O03464,Call
ACT005322,O02244,Workshop
ACT005323,O03231,Workshop
ACT005324,O03186,Workshop
ACT005325,O01994,Demo
ACT005326,O01684,Workshop
ACT005327,O00814,Demo
ACT005328,O00518,Workshop
ACT005329,O01780,Call
ACT005330,O00194,Email
ACT005331,O00731,POC
ACT005332,O01659,Email
ACT005333,O00005,POC
ACT005334,O02085,Call
ACT005335,O02092,Call
ACT005336,O00601,Call
ACT005337,O03425,Workshop
ACT005338,O01048,Email
ACT005339,O01671,Email
ACT005340,O01840,Email
ACT005341,O00529,Workshop
ACT005342,O02613,Call
ACT005343,O01163,Demo
ACT005344,O02374,Demo
ACT005345,O01079,Call
ACT005346,O00399,Workshop
ACT005347,O01622,Demo
ACT005348,O02342,Call
ACT005349,O00608,POC
ACT005350,O00644,POC
ACT005351,O00836,POC
ACT005352,O00305,Workshop
ACT005353,O03450,Email
ACT005354,O00275,Demo
ACT005355,O01763,Demo
ACT005356,O01344,Email
ACT005357,O03197,POC
ACT005358,O01492,Call
ACT005359,O02528,Email
ACT005360,O02533,Email
ACT005361,O02721,Workshop
ACT005362,O00573,POC
ACT005363,O01895,POC
ACT005364,O01169,Workshop
ACT005365,O01012,Workshop
ACT005366,O02624,POC
ACT005367,O01306,POC
ACT005368,O02649,Demo
ACT005369,O00191,Call
ACT005370,O03111,Email
ACT005371,O01081,Email
ACT005372,O02929,Email
ACT005373,O01298,Demo
ACT005374,O03084,Call
ACT005375,O00559,Email
ACT005376,O01404,Workshop
ACT005377,O02233,Call
ACT005378,O02694,POC
ACT005379,O01455,Workshop
ACT005380,O01060,POC
ACT005381,O03253,Workshop
ACT005382,O00064,Workshop
ACT005383,O02563,Email
ACT005384,O02884,Workshop
ACT005385,O02598,Demo
ACT005386,O00972,Email
ACT005387,O02591,Demo
ACT005388,O03092,Email
ACT005389,O01816,Workshop
ACT005390,O02863,Email
ACT005391,O02359,Workshop
ACT005392,O02050,Demo
ACT005393,O03376,Call
ACT005394,O01860,Demo
ACT005395,O02995,Email
ACT005396,O01538,Demo
ACT005397,O01607,Workshop
ACT005398,O01864,Call
ACT005399,O02417,Demo
ACT005400,O03001,Call
ACT005401,O03259,Email
ACT005402,O02005,POC
ACT005403,O02848,POC
ACT005404,O02945,Workshop
ACT005405,O02230,Email
ACT005406,O00026,Email
ACT005407,O03490,Call
ACT005408,O01775,Demo
ACT005409,O03144,Call
ACT005410,O02831,Workshop
ACT005411,O01942,Demo
ACT005412,O02697,POC
ACT005413,O01434,Call
ACT005414,O02823,Workshop
ACT005415,O00568,Call
ACT005416,O01291,Email
ACT005417,O02679,Workshop
ACT005418,O00014,Call
ACT005419,O00609,Demo
ACT005420,O03027,Demo
ACT005421,O00546,Demo
ACT005422,O02911,Demo
ACT005423,O00429,Demo
ACT005424,O01505,Email
ACT005425,O02012,Demo
ACT005426,O00823,Workshop
ACT005427,O00437,POC
ACT005428,O03149,Call
ACT005429,O01451,Email
ACT005430,O01046,POC
ACT005431,O01904,Email
ACT005432,O03241,Call
ACT005433,O02682,Workshop
ACT005434,O01669,Call
ACT005435,O02385,POC
ACT005436,O02736,Email
ACT005437,O02520,Call
ACT005438,O01108,Call
ACT005439,O01135,Email
ACT005440,O00206,Workshop
ACT005441,O02440,Workshop
ACT005442,O01330,Email
ACT005443,O03311,Demo
ACT005444,O01891,Workshop
ACT005445,O01945,Email
ACT005446,O03448,POC
ACT005447,O01945,POC
ACT005448,O00645,Call
ACT005449,O00627,Workshop
ACT005450,O02216,Demo
ACT005451,O01909,Email
ACT005452,O01567,Demo
ACT005453,O01092,Email
ACT005454,O00088,POC
ACT005455,O02265,Call
ACT005456,O02382,Email
ACT005457,O01097,Workshop
ACT005458,O00016,Email
ACT005459,O02049,Call
ACT005460,O01928,POC
ACT005461,O00848,Demo
ACT005462,O01387,Call
ACT005463,O01452,POC
ACT005464,O00007,Call
ACT005465,O02913,Workshop
ACT005466,O00966,Call
ACT005467,O03165,Email
ACT005468,O01151,Call
ACT005469,O00477,POC
ACT005470,O02450,Call
ACT005471,O02140,Email
ACT005472,O02164,Workshop
ACT005473,O02773,Call
ACT005474,O00487,Email
ACT005475,O01889,Call
ACT005476,O03006,POC
ACT005477,O01049,POC
ACT005478,O01061,Workshop
ACT005479,O03070,Demo
ACT005480,O03285,Email
ACT005481,O03476,Email
ACT005482,O03070,Call
ACT005483,O01144,Email
ACT005484,O03261,Workshop
ACT005485,O02233,Call
ACT005486,O01107,Call
ACT005487,O00615,Workshop
ACT005488,O02860,Call
ACT005489,O02477,Email
ACT005490,O02594,Demo
ACT005491,O03170,POC
ACT005492,O02622,POC
ACT005493,O02910,POC
ACT005494,O02158,Email
ACT005495,O03079,Call
ACT005496,O03393,Demo
ACT005497,O01332,Email
ACT005498,O00729,Workshop
ACT005499,O02456,Demo
ACT005500,O03397,Call
ACT005501,O02392,Email
ACT005502,O00479,Demo
ACT005503,O00364,Email
ACT005504,O03248,POC
ACT005505,O01630,Workshop
ACT005506,O00024,Call
ACT005507,O01641,Workshop
ACT005508,O00009,Demo
ACT005509,O01639,Call
ACT005510,O02459,Workshop
ACT005511,O00867,Demo
ACT005512,O01352,Call
ACT005513,O01444,Call
ACT005514,O01266,POC
ACT005515,O02784,Call
ACT005516,O00964,Workshop
ACT005517,O02309,Workshop
ACT005518,O02481,POC
ACT005519,O00602,Workshop
ACT005520,O02055,POC
ACT005521,O02711,Email
ACT005522,O03429,Call
ACT005523,O00403,Call
ACT005524,O00232,Workshop
ACT005525,O01895,Call
ACT005526,O03137,Call
ACT005527,O03306,POC
ACT005528,O03114,Email
ACT005529,O00260,Demo
ACT005530,O00021,Email
ACT005531,O00185,Workshop
ACT005532,O00148,Email
ACT005533,O03319,Email
ACT005534,O03366,Call
ACT005535,O01833,Call
ACT005536,O00854,Email
ACT005537,O03142,Workshop
ACT005538,O00194,Email
ACT005539,O02674,Call
ACT005540,O01554,Workshop
ACT005541,O00475,Call
ACT005542,O00200,Email
ACT005543,O01965,POC
ACT005544,O02044,Email
ACT005545,O00013,Call
ACT005546,O03182,POC
ACT005547,O02241,POC
ACT005548,O00437,Email
ACT005549,O03480,Email
ACT005550,O00346,POC
ACT005551,O02833,Demo
ACT005552,O01426,Workshop
ACT005553,O01823,Email
ACT005554,O02321,Workshop
ACT005555,O02738,Email
ACT005556,O02377,Demo
ACT005557,O02592,Call
ACT005558,O01882,Email
ACT005559,O02238,Call
ACT005560,O00992,Demo
ACT005561,O02585,POC
ACT005562,O02422,Email
ACT005563,O01765,Call
ACT005564,O00126,Workshop
ACT005565,O03007,POC
ACT005566,O03305,Demo
ACT005567,O02612,Demo
ACT005568,O01372,Workshop
ACT005569,O01272,Demo
ACT005570,O01203,Demo
ACT005571,O01582,Demo
ACT005572,O01431,Workshop
ACT005573,O02427,Email
ACT005574,O01693,Email
ACT005575,O02997,POC
ACT005576,O00574,Call
ACT005577,O03011,Email
ACT005578,O01720,POC
ACT005579,O00292,POC
ACT005580,O02097,POC
ACT005581,O00122,Demo
ACT005582,O02986,POC
ACT005583,O00210,POC
ACT005584,O02859,Call
ACT005585,O01975,Demo
ACT005586,O02233,Email
ACT005587,O00052,Call
ACT005588,O00987,Demo
ACT005589,O01157,Workshop
ACT005590,O00199,Call
ACT005591,O00013,POC
ACT005592,O01544,POC
ACT005593,O02756,Email
ACT005594,O01909,Demo
ACT005595,O02364,Workshop
ACT005596,O00308,Workshop
ACT005597,O00517,Email
ACT005598,O02332,Demo
ACT005599,O01493,Workshop
ACT005600,O02854,Demo
ACT005601,O00844,Email
ACT005602,O00385,Workshop
ACT005603,O03497,Email
ACT005604,O00436,POC
ACT005605,O00890,Workshop
ACT005606,O02046,Workshop
ACT005607,O03012,POC
ACT005608,O00379,Call
ACT005609,O00305,POC
ACT005610,O01271,Call
ACT005611,O01883,Workshop
ACT005612,O03427,Call
ACT005613,O01429,Demo
ACT005614,O00049,POC
ACT005615,O00341,Demo
ACT005616,O03462,POC
ACT005617,O01019,POC
ACT005618,O03353,Demo
ACT005619,O02393,Email
ACT005620,O03048,POC
ACT005621,O01954,Workshop
ACT005622,O02002,Email
ACT005623,O00998,Workshop
ACT005624,O01811,Call
ACT005625,O02148,POC
ACT005626,O03470,Workshop
ACT005627,O01002,Call
ACT005628,O02497,Demo
ACT005629,O00169,Demo
ACT005630,O01889,Email
ACT005631,O03089,Demo
ACT005632,O02846,POC
ACT005633,O01349,POC
ACT005634,O00838,Workshop
ACT005635,O00540,POC
ACT005636,O02451,POC
ACT005637,O01648,Demo
ACT005638,O03170,Workshop
ACT005639,O03480,Demo
ACT005640,O00603,POC
ACT005641,O03130,Demo
ACT005642,O03444,POC
ACT005643,O01439,Workshop
ACT005644,O00614,POC
ACT005645,O03026,Workshop
ACT005646,O02809,Email
ACT005647,O00503,Call
ACT005648,O02121,Email
ACT005649,O03313,Workshop
ACT005650,O01565,Call
ACT005651,O02558,Call
ACT005652,O02911,Call
ACT005653,O00205,POC
ACT005654,O00328,Demo
ACT005655,O01929,Email
ACT005656,O00143,Call
ACT005657,O00407,POC
ACT005658,O02089,Demo
ACT005659,O02339,POC
ACT005660,O00455,Demo
ACT005661,O00506,Call
ACT005662,O01815,Workshop
ACT005663,O03204,Email
ACT005664,O02831,POC
ACT005665,O02695,Email
ACT005666,O01272,Demo
ACT005667,O01790,Workshop
ACT005668,O00646,Workshop
ACT005669,O01091,Workshop
ACT005670,O00262,Demo
ACT005671,O03325,Call
ACT005672,O03090,Call
ACT005673,O02603,Email
ACT005674,O02752,Call
ACT005675,O01367,Demo
ACT005676,O00142,Call
ACT005677,O00838,Email
ACT005678,O01724,Email
ACT005679,O01625,Email
ACT005680,O01817,Demo
ACT005681,O02509,POC
ACT005682,O02662,Workshop
ACT005683,O00058,POC
ACT005684,O01158,Demo
ACT005685,O02007,Call
ACT005686,O01634,Email
ACT005687,O00789,Email
ACT005688,O00189,Workshop
ACT005689,O03323,Call
ACT005690,O02330,POC
ACT005691,O03161,Workshop
ACT005692,O03427,Email
ACT005693,O02379,Call
ACT005694,O01273,Email
ACT005695,O01874,Call
ACT005696,O00529,Demo
ACT005697,O01197,Demo
ACT005698,O02826,Workshop
ACT005699,O00061,Workshop
ACT005700,O00324,POC
ACT005701,O00286,Call
ACT005702,O00513,Demo
ACT005703,O00203,Email
ACT005704,O00281,Call
ACT005705,O03366,Workshop
ACT005706,O01223,Workshop
ACT005707,O02488,Call
ACT005708,O01419,POC
ACT005709,O03258,Workshop
ACT005710,O00818,Workshop
ACT005711,O01881,Call
ACT005712,O01737,Email
ACT005713,O00875,Call
ACT005714,O00485,POC
ACT005715,O03285,POC
ACT005716,O02247,Workshop
ACT005717,O00973,Email
ACT005718,O01157,POC
ACT005719,O00854,POC
ACT005720,O01545,Email
ACT005721,O01448,POC
ACT005722,O01431,POC
ACT005723,O03170,Demo
ACT005724,O00943,Call
ACT005725,O01590,Email
ACT005726,O00075,Email
ACT005727,O01556,Demo
ACT005728,O00962,Workshop
ACT005729,O02602,Email
ACT005730,O00180,Demo
ACT005731,O00590,Workshop
ACT005732,O02830,Demo
ACT005733,O01593,POC
ACT005734,O03462,Demo
ACT005735,O00371,Workshop
ACT005736,O02199,Call
ACT005737,O03013,POC
ACT005738,O01022,Email
ACT005739,O03381,Call
ACT005740,O00810,Workshop
ACT005741,O03485,Demo
ACT005742,O00201,Call
ACT005743,O00226,Workshop
ACT005744,O00597,Email
ACT005745,O01324,POC
ACT005746,O02105,Demo
ACT005747,O01173,POC
ACT005748,O02493,Workshop
ACT005749,O02035,POC
ACT005750,O02272,Email
ACT005751,O01795,Call
ACT005752,O01010,Call
ACT005753,O03197,Workshop
ACT005754,O01256,Workshop
ACT005755,O03138,POC
ACT005756,O02446,Email
ACT005757,O03132,Demo
ACT005758,O02778,POC
ACT005759,O02094,Email
ACT005760,O00717,POC
ACT005761,O02359,Demo
ACT005762,O00973,POC
ACT005763,O02033,Email
ACT005764,O01454,Demo
ACT005765,O00146,Workshop
ACT005766,O03156,Workshop
ACT005767,O03142,Workshop
ACT005768,O01462,POC
ACT005769,O00266,POC
ACT005770,O01570,POC
ACT005771,O01901,Workshop
ACT005772,O02734,Email
ACT005773,O00234,Demo
ACT005774,O00942,POC
ACT005775,O00052,Email
ACT005776,O03056,Email
ACT005777,O02551,Email
ACT005778,O01861,Email
ACT005779,O00839,POC
ACT005780,O03007,Call
ACT005781,O00458,POC
ACT005782,O03500,POC
ACT005783,O00076,Call
ACT005784,O00545,Demo
ACT005785,O01566,Call
ACT005786,O01194,Email
ACT005787,O01158,Workshop
ACT005788,O00355,Call
ACT005789,O02182,POC
ACT005790,O01608,Email
ACT005791,O03218,Call
ACT005792,O03011,Demo
ACT005793,O02420,Email
ACT005794,O02795,Call
ACT005795,O02371,Email
ACT005796,O00538,Demo
ACT005797,O00994,Email
ACT005798,O02617,Workshop
ACT005799,O00161,Email
ACT005800,O01992,Call
ACT005801,O01227,Workshop
ACT005802,O01646,Workshop
ACT005803,O02898,Call
ACT005804,O00854,Email
ACT005805,O01306,Demo
ACT005806,O00052,Workshop
ACT005807,O00666,POC
ACT005808,O01439,Email
ACT005809,O02848,Workshop
ACT005810,O01831,POC
ACT005811,O03112,Call
ACT005812,O00329,Workshop
ACT005813,O03075,POC
ACT005814,O02772,POC
ACT005815,O01553,Workshop
ACT005816,O02206,Email
ACT005817,O01031,Call
ACT005818,O00710,Call
ACT005819,O01171,Email
ACT005820,O03337,Demo
ACT005821,O03345,Email
ACT005822,O02177,Call
ACT005823,O03401,Workshop
ACT005824,O00194,Demo
ACT005825,O02078,POC
ACT005826,O03266,Email
ACT005827,O00647,Call
ACT005828,O00530,Workshop
ACT005829,O00116,Email
ACT005830,O00065,Workshop
ACT005831,O00356,Demo
ACT005832,O01808,POC
ACT005833,O03102,Demo
ACT005834,O00336,Workshop
ACT005835,O01607,Workshop
ACT005836,O00367,Call
ACT005837,O03215,Call
ACT005838,O00827,POC
ACT005839,O00282,Workshop
ACT005840,O02002,Call
ACT005841,O02977,Call
ACT005842,O02138,POC
ACT005843,O03215,Demo
ACT005844,O02430,Workshop
ACT005845,O02186,Demo
ACT005846,O00122,Demo
ACT005847,O01724,Call
ACT005848,O02379,POC
ACT005849,O00513,Call
ACT005850,O02024,Call
ACT005851,O03273,Demo
ACT005852,O02271,Demo
ACT005853,O01144,Call
ACT005854,O00050,Call
ACT005855,O02305,Workshop
ACT005856,O02765,Workshop
ACT005857,O03237,Call
ACT005858,O00495,Demo
ACT005859,O02778,POC
ACT005860,O01427,Demo
ACT005861,O02695,Workshop
ACT005862,O01134,Email
ACT005863,O00909,Demo
ACT005864,O02446,Workshop
ACT005865,O01591,Demo
ACT005866,O00778,Demo
ACT005867,O01781,Demo
ACT005868,O01032,Demo
ACT005869,O02234,POC
ACT005870,O01469,Demo
ACT005871,O00678,Workshop
ACT005872,O02132,POC
ACT005873,O02222,Call
ACT005874,O01248,POC
ACT005875,O01219,Email
ACT005876,O00841,Workshop
ACT005877,O01384,Call
ACT005878,O01157,POC
ACT005879,O00740,Email
ACT005880,O00776,POC
ACT005881,O02145,POC
ACT005882,O03073,Workshop
ACT005883,O01079,Demo
ACT005884,O00339,Demo
ACT005885,O00585,Call
ACT005886,O00429,Email
ACT005887,O00024,POC
ACT005888,O00270,Workshop
ACT005889,O00246,Call
ACT005890,O01350,Demo
ACT005891,O00406,POC
ACT005892,O01233,Call
ACT005893,O02038,Email
ACT005894,O01991,Call
ACT005895,O02115,Workshop
ACT005896,O03479,POC
ACT005897,O02865,Call
ACT005898,O01906,Demo
ACT005899,O01518,Call
ACT005900,O01673,Workshop
ACT005901,O00176,Workshop
ACT005902,O00109,Workshop
ACT005903,O01088,Workshop
ACT005904,O01429,Demo
ACT005905,O00667,Demo
ACT005906,O00842,POC
ACT005907,O02904,POC
ACT005908,O02497,Call
ACT005909,O00341,Demo
ACT005910,O01665,Workshop
ACT005911,O03361,Demo
ACT005912,O00101,Workshop
ACT005913,O02733,Workshop
ACT005914,O02058,POC
ACT005915,O02125,Demo
ACT005916,O01920,POC
ACT005917,O01249,Demo
ACT005918,O00316,Email
ACT005919,O00394,Call
ACT005920,O02793,Email
ACT005921,O02800,POC
ACT005922,O03220,POC
ACT005923,O01680,Email
ACT005924,O00557,Demo
ACT005925,O02301,Email
ACT005926,O01558,Call
ACT005927,O02978,Email
ACT005928,O00208,Demo
ACT005929,O02950,Demo
ACT005930,O00706,Call
ACT005931,O03299,Call
ACT005932,O00353,Workshop
ACT005933,O03038,POC
ACT005934,O00763,Email
ACT005935,O03353,Call
ACT005936,O01378,Workshop
ACT005937,O02032,Workshop
ACT005938,O01095,Workshop
ACT005939,O02885,Demo
ACT005940,O03213,Email
ACT005941,O00939,Call
ACT005942,O02007,Call
ACT005943,O01610,POC
ACT005944,O02530,Call
ACT005945,O01006,Workshop
ACT005946,O01083,Workshop
ACT005947,O02810,Demo
ACT005948,O01469,Workshop
ACT005949,O01506,Call
ACT005950,O00128,Email
ACT005951,O00896,Call
ACT005952,O02898,Email
ACT005953,O00181,Workshop
ACT005954,O02381,Email
ACT005955,O01603,POC
ACT005956,O00360,Email
ACT005957,O02100,Demo
ACT005958,O03424,Call
ACT005959,O00223,POC
ACT005960,O02242,Workshop
ACT005961,O01510,Workshop
ACT005962,O03108,Call
ACT005963,O02149,POC
ACT005964,O02121,Email
ACT005965,O02690,Demo
ACT005966,O02389,Workshop
ACT005967,O00258,Workshop
ACT005968,O03175,Call
ACT005969,O00495,Email
ACT005970,O02647,Email
ACT005971,O03154,Email
ACT005972,O02739,Call
ACT005973,O03169,Email
ACT005974,O02365,Email
ACT005975,O01789,POC
ACT005976,O00314,Demo
ACT005977,O03239,Email
ACT005978,O03118,Workshop
ACT005979,O03282,POC
ACT005980,O03177,Workshop
ACT005981,O02771,Workshop
ACT005982,O00037,POC
ACT005983,O00261,Demo
ACT005984,O01526,Demo
ACT005985,O02498,Call
ACT005986,O03022,Workshop
ACT005987,O00702,Demo
ACT005988,O02853,Email
ACT005989,O02823,POC
ACT005990,O01378,Call
ACT005991,O02406,Call
ACT005992,O00660,Email
ACT005993,O03338,Workshop
ACT005994,O00176,Email
ACT005995,O03107,Email
ACT005996,O03246,POC
ACT005997,O01206,Call
ACT005998,O03144,Email
ACT005999,O01878,Workshop
ACT006000,O02434,Call
ACT006001,O02969,Email
ACT006002,O01576,Workshop
ACT006003,O00628,Workshop
ACT006004,O02934,Call
ACT006005,O03261,Demo
ACT006006,O00905,Demo
ACT006007,O03122,Workshop
ACT006008,O00268,Call
ACT006009,O02948,Email
ACT006010,O01393,POC
ACT006011,O02341,POC
ACT006012,O00174,Call
ACT006013,O02486,Email
ACT006014,O01770,Email
ACT006015,O02899,Email
ACT006016,O00978,Workshop
ACT006017,O00797,Email
ACT006018,O00049,Email
ACT006019,O00047,Workshop
ACT006020,O00368,Workshop
ACT006021,O00213,Workshop
ACT006022,O03341,POC
ACT006023,O01998,Email
ACT006024,O02614,Email
ACT006025,O00555,Demo
ACT006026,O02182,Call
ACT006027,O01799,POC
ACT006028,O03290,POC
ACT006029,O01700,Call
ACT006030,O03109,Workshop
ACT006031,O01755,Call
ACT006032,O00690,Workshop
ACT006033,O00003,Workshop
ACT006034,O01303,Email
ACT006035,O02272,Email
ACT006036,O03374,Demo
ACT006037,O00099,Workshop
ACT006038,O01478,POC
ACT006039,O01803,POC
ACT006040,O00977,Workshop
ACT006041,O00082,Workshop
ACT006042,O00940,Email
ACT006043,O02206,Demo
ACT006044,O02988,Email
ACT006045,O00626,Demo
ACT006046,O01209,Call
ACT006047,O00947,Workshop
ACT006048,O02650,Email
ACT006049,O00078,Demo
ACT006050,O01904,Call
ACT006051,O03234,Email
ACT006052,O02056,Call
ACT006053,O03274,Call
ACT006054,O02078,POC
ACT006055,O03471,Workshop
ACT006056,O03021,Call
ACT006057,O02495,Call
ACT006058,O03417,Demo
ACT006059,O03433,Call
ACT006060,O00677,Call
ACT006061,O01262,Demo
ACT006062,O02956,Workshop
ACT006063,O02683,POC
ACT006064,O02300,Workshop
ACT006065,O00010,Demo
ACT006066,O03417,POC
ACT006067,O03469,Demo
ACT006068,O01945,Call
ACT006069,O00425,Call
ACT006070,O00327,Call
ACT006071,O03274,Email
ACT006072,O03021,POC
ACT006073,O01096,Demo
ACT006074,O02405,Workshop
ACT006075,O02408,Workshop
ACT006076,O00458,POC
ACT006077,O01096,POC
ACT006078,O02021,Email
ACT006079,O00761,POC
ACT006080,O00588,Demo
ACT006081,O03263,Call
ACT006082,O00864,Workshop
ACT006083,O00366,Email
ACT006084,O01683,POC
ACT006085,O01655,POC
ACT006086,O03077,Call
ACT006087,O02597,Call
ACT006088,O01948,Call
ACT006089,O03063,POC
ACT006090,O01006,Call
ACT006091,O03066,Call
ACT006092,O02527,Workshop
ACT006093,O03245,Call
ACT006094,O00249,Email
ACT006095,O02797,Call
ACT006096,O00648,Email
ACT006097,O00693,Workshop
ACT006098,O00246,Email
ACT006099,O02400,Workshop
ACT006100,O01737,Email
ACT006101,O02515,Workshop
ACT006102,O01879,Email
ACT006103,O00246,POC
ACT006104,O01673,Workshop
ACT006105,O01076,Call
ACT006106,O03078,Workshop
ACT006107,O01906,Email
ACT006108,O01606,Call
ACT006109,O02683,Workshop
ACT006110,O01930,Workshop
ACT006111,O00234,POC
ACT006112,O00648,Demo
ACT006113,O02927,Workshop
ACT006114,O01100,Workshop
ACT006115,O02060,Call
ACT006116,O01112,Email
ACT006117,O00648,Email
ACT006118,O02397,Demo
ACT006119,O01384,Demo
ACT006120,O02964,Demo
ACT006121,O01292,Email
ACT006122,O00680,Call
ACT006123,O02645,POC
ACT006124,O01608,Workshop
ACT006125,O01308,Demo
ACT006126,O01254,Call
ACT006127,O02667,Workshop
ACT006128,O00274,Email
ACT006129,O00151,Email
ACT006130,O03231,Email
ACT006131,O03056,Call
ACT006132,O01719,Call
ACT006133,O02338,POC
ACT006134,O02874,Demo
ACT006135,O03005,Call
ACT006136,O00077,POC
ACT006137,O03151,POC
ACT006138,O00911,Call
ACT006139,O00449,Email
ACT006140,O02938,Workshop
ACT006141,O02516,POC
ACT006142,O00465,Demo
ACT006143,O03238,Demo
ACT006144,O02358,POC
ACT006145,O03165,POC
ACT006146,O02946,Call
ACT006147,O02812,Demo
ACT006148,O03253,POC
ACT006149,O01149,Email
ACT006150,O01051,Email
ACT006151,O01438,Call
ACT006152,O02279,Workshop
ACT006153,O02104,POC
ACT006154,O02455,POC
ACT006155,O00938,POC
ACT006156,O00564,Demo
ACT006157,O00076,POC
ACT006158,O03472,Call
ACT006159,O00593,Workshop
ACT006160,O02123,Email
ACT006161,O02038,Workshop
ACT006162,O02471,Call
ACT006163,O00872,Workshop
ACT006164,O02053,Email
ACT006165,O00186,Email
ACT006166,O01095,POC
ACT006167,O03244,Workshop
ACT006168,O03046,Demo
ACT006169,O01888,Workshop
ACT006170,O00487,Workshop
ACT006171,O02237,Email
ACT006172,O02405,Demo
ACT006173,O01703,Workshop
ACT006174,O01754,Call
ACT006175,O01884,Demo
ACT006176,O00076,Email
ACT006177,O00640,POC
ACT006178,O01992,Email
ACT006179,O02778,Workshop
ACT006180,O01839,Workshop
ACT006181,O02896,Workshop
ACT006182,O00473,POC
ACT006183,O02750,Demo
ACT006184,O01239,POC
ACT006185,O02820,Workshop
ACT006186,O02585,POC
ACT006187,O03014,Call
ACT006188,O02703,POC
ACT006189,O00702,POC
ACT006190,O02358,Call
ACT006191,O00452,Call
ACT006192,O03058,Email
ACT006193,O00548,POC
ACT006194,O00196,POC
ACT006195,O00380,Email
ACT006196,O01188,Demo
ACT006197,O00606,Email
ACT006198,O01149,Call
ACT006199,O02075,Call
ACT006200,O00223,Email
ACT006201,O02394,Email
ACT006202,O03175,Demo
ACT006203,O02863,Demo
ACT006204,O01193,POC
ACT006205,O02606,POC
ACT006206,O02909,Workshop
ACT006207,O01004,Email
ACT006208,O01090,Demo
ACT006209,O01247,Demo
ACT006210,O00793,POC
ACT006211,O02716,Email
ACT006212,O02921,Email
ACT006213,O03391,POC
ACT006214,O00114,Email
ACT006215,O01261,POC
ACT006216,O02022,Workshop
ACT006217,O00068,Workshop
ACT006218,O02959,Email
ACT006219,O03441,Workshop
ACT006220,O00604,Email
ACT006221,O00019,Call
ACT006222,O01597,Workshop
ACT006223,O00233,Call
ACT006224,O01570,POC
ACT006225,O02550,Workshop
ACT006226,O02364,Demo
ACT006227,O01881,Workshop
ACT006228,O01373,Workshop
ACT006229,O01066,Demo
ACT006230,O01081,Workshop
ACT006231,O00232,POC
ACT006232,O02385,Email
ACT006233,O03329,Call
ACT006234,O01246,Call
ACT006235,O03378,Call
ACT006236,O02156,Demo
ACT006237,O00533,Workshop
ACT006238,O02237,Email
ACT006239,O00173,Demo
ACT006240,O01992,Call
ACT006241,O00172,Email
ACT006242,O00312,POC
ACT006243,O00441,Demo
ACT006244,O03174,Workshop
ACT006245,O00480,Email
ACT006246,O00631,POC
ACT006247,O02399,Email
ACT006248,O01229,POC
ACT006249,O03001,Demo
ACT006250,O00822,Call
ACT006251,O00850,Workshop
ACT006252,O00037,Email
ACT006253,O03497,POC
ACT006254,O00228,Call
ACT006255,O00978,Email
ACT006256,O01181,Call
ACT006257,O01126,POC
ACT006258,O01627,Email
ACT006259,O01596,Workshop
ACT006260,O00439,Demo
ACT006261,O02775,POC
ACT006262,O03247,POC
ACT006263,O02591,Demo
ACT006264,O01658,POC
ACT006265,O00744,Email
ACT006266,O02029,Workshop
ACT006267,O00346,POC
ACT006268,O00844,POC
ACT006269,O01889,Email
ACT006270,O01643,Workshop
ACT006271,O01598,POC
ACT006272,O02270,Email
ACT006273,O01227,Email
ACT006274,O01789,Call
ACT006275,O02784,Demo
ACT006276,O01367,Demo
ACT006277,O01610,Workshop
ACT006278,O00044,POC
ACT006279,O03337,Workshop
ACT006280,O00756,Call
ACT006281,O00447,Workshop
ACT006282,O00959,Workshop
ACT006283,O01139,Call
ACT006284,O00571,Workshop
ACT006285,O03202,Workshop
ACT006286,O02460,Email
ACT006287,O02211,Demo
ACT006288,O02509,Workshop
ACT006289,O01302,POC
ACT006290,O03364,Email
ACT006291,O00552,Call
ACT006292,O01171,Call
ACT006293,O01503,Demo
ACT006294,O00589,Call
ACT006295,O00757,Workshop
ACT006296,O03091,Call
ACT006297,O03492,Demo
ACT006298,O01248,Email
ACT006299,O01576,Email
ACT006300,O00188,Demo
ACT006301,O02875,Demo
ACT006302,O02846,Demo
ACT006303,O01327,Email
ACT006304,O01117,Demo
ACT006305,O02996,Demo
ACT006306,O02019,Email
ACT006307,O00660,Email
ACT006308,O00333,Email
ACT006309,O00928,POC
ACT006310,O03391,Email
ACT006311,O01864,Email
ACT006312,O01036,POC
ACT006313,O00029,Workshop
ACT006314,O00772,Call
ACT006315,O02136,Workshop
ACT006316,O00387,Workshop
ACT006317,O00716,POC
ACT006318,O02386,Call
ACT006319,O02492,Call
ACT006320,O01678,Email
ACT006321,O00106,Workshop
ACT006322,O01495,Workshop
ACT006323,O02347,Workshop
ACT006324,O03265,Demo
ACT006325,O00273,POC
ACT006326,O01564,Call
ACT006327,O01690,POC
ACT006328,O02205,Call
ACT006329,O03037,Workshop
ACT006330,O01236,Demo
ACT006331,O02015,Demo
ACT006332,O00063,POC
ACT006333,O02672,Call
ACT006334,O02837,Email
ACT006335,O01472,Workshop
ACT006336,O02637,Demo
ACT006337,O01631,Email
ACT006338,O02339,Email
ACT006339,O01113,Call
ACT006340,O01085,Workshop
ACT006341,O01857,Email
ACT006342,O00126,Call
ACT006343,O00659,Call
ACT006344,O02629,Call
ACT006345,O00126,Workshop
ACT006346,O02039,Email
ACT006347,O00678,Call
ACT006348,O02578,POC
ACT006349,O01426,POC
ACT006350,O00727,Workshop
ACT006351,O02227,Call
ACT006352,O00805,POC
ACT006353,O02846,Demo
ACT006354,O01385,Call
ACT006355,O01722,POC
ACT006356,O00056,Workshop
ACT006357,O02510,Call
ACT006358,O00807,Demo
ACT006359,O01968,POC
ACT006360,O02442,POC
ACT006361,O00977,Email
ACT006362,O01043,Workshop
ACT006363,O01839,Workshop
ACT006364,O00277,Workshop
ACT006365,O01379,Call
ACT006366,O02226,Email
ACT006367,O01633,Call
ACT006368,O01643,Call
ACT006369,O02382,Email
ACT006370,O02935,Demo
ACT006371,O02038,POC
ACT006372,O01028,Call
ACT006373,O02602,Email
ACT006374,O00503,Workshop
ACT006375,O01037,Call
ACT006376,O00878,Call
ACT006377,O00804,POC
ACT006378,O02872,Email
ACT006379,O01489,Call
ACT006380,O03339,POC
ACT006381,O00913,POC
ACT006382,O00070,POC
ACT006383,O02954,Demo
ACT006384,O03176,POC
ACT006385,O02817,Email
ACT006386,O00959,Call
ACT006387,O00673,Demo
ACT006388,O02936,Workshop
ACT006389,O00724,POC
ACT006390,O02527,Demo
ACT006391,O02526,Call
ACT006392,O01853,Email
ACT006393,O01478,Call
ACT006394,O01704,POC
ACT006395,O02405,Call
ACT006396,O02090,Call
ACT006397,O01317,Workshop
ACT006398,O01390,Demo
ACT006399,O00914,Call
ACT006400,O01505,Email
ACT006401,O02981,Demo
ACT006402,O02640,POC
ACT006403,O02749,Workshop
ACT006404,O00437,Email
ACT006405,O02414,Email
ACT006406,O02119,Email
ACT006407,O01696,POC
ACT006408,O02243,POC
ACT006409,O00830,Demo
ACT006410,O03443,Email
ACT006411,O01816,Demo
ACT006412,O00727,Email
ACT006413,O00555,Demo
ACT006414,O01014,Call
ACT006415,O02173,Call
ACT006416,O02481,Call
ACT006417,O00434,Demo
ACT006418,O01895,Call
ACT006419,O01484,Demo
ACT006420,O00063,Email
ACT006421,O01541,Call
ACT006422,O00395,POC
ACT006423,O00714,Email
ACT006424,O00592,POC
ACT006425,O01320,Demo
ACT006426,O00375,POC
ACT006427,O02462,Demo
ACT006428,O02693,Call
ACT006429,O03372,Workshop
ACT006430,O03158,Email
ACT006431,O01559,POC
ACT006432,O00188,Demo
ACT006433,O01292,Call
ACT006434,O02092,Email
ACT006435,O02172,Email
ACT006436,O01591,Call
ACT006437,O02871,Demo
ACT006438,O01669,Call
ACT006439,O00772,Workshop
ACT006440,O01671,Email
ACT006441,O00903,Workshop
ACT006442,O03088,POC
ACT006443,O03345,Workshop
ACT006444,O00863,POC
ACT006445,O03349,Demo
ACT006446,O01475,POC
ACT006447,O02376,Workshop
ACT006448,O00873,Demo
ACT006449,O00637,POC
ACT006450,O03350,Email
ACT006451,O02424,Workshop
ACT006452,O01864,Demo
ACT006453,O02764,Demo
ACT006454,O00981,Email
ACT006455,O03445,Call
ACT006456,O01066,Call
ACT006457,O01113,Workshop
ACT006458,O01740,Demo
ACT006459,O02222,Email
ACT006460,O01999,POC
ACT006461,O03249,Workshop
ACT006462,O00044,Email
ACT006463,O02209,Workshop
ACT006464,O01307,Call
ACT006465,O01670,Demo
ACT006466,O01739,Workshop
ACT006467,O00108,Call
ACT006468,O01526,Call
ACT006469,O01319,POC
ACT006470,O03446,Call
ACT006471,O00813,POC
ACT006472,O02775,Email
ACT006473,O02183,POC
ACT006474,O01839,Demo
ACT006475,O00309,Call
ACT006476,O01165,Email
ACT006477,O01366,Call
ACT006478,O02822,Email
ACT006479,O00661,Email
ACT006480,O03339,Demo
ACT006481,O02816,Demo
ACT006482,O02190,Workshop
ACT006483,O02025,Email
ACT006484,O02981,Email
ACT006485,O01811,Demo
ACT006486,O00681,Call
ACT006487,O03326,Call
ACT006488,O00372,Call
ACT006489,O01915,Demo
ACT006490,O00336,POC
ACT006491,O01217,Call
ACT006492,O00373,Demo
ACT006493,O02876,Call
ACT006494,O01276,POC
ACT006495,O01876,Email
ACT006496,O03453,Demo
ACT006497,O00260,POC
ACT006498,O01844,Workshop
ACT006499,O01057,POC
ACT006500,O02782,Workshop
ACT006501,O00419,Demo
ACT006502,O01438,Demo
ACT006503,O01064,Workshop
ACT006504,O03283,Call
ACT006505,O02304,Call
ACT006506,O00379,Call
ACT006507,O03361,Email
ACT006508,O02477,Call
ACT006509,O00150,Demo
ACT006510,O00559,Email
ACT006511,O00498,POC
ACT006512,O00860,POC
ACT006513,O00667,Workshop
ACT006514,O02415,Call
ACT006515,O03394,Workshop
ACT006516,O02031,Demo
ACT006517,O02377,Email
ACT006518,O00986,POC
ACT006519,O02950,Email
ACT006520,O02909,Demo
ACT006521,O03137,Email
ACT006522,O01674,Email
ACT006523,O00781,POC
ACT006524,O02893,POC
ACT006525,O00671,Demo
ACT006526,O03437,Workshop
ACT006527,O00978,Email
ACT006528,O01866,POC
ACT006529,O02258,Workshop
ACT006530,O00056,Call
ACT006531,O01426,Email
ACT006532,O01751,Call
ACT006533,O02032,POC
ACT006534,O00093,POC
ACT006535,O02461,POC
ACT006536,O02032,Call
ACT006537,O03490,Demo
ACT006538,O02047,Call
ACT006539,O00533,Call
ACT006540,O01622,Workshop
ACT006541,O03054,Demo
ACT006542,O02869,Workshop
ACT006543,O00621,Email
ACT006544,O01425,Email
ACT006545,O02236,Call
ACT006546,O01851,Call
ACT006547,O03386,POC
ACT006548,O02734,POC
ACT006549,O00116,Demo
ACT006550,O02047,Email
ACT006551,O03283,Workshop
ACT006552,O02249,POC
ACT006553,O01660,Call
ACT006554,O00450,Workshop
ACT006555,O01682,Demo
ACT006556,O01361,Workshop
ACT006557,O00288,POC
ACT006558,O00644,Call
ACT006559,O01243,Call
ACT006560,O02118,Email
ACT006561,O02163,Workshop
ACT006562,O01489,Workshop
ACT006563,O00206,Demo
ACT006564,O01261,Workshop
ACT006565,O03418,Email
ACT006566,O00548,Call
ACT006567,O02020,Email
ACT006568,O03464,POC
ACT006569,O01547,Demo
ACT006570,O03468,Workshop
ACT006571,O01984,Email
ACT006572,O00118,Demo
ACT006573,O01708,POC
ACT006574,O02161,Workshop
ACT006575,O02748,POC
ACT006576,O00105,POC
ACT006577,O02108,Demo
ACT006578,O03193,Call
ACT006579,O03031,Call
ACT006580,O02620,Email
ACT006581,O01183,Email
ACT006582,O01583,Demo
ACT006583,O00954,Email
ACT006584,O01041,Workshop
ACT006585,O02584,POC
ACT006586,O02921,Email
ACT006587,O03457,Email
ACT006588,O01415,Call
ACT006589,O02088,Call
ACT006590,O03486,Workshop
ACT006591,O00626,Call
ACT006592,O02884,Demo
ACT006593,O01541,POC
ACT006594,O01603,Demo
ACT006595,O01680,Demo
ACT006596,O03417,Call
ACT006597,O02901,Workshop
ACT006598,O03309,Workshop
ACT006599,O02555,Email
ACT006600,O00014,Demo
ACT006601,O02233,Email
ACT006602,O01314,Email
ACT006603,O03094,Workshop
ACT006604,O02628,Email
ACT006605,O02542,Workshop
ACT006606,O00165,Email
ACT006607,O00907,Email
ACT006608,O01849,Email
ACT006609,O00124,Email
ACT006610,O00188,Workshop
ACT006611,O02069,Email
ACT006612,O01462,Demo
ACT006613,O02134,Demo
ACT006614,O02377,Email
ACT006615,O01576,Workshop
ACT006616,O01138,POC
ACT006617,O01446,POC
ACT006618,O01971,Email
ACT006619,O01903,Call
ACT006620,O03465,POC
ACT006621,O00488,Workshop
ACT006622,O01859,Email
ACT006623,O03034,Workshop
ACT006624,O00417,Call
ACT006625,O00798,Workshop
ACT006626,O01381,Email
ACT006627,O00843,Call
ACT006628,O01835,Demo
ACT006629,O01250,POC
ACT006630,O00200,Workshop
ACT006631,O00218,Workshop
ACT006632,O02796,Call
ACT006633,O00917,Workshop
ACT006634,O01325,Email
ACT006635,O02746,POC
ACT006636,O01340,POC
ACT006637,O00429,Workshop
ACT006638,O03347,Call
ACT006639,O00612,Call
ACT006640,O01521,Demo
ACT006641,O01098,Workshop
ACT006642,O01301,Email
ACT006643,O02300,Demo
ACT006644,O01729,POC
ACT006645,O00921,Email
ACT006646,O00643,Workshop
ACT006647,O02727,Call
ACT006648,O03292,Call
ACT006649,O02179,Call
ACT006650,O01968,Demo
ACT006651,O02742,Demo
ACT006652,O01307,Call
ACT006653,O03024,Call
ACT006654,O01767,POC
ACT006655,O02449,POC
ACT006656,O00180,Demo
ACT006657,O00314,Workshop
ACT006658,O03035,Call
ACT006659,O01373,Workshop
ACT006660,O03332,Workshop
ACT006661,O02783,Demo
ACT006662,O02156,POC
ACT006663,O02470,POC
ACT006664,O01368,Call
ACT006665,O03259,Workshop
ACT006666,O01877,Call
ACT006667,O03456,POC
ACT006668,O02435,POC
ACT006669,O00846,Demo
ACT006670,O01578,Email
ACT006671,O01955,Demo
ACT006672,O02922,Demo
ACT006673,O03492,Email
ACT006674,O01321,Demo
ACT006675,O02357,Email
ACT006676,O01816,Workshop
ACT006677,O00431,Call
ACT006678,O02067,POC
ACT006679,O02139,Call
ACT006680,O00109,Email
ACT006681,O02727,Demo
ACT006682,O03272,Call
ACT006683,O02893,Demo
ACT006684,O01871,Call
ACT006685,O01830,Demo
ACT006686,O03408,POC
ACT006687,O02687,Call
ACT006688,O00762,Call
ACT006689,O02768,Email
ACT006690,O01923,POC
ACT006691,O02010,POC
ACT006692,O02820,Workshop
ACT006693,O02806,Workshop
ACT006694,O02384,Workshop
ACT006695,O02578,Demo
ACT006696,O02165,Call
ACT006697,O03340,Call
ACT006698,O03431,POC
ACT006699,O02605,Demo
ACT006700,O02715,Email
ACT006701,O00027,Demo
ACT006702,O02869,Demo
ACT006703,O01556,POC
ACT006704,O02604,Call
ACT006705,O03169,Workshop
ACT006706,O01873,Email
ACT006707,O00263,Call
ACT006708,O03338,Call
ACT006709,O02685,Demo
ACT006710,O03199,Demo
ACT006711,O01557,POC
ACT006712,O01474,POC
ACT006713,O02944,Call
ACT006714,O01223,Email
ACT006715,O01234,Demo
ACT006716,O02408,POC
ACT006717,O00490,POC
ACT006718,O02968,Call
ACT006719,O01196,Email
ACT006720,O00958,Demo
ACT006721,O02825,Demo
ACT006722,O02676,POC
ACT006723,O00007,Demo
ACT006724,O00161,Email
ACT006725,O02365,Call
ACT006726,O02579,Workshop
ACT006727,O02382,Call
ACT006728,O01082,Demo
ACT006729,O02210,Call
ACT006730,O01391,Workshop
ACT006731,O00718,Workshop
ACT006732,O00375,Workshop
ACT006733,O01600,Call
ACT006734,O03393,Email
ACT006735,O01710,Demo
ACT006736,O00527,POC
ACT006737,O02632,Call
ACT006738,O00697,Email
ACT006739,O00516,Demo
ACT006740,O02457,Call
ACT006741,O02056,Email
ACT006742,O00512,Demo
ACT006743,O00278,Call
ACT006744,O00923,POC
ACT006745,O02571,Call
ACT006746,O00228,Workshop
ACT006747,O00606,Email
ACT006748,O03198,Call
ACT006749,O00340,Demo
ACT006750,O01758,Workshop
ACT006751,O03014,Workshop
ACT006752,O02266,Workshop
ACT006753,O00278,Call
ACT006754,O00149,Workshop
ACT006755,O01326,Call
ACT006756,O03197,Call
ACT006757,O02081,Call
ACT006758,O02380,Call
ACT006759,O00706,POC
ACT006760,O02282,POC
ACT006761,O01072,Demo
ACT006762,O01996,Email
ACT006763,O02176,Workshop
ACT006764,O00031,Workshop
ACT006765,O01614,Workshop
ACT006766,O01126,POC
ACT006767,O01637,Demo
ACT006768,O02253,POC
ACT006769,O02868,Workshop
ACT006770,O02770,Workshop
ACT006771,O01680,Workshop
ACT006772,O02403,Demo
ACT006773,O03258,Demo
ACT006774,O01721,Call
ACT006775,O01671,Demo
ACT006776,O01470,Demo
ACT006777,O03279,Workshop
ACT006778,O03085,Call
ACT006779,O01411,Email
ACT006780,O03237,Demo
ACT006781,O01991,Call
ACT006782,O01472,Workshop
ACT006783,O02216,Demo
ACT006784,O01520,POC
ACT006785,O03497,POC
ACT006786,O02452,POC
ACT006787,O03394,Demo
ACT006788,O00871,Email
ACT006789,O00448,Workshop
ACT006790,O00772,Email
ACT006791,O01818,Email
ACT006792,O02699,Workshop
ACT006793,O03385,Email
ACT006794,O03416,Workshop
ACT006795,O03418,POC
ACT006796,O01915,POC
ACT006797,O01401,Email
ACT006798,O01572,Call
ACT006799,O01180,Workshop
ACT006800,O00026,Workshop
ACT006801,O00219,POC
ACT006802,O01765,POC
ACT006803,O02531,Call
ACT006804,O00718,POC
ACT006805,O01106,POC
ACT006806,O02620,Email
ACT006807,O01423,Demo
ACT006808,O00837,Workshop
ACT006809,O00819,POC
ACT006810,O00041,Call
ACT006811,O00681,Workshop
ACT006812,O02429,Email
ACT006813,O02300,Call
ACT006814,O00896,Email
ACT006815,O03475,Demo
ACT006816,O00253,Call
ACT006817,O02993,Workshop
ACT006818,O03453,Call
ACT006819,O00860,Email
ACT006820,O02344,Workshop
ACT006821,O03069,Call
ACT006822,O00290,Email
ACT006823,O00466,Call
ACT006824,O02059,Workshop
ACT006825,O02515,Demo
ACT006826,O00555,Call
ACT006827,O00404,Call
ACT006828,O02592,POC
ACT006829,O01287,Demo
ACT006830,O01464,Email
ACT006831,O00592,Call
ACT006832,O01272,Call
ACT006833,O00346,Demo
ACT006834,O02420,POC
ACT006835,O00130,POC
ACT006836,O03097,Email
ACT006837,O00235,Workshop
ACT006838,O02999,Demo
ACT006839,O02706,Email
ACT006840,O01543,Email
ACT006841,O00486,POC
ACT006842,O00933,Call
ACT006843,O01981,POC
ACT006844,O02111,Email
ACT006845,O01835,Email
ACT006846,O01438,POC
ACT006847,O00254,Email
ACT006848,O01170,Call
ACT006849,O03174,Call
ACT006850,O00406,Call
ACT006851,O01550,Call
ACT006852,O01895,Email
ACT006853,O01089,Demo
ACT006854,O00255,Call
ACT006855,O00014,POC
ACT006856,O02603,Workshop
ACT006857,O00891,Call
ACT006858,O02658,Call
ACT006859,O02701,POC
ACT006860,O00595,POC
ACT006861,O00518,POC
ACT006862,O00741,Call
ACT006863,O01094,Demo
ACT006864,O00184,POC
ACT006865,O01975,Workshop
ACT006866,O02787,Workshop
ACT006867,O00733,Email
ACT006868,O00293,POC
ACT006869,O01664,Email
ACT006870,O01592,Call
ACT006871,O02011,Call
ACT006872,O00385,POC
ACT006873,O03383,Demo
ACT006874,O01363,Call
ACT006875,O01291,Call
ACT006876,O03159,Call
ACT006877,O01034,Demo
ACT006878,O00048,POC
ACT006879,O00926,Call
ACT006880,O03291,Call
ACT006881,O01759,Email
ACT006882,O01972,Demo
ACT006883,O01315,Call
ACT006884,O01852,Workshop
ACT006885,O00144,Workshop
ACT006886,O00217,POC
ACT006887,O02225,Demo
ACT006888,O00974,Demo
ACT006889,O01467,Demo
ACT006890,O03200,Demo
ACT006891,O01501,Demo
ACT006892,O01336,Workshop
ACT006893,O00248,POC
ACT006894,O03425,Call
ACT006895,O02947,Email
ACT006896,O01042,Workshop
ACT006897,O02475,POC
ACT006898,O03292,Demo
ACT006899,O00207,Workshop
ACT006900,O02893,Demo
ACT006901,O02383,Email
ACT006902,O00161,Demo
ACT006903,O03047,POC
ACT006904,O00062,Demo
ACT006905,O00723,Call
ACT006906,O00228,Workshop
ACT006907,O01578,Call
ACT006908,O00833,Email
ACT006909,O00031,Demo
ACT006910,O01921,Call
ACT006911,O00085,POC
ACT006912,O01496,Workshop
ACT006913,O01772,Workshop
ACT006914,O01401,Email
ACT006915,O02500,Call
ACT006916,O01084,Call
ACT006917,O02777,Workshop
ACT006918,O00250,POC
ACT006919,O00493,Call
ACT006920,O01713,Call
ACT006921,O00128,Email
ACT006922,O02695,Email
ACT006923,O02469,Call
ACT006924,O01913,Demo
ACT006925,O00526,Email
ACT006926,O00680,Workshop
ACT006927,O00443,Email
ACT006928,O02055,POC
ACT006929,O00172,Demo
ACT006930,O02749,POC
ACT006931,O00977,Call
ACT006932,O01788,Email
ACT006933,O00522,Workshop
ACT006934,O02313,Email
ACT006935,O01500,POC
ACT006936,O00699,Email
ACT006937,O01423,POC
ACT006938,O00777,Workshop
ACT006939,O01944,POC
ACT006940,O03009,Workshop
ACT006941,O01982,POC
ACT006942,O00753,Email
ACT006943,O03386,Workshop
ACT006944,O00750,Demo
ACT006945,O03434,Workshop
ACT006946,O00961,Demo
ACT006947,O02613,Demo
ACT006948,O01326,Workshop
ACT006949,O03301,Workshop
ACT006950,O03221,Call
ACT006951,O00666,POC
ACT006952,O00459,Email
ACT006953,O02832,POC
ACT006954,O01569,POC
ACT006955,O02599,Email
ACT006956,O03226,Call
ACT006957,O03122,Email
ACT006958,O02692,Workshop
ACT006959,O00225,Call
ACT006960,O02136,Demo
ACT006961,O00757,Call
ACT006962,O03329,Call
ACT006963,O02685,Email
ACT006964,O03479,Call
ACT006965,O00770,POC
ACT006966,O03376,Call
ACT006967,O01488,Workshop
ACT006968,O02433,POC
ACT006969,O02573,Demo
ACT006970,O00785,Workshop
ACT006971,O00847,Workshop
ACT006972,O01384,POC
ACT006973,O00895,Call
ACT006974,O02874,POC
ACT006975,O02384,Demo
ACT006976,O03153,POC
ACT006977,O02392,Workshop
ACT006978,O01324,Email
ACT006979,O02677,Email
ACT006980,O02253,Demo
ACT006981,O00640,POC
ACT006982,O02423,Workshop
ACT006983,O03085,Call
ACT006984,O00411,Email
ACT006985,O00834,Demo
ACT006986,O03280,Demo
ACT006987,O03181,Email
ACT006988,O00531,Email
ACT006989,O01467,POC
ACT006990,O01264,Demo
ACT006991,O03129,Email
ACT006992,O03106,Email
ACT006993,O01683,Call
ACT006994,O00424,Email
ACT006995,O02589,Workshop
ACT006996,O02831,POC
ACT006997,O02557,Email
ACT006998,O01734,POC
ACT006999,O01695,Demo
ACT007000,O02013,Workshop
ACT007001,O02298,Email
ACT007002,O02592,POC
ACT007003,O02829,Demo
ACT007004,O02589,Email
ACT007005,O02223,POC
ACT007006,O00226,POC
ACT007007,O03407,Demo
ACT007008,O02765,Demo
ACT007009,O01907,Demo
ACT007010,O00045,Email
ACT007011,O02553,Workshop
ACT007012,O03376,Call
ACT007013,O03173,Workshop
ACT007014,O01367,Demo
ACT007015,O02730,Email
ACT007016,O01394,Call
ACT007017,O00698,Workshop
ACT007018,O02171,Workshop
ACT007019,O01851,Demo
ACT007020,O01549,Workshop
ACT007021,O02390,Demo
ACT007022,O00646,Email
ACT007023,O00256,Workshop
ACT007024,O01499,Demo
ACT007025,O02297,Demo
ACT007026,O01283,Email
ACT007027,O01012,Email
ACT007028,O02049,Workshop
ACT007029,O01657,Demo
ACT007030,O00913,Workshop
ACT007031,O01138,Call
ACT007032,O02807,Email
ACT007033,O03066,Call
ACT007034,O01184,Demo
ACT007035,O02856,POC
ACT007036,O03007,Call
ACT007037,O00063,POC
ACT007038,O01851,Call
ACT007039,O01251,POC
ACT007040,O02734,Call
ACT007041,O01631,Email
ACT007042,O03222,Call
ACT007043,O03417,Email
ACT007044,O01094,Call
ACT007045,O03063,Workshop
ACT007046,O02615,Email
ACT007047,O00260,Email
ACT007048,O01621,Email
ACT007049,O02475,Call
ACT007050,O02463,Email
ACT007051,O00856,Email
ACT007052,O02142,Demo
ACT007053,O00264,Email
ACT007054,O01235,Call
ACT007055,O01775,Call
ACT007056,O01138,POC
ACT007057,O02313,Workshop
ACT007058,O02216,Call
ACT007059,O00704,POC
ACT007060,O00776,Workshop
ACT007061,O03260,Demo
ACT007062,O01656,Email
ACT007063,O00656,Email
ACT007064,O01798,Workshop
ACT007065,O03324,Email
ACT007066,O00156,Email
ACT007067,O01843,POC
ACT007068,O02858,POC
ACT007069,O02544,Email
ACT007070,O02229,Workshop
ACT007071,O01888,Demo
ACT007072,O00785,POC
ACT007073,O02885,Workshop
ACT007074,O00325,Demo
ACT007075,O02272,POC
ACT007076,O02516,Demo
ACT007077,O02511,Demo
ACT007078,O01391,POC
ACT007079,O00176,Workshop
ACT007080,O02221,POC
ACT007081,O01378,Workshop
ACT007082,O03347,Call
ACT007083,O02088,Email
ACT007084,O01663,Demo
ACT007085,O01828,Email
ACT007086,O03234,POC
ACT007087,O01593,Workshop
ACT007088,O02342,Call
ACT007089,O00102,Demo
ACT007090,O00008,Call
ACT007091,O01339,POC
ACT007092,O02265,Demo
ACT007093,O01402,Email
ACT007094,O01694,Demo
ACT007095,O00302,Email
ACT007096,O00248,POC
ACT007097,O01265,Demo
ACT007098,O02252,Workshop
ACT007099,O00317,Demo
ACT007100,O03238,POC
ACT007101,O00394,Workshop
ACT007102,O00186,Call
ACT007103,O02116,POC
ACT007104,O02687,Workshop
ACT007105,O01275,Call
ACT007106,O02731,POC
ACT007107,O02627,Call
ACT007108,O03168,POC
ACT007109,O01850,Workshop
ACT007110,O01058,Call
ACT007111,O02685,POC
ACT007112,O00176,Workshop
ACT007113,O03422,Workshop
ACT007114,O02414,Workshop
ACT007115,O02650,Workshop
ACT007116,O01503,Workshop
ACT007117,O02918,Workshop
ACT007118,O00392,Call
ACT007119,O02775,Email
ACT007120,O01268,Call
ACT007121,O00552,Demo
ACT007122,O01239,Demo
ACT007123,O02848,Demo
ACT007124,O00627,POC
ACT007125,O03276,Demo
ACT007126,O03279,Workshop
ACT007127,O01930,Demo
ACT007128,O03057,Call
ACT007129,O01994,Call
ACT007130,O01308,POC
ACT007131,O02796,Demo
ACT007132,O00771,Call
ACT007133,O01245,Demo
ACT007134,O02057,POC
ACT007135,O00046,Demo
ACT007136,O00303,Call
ACT007137,O00323,Email
ACT007138,O01751,Email
ACT007139,O01231,POC
ACT007140,O00417,Workshop
ACT007141,O01102,Demo
ACT007142,O00387,Demo
ACT007143,O00833,Demo
ACT007144,O00537,POC
ACT007145,O03488,Call
ACT007146,O01062,Demo
ACT007147,O00959,Demo
ACT007148,O03467,Demo
ACT007149,O00396,Email
ACT007150,O01061,Call
ACT007151,O00521,Email
ACT007152,O00025,Workshop
ACT007153,O01766,POC
ACT007154,O03275,Workshop
ACT007155,O03331,Call
ACT007156,O02848,Call
ACT007157,O03280,Email
ACT007158,O03119,Demo
ACT007159,O02015,Call
ACT007160,O03263,Workshop
ACT007161,O01238,Email
ACT007162,O00824,POC
ACT007163,O00903,Workshop
ACT007164,O00573,POC
ACT007165,O03421,Call
ACT007166,O00958,Workshop
ACT007167,O01161,Email
ACT007168,O01872,Demo
ACT007169,O00680,Call
ACT007170,O01569,Workshop
ACT007171,O00900,Workshop
ACT007172,O00205,Call
ACT007173,O01032,Call
ACT007174,O02670,POC
ACT007175,O02094,POC
ACT007176,O01062,Call
ACT007177,O02457,Workshop
ACT007178,O02754,POC
ACT007179,O02214,Demo
ACT007180,O03115,Workshop
ACT007181,O00711,Demo
ACT007182,O03390,Email
ACT007183,O00273,Call
ACT007184,O03242,Demo
ACT007185,O01055,Demo
ACT007186,O00261,POC
ACT007187,O00821,Call
ACT007188,O00907,Call
ACT007189,O01716,Workshop
ACT007190,O02973,Email
ACT007191,O00963,Workshop
ACT007192,O03306,POC
ACT007193,O01937,Email
ACT007194,O02950,Call
ACT007195,O01077,Email
ACT007196,O03033,Workshop
ACT007197,O00139,Call
ACT007198,O03340,Call
ACT007199,O00622,POC
ACT007200,O03433,Workshop
ACT007201,O01731,Call
ACT007202,O02588,Call
ACT007203,O00211,Call
ACT007204,O03128,Workshop
ACT007205,O01604,POC
ACT007206,O01762,Demo
ACT007207,O01075,POC
ACT007208,O02747,Email
ACT007209,O02262,POC
ACT007210,O01505,Demo
ACT007211,O02140,POC
ACT007212,O02218,POC
ACT007213,O01513,Workshop
ACT007214,O00629,Call
ACT007215,O00629,Email
ACT007216,O00042,Email
ACT007217,O02202,Workshop
ACT007218,O01741,Workshop
ACT007219,O01460,Email
ACT007220,O00272,Call
ACT007221,O01042,Workshop
ACT007222,O01318,Email
ACT007223,O03206,Demo
ACT007224,O02710,Workshop
ACT007225,O01692,Demo
ACT007226,O01571,Email
ACT007227,O02076,Demo
ACT007228,O00824,Demo
ACT007229,O03454,Workshop
ACT007230,O00920,POC
ACT007231,O02184,Call
ACT007232,O00008,Call
ACT007233,O02359,Workshop
ACT007234,O01243,Workshop
ACT007235,O02371,POC
ACT007236,O01772,Demo
ACT007237,O01410,Email
ACT007238,O03319,Call
ACT007239,O01798,Workshop
ACT007240,O01148,Call
ACT007241,O02960,Demo
ACT007242,O02060,Workshop
ACT007243,O02842,POC
ACT007244,O00250,Email
ACT007245,O01665,Email
ACT007246,O00553,Call
ACT007247,O01144,Call
ACT007248,O00263,Demo
ACT007249,O01870,Call
ACT007250,O01470,Workshop
ACT007251,O03236,POC
ACT007252,O03420,Demo
ACT007253,O00332,Workshop
ACT007254,O03115,POC
ACT007255,O03325,Call
ACT007256,O03252,POC
ACT007257,O01091,POC
ACT007258,O03244,Email
ACT007259,O02441,Demo
ACT007260,O03124,Email
ACT007261,O02482,Email
ACT007262,O01877,POC
ACT007263,O02923,POC
ACT007264,O03310,Call
ACT007265,O02330,Demo
ACT007266,O01596,Email
ACT007267,O01558,Email
ACT007268,O01754,Call
ACT007269,O00356,Email
ACT007270,O01479,Workshop
ACT007271,O00405,Email
ACT007272,O00910,Email
ACT007273,O01669,Email
ACT007274,O01801,Email
ACT007275,O00282,Workshop
ACT007276,O01122,Workshop
ACT007277,O01463,Demo
ACT007278,O01445,POC
ACT007279,O01891,POC
ACT007280,O00030,Call
ACT007281,O02708,Workshop
ACT007282,O00697,Call
ACT007283,O02003,Email
ACT007284,O00042,POC
ACT007285,O01392,Workshop
ACT007286,O02717,Workshop
ACT007287,O02746,POC
ACT007288,O00923,POC
ACT007289,O00517,POC
ACT007290,O00373,Workshop
ACT007291,O03474,Email
ACT007292,O01899,Workshop
ACT007293,O02984,Email
ACT007294,O00734,Demo
ACT007295,O02466,Demo
ACT007296,O02579,POC
ACT007297,O01219,Workshop
ACT007298,O00382,Email
ACT007299,O00096,Demo
ACT007300,O01092,POC
ACT007301,O02997,POC
ACT007302,O02947,Call
ACT007303,O02533,Call
ACT007304,O03238,Email
ACT007305,O01578,POC
ACT007306,O01373,Email
ACT007307,O01229,Call
ACT007308,O01010,POC
ACT007309,O02819,Email
ACT007310,O03009,Demo
ACT007311,O00635,Workshop
ACT007312,O01301,Demo
ACT007313,O00315,POC
ACT007314,O03330,Email
ACT007315,O00252,Workshop
ACT007316,O01779,Call
ACT007317,O01476,Call
ACT007318,O01817,Email
ACT007319,O03380,Demo
ACT007320,O01728,POC
ACT007321,O02417,Email
ACT007322,O00011,Email
ACT007323,O00583,POC
ACT007324,O00846,POC
ACT007325,O01908,POC
ACT007326,O01460,Workshop
ACT007327,O02785,Demo
ACT007328,O02534,Demo
ACT007329,O00114,Email
ACT007330,O01605,Demo
ACT007331,O02145,Workshop
ACT007332,O02731,POC
ACT007333,O01475,Workshop
ACT007334,O02374,Email
ACT007335,O01730,Demo
ACT007336,O01460,POC
ACT007337,O00937,Demo
ACT007338,O00007,Call
ACT007339,O01996,Call
ACT007340,O03018,Email
ACT007341,O01142,Demo
ACT007342,O01316,POC
ACT007343,O00529,Demo
ACT007344,O02993,POC
ACT007345,O02511,Email
ACT007346,O00202,Call
ACT007347,O01078,Email
ACT007348,O00674,Email
ACT007349,O01007,Workshop
ACT007350,O02831,Email
ACT007351,O01213,Workshop
ACT007352,O00861,Workshop
ACT007353,O02589,Email
ACT007354,O00745,POC
ACT007355,O00558,Workshop
ACT007356,O00402,Demo
ACT007357,O02255,POC
ACT007358,O02186,POC
ACT007359,O01907,Email
ACT007360,O02500,Call
ACT007361,O01065,Email
ACT007362,O01795,Call
ACT007363,O03213,Workshop
ACT007364,O02181,Workshop
ACT007365,O01929,Workshop
ACT007366,O00920,POC
ACT007367,O02683,Demo
ACT007368,O01777,Workshop
ACT007369,O03062,Workshop
ACT007370,O01560,Demo
ACT007371,O03448,POC
ACT007372,O01840,Workshop
ACT007373,O02458,Demo
ACT007374,O01305,Workshop
ACT007375,O00714,POC
ACT007376,O01366,Email
ACT007377,O00515,Workshop
ACT007378,O03348,Workshop
ACT007379,O01561,Email
ACT007380,O01762,Demo
ACT007381,O00393,Demo
ACT007382,O01777,Email
ACT007383,O00165,Call
ACT007384,O00510,Demo
ACT007385,O01857,Demo
ACT007386,O02179,Workshop
ACT007387,O00785,Email
ACT007388,O03422,Workshop
ACT007389,O01154,Email
ACT007390,O03022,POC
ACT007391,O02485,POC
ACT007392,O02578,Workshop
ACT007393,O02207,Email
ACT007394,O02111,POC
ACT007395,O01356,Demo
ACT007396,O01123,Call
ACT007397,O00743,Email
ACT007398,O02528,Demo
ACT007399,O02844,Email
ACT007400,O00793,Call
ACT007401,O02181,Workshop
ACT007402,O03161,Demo
ACT007403,O01213,Call
ACT007404,O03243,POC
ACT007405,O00735,Demo
ACT007406,O02653,Email
ACT007407,O02295,Call
ACT007408,O02527,Email
ACT007409,O03096,Call
ACT007410,O03234,Workshop
ACT007411,O02416,Demo
ACT007412,O00503,Workshop
ACT007413,O00773,Demo
ACT007414,O03062,Email
ACT007415,O00002,Call
ACT007416,O02838,Demo
ACT007417,O01664,Workshop
ACT007418,O01633,Demo
ACT007419,O00854,Call
ACT007420,O01398,Email
ACT007421,O00854,Call
ACT007422,O00680,Workshop
ACT007423,O00482,Workshop
ACT007424,O00254,Email
ACT007425,O02933,Demo
ACT007426,O01686,Demo
ACT007427,O00547,POC
ACT007428,O02994,POC
ACT007429,O00639,Email
ACT007430,O01879,Demo
ACT007431,O02005,Demo
ACT007432,O01063,Demo
ACT007433,O01396,Workshop
ACT007434,O03048,Call
ACT007435,O01411,Demo
ACT007436,O03187,Email
ACT007437,O02447,Workshop
ACT007438,O00643,Email
ACT007439,O01078,Call
ACT007440,O00702,Demo
ACT007441,O01139,Email
ACT007442,O01609,Demo
ACT007443,O00715,POC
ACT007444,O01710,Call
ACT007445,O00472,Demo
ACT007446,O00352,Demo
ACT007447,O01518,POC
ACT007448,O02910,Demo
ACT007449,O00412,POC
ACT007450,O00017,Email
ACT007451,O01045,Call
ACT007452,O00776,Workshop
ACT007453,O02272,Demo
ACT007454,O01503,Call
ACT007455,O01092,Demo
ACT007456,O00612,Demo
ACT007457,O01292,Workshop
ACT007458,O01839,Demo
ACT007459,O00985,Workshop
ACT007460,O02829,Workshop
ACT007461,O01247,POC
ACT007462,O00885,Demo
ACT007463,O03299,Demo
ACT007464,O00432,POC
ACT007465,O01541,Demo
ACT007466,O01181,Call
ACT007467,O00982,Demo
ACT007468,O00799,Workshop
ACT007469,O03356,Workshop
ACT007470,O01906,Workshop
ACT007471,O03479,Workshop
ACT007472,O01741,Demo
ACT007473,O01763,Call
ACT007474,O02025,Email
ACT007475,O01836,Email
ACT007476,O00400,Demo
ACT007477,O01862,Call
ACT007478,O02820,Call
ACT007479,O00921,Email
ACT007480,O01175,Call
ACT007481,O02722,POC
ACT007482,O01692,Email
ACT007483,O00010,Call
ACT007484,O00557,Call
ACT007485,O00164,Demo
ACT007486,O03349,Workshop
ACT007487,O02399,Email
ACT007488,O03123,Workshop
ACT007489,O01161,POC
ACT007490,O03379,Email
ACT007491,O00158,Workshop
ACT007492,O01028,Call
ACT007493,O02222,POC
ACT007494,O01687,Email
ACT007495,O03214,Call
ACT007496,O03402,Demo
ACT007497,O02256,Workshop
ACT007498,O00746,Call
ACT007499,O02992,POC
ACT007500,O01122,Call
ACT007501,O02912,POC
ACT007502,O01797,Email
ACT007503,O01856,POC
ACT007504,O02141,Demo
ACT007505,O02391,Email
ACT007506,O03003,POC
ACT007507,O03261,Call
ACT007508,O02472,Workshop
ACT007509,O01169,POC
ACT007510,O00040,Workshop
ACT007511,O02239,Call
ACT007512,O01265,Demo
ACT007513,O00887,Call
ACT007514,O00829,Demo
ACT007515,O02585,Call
ACT007516,O00335,Demo
ACT007517,O01478,POC
ACT007518,O00887,Demo
ACT007519,O01624,Workshop
ACT007520,O02296,Email
ACT007521,O00034,Email
ACT007522,O00797,Demo
ACT007523,O01102,Email
ACT007524,O01440,Call
ACT007525,O02433,Call
ACT007526,O00939,Demo
ACT007527,O01897,Demo
ACT007528,O03440,Workshop
ACT007529,O00242,Demo
ACT007530,O02786,Email
ACT007531,O01635,Call
ACT007532,O01998,Demo
ACT007533,O03248,POC
ACT007534,O00619,Email
ACT007535,O01742,Call
ACT007536,O01558,POC
ACT007537,O00636,Demo
ACT007538,O00769,Call
ACT007539,O03499,POC
ACT007540,O02081,Workshop
ACT007541,O01658,Demo
ACT007542,O02799,Call
ACT007543,O01348,Email
ACT007544,O03257,Demo
ACT007545,O02833,Call
ACT007546,O01981,Call
ACT007547,O00985,Email
ACT007548,O00686,Email
ACT007549,O00354,Call
ACT007550,O00473,Call
ACT007551,O02857,Call
ACT007552,O03349,Workshop
ACT007553,O01884,Call
ACT007554,O00162,Workshop
ACT007555,O01865,Demo
ACT007556,O02125,Call
ACT007557,O02784,Email
ACT007558,O00236,POC
ACT007559,O01506,Call
ACT007560,O00865,POC
ACT007561,O00291,Call
ACT007562,O00279,POC
ACT007563,O01248,Workshop
ACT007564,O01316,Email
ACT007565,O00837,Call
ACT007566,O01711,Email
ACT007567,O01044,POC
ACT007568,O02102,Workshop
ACT007569,O02537,Call
ACT007570,O02591,POC
ACT007571,O00267,Demo
ACT007572,O00537,Workshop
ACT007573,O00833,Email
ACT007574,O00218,Email
ACT007575,O03318,Workshop
ACT007576,O01729,Demo
ACT007577,O02362,Email
ACT007578,O03392,Demo
ACT007579,O01624,Demo
ACT007580,O03212,Workshop
ACT007581,O02474,Demo
ACT007582,O00608,Email
ACT007583,O03307,Email
ACT007584,O02298,Demo
ACT007585,O01009,Email
ACT007586,O01232,Demo
ACT007587,O00389,Workshop
ACT007588,O02041,Workshop
ACT007589,O02489,Demo
ACT007590,O00791,Demo
ACT007591,O03175,POC
ACT007592,O00433,Call
ACT007593,O01788,Workshop
ACT007594,O02979,Call
ACT007595,O00214,Workshop
ACT007596,O00910,Call
ACT007597,O01882,Demo
ACT007598,O02236,Workshop
ACT007599,O00425,Demo
ACT007600,O03108,Call
ACT007601,O02958,Call
ACT007602,O00614,Workshop
ACT007603,O02386,Email
ACT007604,O02485,Call
ACT007605,O01548,Email
ACT007606,O00225,Workshop
ACT007607,O01348,Email
ACT007608,O00660,Call
ACT007609,O03493,POC
ACT007610,O01476,Email
ACT007611,O03310,POC
ACT007612,O00493,Call
ACT007613,O00744,Call
ACT007614,O00135,Call
ACT007615,O02982,POC
ACT007616,O00765,Workshop
ACT007617,O00533,POC
ACT007618,O00627,Workshop
ACT007619,O01042,Demo
ACT007620,O02399,POC
ACT007621,O01771,Email
ACT007622,O00122,Call
ACT007623,O03308,Demo
ACT007624,O01941,POC
ACT007625,O00083,POC
ACT007626,O02495,Email
ACT007627,O02782,Email
ACT007628,O01435,Demo
ACT007629,O00591,Workshop
ACT007630,O02160,Demo
ACT007631,O03415,Workshop
ACT007632,O02836,Demo
ACT007633,O03276,Email
ACT007634,O02824,Demo
ACT007635,O00385,Demo
ACT007636,O01507,Email
ACT007637,O01322,Demo
ACT007638,O02859,POC
ACT007639,O03213,Call
ACT007640,O00233,POC
ACT007641,O03499,Workshop
ACT007642,O01722,Email
ACT007643,O03077,Demo
ACT007644,O03073,Demo
ACT007645,O01465,Call
ACT007646,O01461,Call
ACT007647,O00406,Workshop
ACT007648,O01819,POC
ACT007649,O02235,POC
ACT007650,O00451,Call
ACT007651,O00749,Demo
ACT007652,O01367,POC
ACT007653,O01757,Call
ACT007654,O00760,Workshop
ACT007655,O00009,Demo
ACT007656,O00179,Demo
ACT007657,O01076,Call
ACT007658,O02807,Email
ACT007659,O00317,Workshop
ACT007660,O02359,Workshop
ACT007661,O01233,Email
ACT007662,O01057,Email
ACT007663,O01317,Workshop
ACT007664,O01642,POC
ACT007665,O01659,POC
ACT007666,O02354,Call
ACT007667,O01916,Email
ACT007668,O01503,POC
ACT007669,O00373,Workshop
ACT007670,O01651,Call
ACT007671,O03134,Call
ACT007672,O02161,Email
ACT007673,O01474,Call
ACT007674,O00692,Call
ACT007675,O02049,Demo
ACT007676,O00179,Call
ACT007677,O00583,Workshop
ACT007678,O00740,Demo
ACT007679,O00242,Email
ACT007680,O01603,POC
ACT007681,O00069,Workshop
ACT007682,O02338,Demo
ACT007683,O03303,Email
ACT007684,O01517,Demo
ACT007685,O00175,Workshop
ACT007686,O02169,Email
ACT007687,O03098,Workshop
ACT007688,O02155,POC
ACT007689,O01352,Demo
ACT007690,O01948,Call
ACT007691,O00840,Email
ACT007692,O01143,Call
ACT007693,O01218,Workshop
ACT007694,O01974,Email
ACT007695,O00030,Email
ACT007696,O02096,Email
ACT007697,O03467,POC
ACT007698,O01864,Workshop
ACT007699,O00079,Call
ACT007700,O01398,POC
ACT007701,O01649,POC
ACT007702,O00061,Workshop
ACT007703,O02756,Email
ACT007704,O00284,Workshop
ACT007705,O03470,Demo
ACT007706,O01920,Workshop
ACT007707,O02450,POC
ACT007708,O01074,POC
ACT007709,O02823,Email
ACT007710,O01092,Email
ACT007711,O03277,Demo
ACT007712,O02666,POC
ACT007713,O01988,Workshop
ACT007714,O01985,POC
ACT007715,O00548,Demo
ACT007716,O00237,Workshop
ACT007717,O00704,Demo
ACT007718,O01815,POC
ACT007719,O02740,POC
ACT007720,O01062,Demo
ACT007721,O03226,POC
ACT007722,O02355,Workshop
ACT007723,O02174,Email
ACT007724,O01458,Workshop
ACT007725,O01647,POC
ACT007726,O00710,Workshop
ACT007727,O01267,POC
ACT007728,O03297,Workshop
ACT007729,O01447,POC
ACT007730,O02480,Email
ACT007731,O03409,Call
ACT007732,O02930,Email
ACT007733,O00110,Demo
ACT007734,O00484,Workshop
ACT007735,O01858,Demo
ACT007736,O03071,Demo
ACT007737,O02750,Demo
ACT007738,O00164,Workshop
ACT007739,O00122,Email
ACT007740,O02556,Demo
ACT007741,O01672,Workshop
ACT007742,O00290,Call
ACT007743,O02669,Email
ACT007744,O03285,Call
ACT007745,O00152,Workshop
ACT007746,O00219,Demo
ACT007747,O01279,Demo
ACT007748,O03458,Workshop
ACT007749,O02883,POC
ACT007750,O02974,Workshop
ACT007751,O01763,Email
ACT007752,O02614,Workshop
ACT007753,O03032,Call
ACT007754,O02254,Email
ACT007755,O03500,Demo
ACT007756,O03314,POC
ACT007757,O03453,POC
ACT007758,O02504,Workshop
ACT007759,O03325,Email
ACT007760,O01573,POC
ACT007761,O00544,Email
ACT007762,O02430,Demo
ACT007763,O01944,Call
ACT007764,O02197,Call
ACT007765,O01691,Workshop
ACT007766,O00766,Call
ACT007767,O00102,Workshop
ACT007768,O00475,Workshop
ACT007769,O02655,Workshop
ACT007770,O00941,Demo
ACT007771,O00969,Email
ACT007772,O02501,Workshop
ACT007773,O00744,POC
ACT007774,O01074,Workshop
ACT007775,O00582,Email
ACT007776,O01048,Call
ACT007777,O03272,POC
ACT007778,O02157,Workshop
ACT007779,O03064,Email
ACT007780,O01064,Email
ACT007781,O00909,Call
ACT007782,O01287,Call
ACT007783,O01760,Workshop
ACT007784,O01023,Email
ACT007785,O00568,Demo
ACT007786,O02977,Email
ACT007787,O02997,POC
ACT007788,O02849,Demo
ACT007789,O01764,Email
ACT007790,O01494,Email
ACT007791,O00903,Email
ACT007792,O02482,Demo
ACT007793,O00280,Demo
ACT007794,O01990,Demo
ACT007795,O03206,Demo
ACT007796,O00169,Email
ACT007797,O01538,POC
ACT007798,O02414,Call
ACT007799,O02891,Email
ACT007800,O00196,Demo
ACT007801,O00999,POC
ACT007802,O01860,Email
ACT007803,O02909,Email
ACT007804,O03100,Demo
ACT007805,O00473,Demo
ACT007806,O01606,Demo
ACT007807,O01288,Workshop
ACT007808,O01909,Email
ACT007809,O01747,POC
ACT007810,O02098,Workshop
ACT007811,O01514,Call
ACT007812,O01645,Demo
ACT007813,O02013,Call
ACT007814,O02910,POC
ACT007815,O00892,Email
ACT007816,O00884,POC
ACT007817,O00822,POC
ACT007818,O02237,POC
ACT007819,O01196,Call
ACT007820,O00455,Workshop
ACT007821,O02899,Workshop
ACT007822,O01489,Demo
ACT007823,O03377,POC
ACT007824,O01403,Workshop
ACT007825,O01249,Call
ACT007826,O02516,POC
ACT007827,O02457,Call
ACT007828,O02241,POC
ACT007829,O01916,Workshop
ACT007830,O00517,Call
ACT007831,O00147,Workshop
ACT007832,O00788,Email
ACT007833,O00120,POC
ACT007834,O02623,Call
ACT007835,O01358,Email
ACT007836,O02263,Demo
ACT007837,O03103,Call
ACT007838,O02812,POC
ACT007839,O03402,Demo
ACT007840,O02959,Email
ACT007841,O01511,Workshop
ACT007842,O02029,POC
ACT007843,O03427,POC
ACT007844,O02991,Email
ACT007845,O01485,POC
ACT007846,O03400,Call
ACT007847,O02669,Demo
ACT007848,O02724,Call
ACT007849,O00694,Call
ACT007850,O00062,POC
ACT007851,O02644,Workshop
ACT007852,O01368,POC
ACT007853,O00087,Workshop
ACT007854,O00106,Workshop
ACT007855,O00341,Workshop
ACT007856,O01749,POC
ACT007857,O03101,Demo
ACT007858,O00134,Call
ACT007859,O00884,Email
ACT007860,O02037,POC
ACT007861,O01113,Email
ACT007862,O00666,Call
ACT007863,O01836,Demo
ACT007864,O01032,Email
ACT007865,O01913,Demo
ACT007866,O00803,Call
ACT007867,O02246,Email
ACT007868,O03105,Workshop
ACT007869,O00578,Workshop
ACT007870,O01140,Email
ACT007871,O02711,Demo
ACT007872,O01606,POC
ACT007873,O02840,Workshop
ACT007874,O01562,Demo
ACT007875,O01479,Email
ACT007876,O00649,Workshop
ACT007877,O01341,Call
ACT007878,O01576,Email
ACT007879,O00430,Demo
ACT007880,O01292,Demo
ACT007881,O01771,Demo
ACT007882,O00689,Email
ACT007883,O02054,Workshop
ACT007884,O02743,Email
ACT007885,O00821,Demo
ACT007886,O00314,POC
ACT007887,O01024,POC
ACT007888,O00344,Call
ACT007889,O02803,POC
ACT007890,O01069,Email
ACT007891,O00903,Email
ACT007892,O00437,Demo
ACT007893,O01217,POC
ACT007894,O02966,Workshop
ACT007895,O00381,Demo
ACT007896,O00768,Workshop
ACT007897,O01146,Call
ACT007898,O03101,Demo
ACT007899,O01795,Demo
ACT007900,O02603,Email
ACT007901,O02081,Demo
ACT007902,O03183,Demo
ACT007903,O03449,POC
ACT007904,O00363,Email
ACT007905,O02307,Call
ACT007906,O01975,Email
ACT007907,O00900,Workshop
ACT007908,O01314,POC
ACT007909,O02465,POC
ACT007910,O01331,Email
ACT007911,O00075,Call
ACT007912,O03354,Workshop
ACT007913,O00675,Call
ACT007914,O01779,Workshop
ACT007915,O02163,Email
ACT007916,O02215,Demo
ACT007917,O01932,Call
ACT007918,O03049,Call
ACT007919,O00013,Demo
ACT007920,O01965,Demo
ACT007921,O01157,POC
ACT007922,O03058,Workshop
ACT007923,O00749,Demo
ACT007924,O03101,Demo
ACT007925,O01413,Workshop
ACT007926,O01651,Call
ACT007927,O02427,Demo
ACT007928,O02140,Workshop
ACT007929,O03472,Call
ACT007930,O00878,POC
ACT007931,O02118,POC
ACT007932,O03315,Call
ACT007933,O00434,Email
ACT007934,O00848,POC
ACT007935,O01812,POC
ACT007936,O02305,Demo
ACT007937,O00989,POC
ACT007938,O02167,Call
ACT007939,O01145,Demo
ACT007940,O02280,Demo
ACT007941,O02015,POC
ACT007942,O02442,POC
ACT007943,O01897,Demo
ACT007944,O00132,Workshop
ACT007945,O01715,Email
ACT007946,O03100,POC
ACT007947,O01342,Demo
ACT007948,O02637,Demo
ACT007949,O01775,Call
ACT007950,O01019,POC
ACT007951,O02980,Demo
ACT007952,O01048,Call
ACT007953,O00478,Call
ACT007954,O02183,Workshop
ACT007955,O00108,Workshop
ACT007956,O01163,Demo
ACT007957,O01604,Email
ACT007958,O00623,Call
ACT007959,O03021,Call
ACT007960,O01836,Email
ACT007961,O01740,Demo
ACT007962,O01287,Demo
ACT007963,O01153,Workshop
ACT007964,O00114,Demo
ACT007965,O00646,Workshop
ACT007966,O00805,Call
ACT007967,O01105,Workshop
ACT007968,O00908,POC
ACT007969,O02978,Call
ACT007970,O01431,Call
ACT007971,O02164,Call
ACT007972,O00067,Workshop
ACT007973,O01646,Email
ACT007974,O00416,Workshop
ACT007975,O02202,POC
ACT007976,O01005,Workshop
ACT007977,O01440,Email
ACT007978,O00760,Workshop
ACT007979,O02995,POC
ACT007980,O02085,Workshop
ACT007981,O01074,Workshop
ACT007982,O01066,Workshop
ACT007983,O01527,POC
ACT007984,O03496,Call
ACT007985,O00767,POC
ACT007986,O01698,Email
ACT007987,O00997,POC
ACT007988,O03375,POC
ACT007989,O03011,Demo
ACT007990,O03070,POC
ACT007991,O03084,Email
ACT007992,O01021,Demo
ACT007993,O00331,POC
ACT007994,O00180,Call
ACT007995,O00585,Workshop
ACT007996,O00991,Email
ACT007997,O01173,Demo
ACT007998,O03231,Demo
ACT007999,O02076,Call
ACT008000,O02407,Email
ACT008001,O01697,Call
ACT008002,O02967,Call
ACT008003,O02940,Email
ACT008004,O01973,Email
ACT008005,O01280,Demo
ACT008006,O02710,Workshop
ACT008007,O01491,POC
ACT008008,O01830,Demo
ACT008009,O01074,Workshop
ACT008010,O00142,Workshop
ACT008011,O03355,Email
ACT008012,O00129,Email
ACT008013,O01523,Workshop
ACT008014,O01522,Email
ACT008015,O01578,POC
ACT008016,O01831,POC
ACT008017,O01934,Call
ACT008018,O00493,Workshop
ACT008019,O01771,Email
ACT008020,O03376,Email
ACT008021,O02963,Workshop
ACT008022,O00642,Demo
ACT008023,O02830,Demo
ACT008024,O03464,Workshop
ACT008025,O00763,POC
ACT008026,O01199,Demo
ACT008027,O01223,POC
ACT008028,O03452,Demo
ACT008029,O00263,Call
ACT008030,O02608,Call
ACT008031,O03020,POC
ACT008032,O02072,Demo
ACT008033,O01362,Call
ACT008034,O00072,Demo
ACT008035,O01448,Email
ACT008036,O03440,Email
ACT008037,O01858,Call
ACT008038,O01138,Email
ACT008039,O02080,Workshop
ACT008040,O03273,Workshop
ACT008041,O00350,POC
ACT008042,O02809,Demo
ACT008043,O00566,Call
ACT008044,O03124,POC
ACT008045,O01485,Call
ACT008046,O02709,Demo
ACT008047,O00584,Email
ACT008048,O01684,Workshop
ACT008049,O02432,POC
ACT008050,O03290,Workshop
ACT008051,O03117,POC
ACT008052,O01393,Workshop
ACT008053,O03127,Call
ACT008054,O01737,Call
ACT008055,O03403,Workshop
ACT008056,O02401,Email
ACT008057,O00718,Call
ACT008058,O02714,Call
ACT008059,O01199,Email
ACT008060,O01136,Email
ACT008061,O01214,Workshop
ACT008062,O01104,POC
ACT008063,O01424,Email
ACT008064,O00899,Email
ACT008065,O01996,Demo
ACT008066,O01367,Call
ACT008067,O01148,Workshop
ACT008068,O01641,Demo
ACT008069,O00107,Workshop
ACT008070,O02337,Email
ACT008071,O03097,POC
ACT008072,O00403,POC
ACT008073,O02100,Workshop
ACT008074,O00069,Workshop
ACT008075,O02482,Call
ACT008076,O01989,Call
ACT008077,O03367,Demo
ACT008078,O02307,POC
ACT008079,O00657,Demo
ACT008080,O00341,Workshop
ACT008081,O00609,Demo
ACT008082,O01864,Workshop
ACT008083,O02559,Demo
ACT008084,O01255,Workshop
ACT008085,O01978,Workshop
ACT008086,O01859,Call
ACT008087,O03386,POC
ACT008088,O00244,Call
ACT008089,O00965,Demo
ACT008090,O03255,Email
ACT008091,O03484,Workshop
ACT008092,O02317,Workshop
ACT008093,O00458,POC
ACT008094,O02588,Email
ACT008095,O01479,Email
ACT008096,O00894,Email
ACT008097,O00236,Email
ACT008098,O01062,POC
ACT008099,O02173,Workshop
ACT008100,O03249,Demo
ACT008101,O01944,Email
ACT008102,O02679,Email
ACT008103,O01428,Email
ACT008104,O03373,Email
ACT008105,O02654,Call
ACT008106,O02771,Email
ACT008107,O02177,Call
ACT008108,O02607,Demo
ACT008109,O01656,Email
ACT008110,O00692,Demo
ACT008111,O02752,POC
ACT008112,O01015,Workshop
ACT008113,O02067,Workshop
ACT008114,O01136,Workshop
ACT008115,O01831,Email
ACT008116,O01374,Email
ACT008117,O01302,POC
ACT008118,O01715,Email
ACT008119,O00871,Email
ACT008120,O00732,POC
ACT008121,O00058,POC
ACT008122,O02039,POC
ACT008123,O03342,Call
ACT008124,O02910,POC
ACT008125,O02525,Workshop
ACT008126,O00665,Call
ACT008127,O00133,Email
ACT008128,O02101,Email
ACT008129,O00018,Workshop
ACT008130,O01797,Call
ACT008131,O03116,Call
ACT008132,O00898,Demo
ACT008133,O03420,POC
ACT008134,O02229,POC
ACT008135,O01426,Demo
ACT008136,O03308,Call
ACT008137,O02572,POC
ACT008138,O03156,Call
ACT008139,O03134,Email
ACT008140,O02184,Call
ACT008141,O00961,POC
ACT008142,O02037,Call
ACT008143,O02655,Demo
ACT008144,O00333,POC
ACT008145,O02017,Workshop
ACT008146,O00870,Workshop
ACT008147,O01520,POC
ACT008148,O02336,Email
ACT008149,O01108,POC
ACT008150,O01033,Call
ACT008151,O02421,Call
ACT008152,O01680,Email
ACT008153,O00401,Email
ACT008154,O02021,Call
ACT008155,O00645,Demo
ACT008156,O03127,Email
ACT008157,O01424,Call
ACT008158,O01814,POC
ACT008159,O02939,Demo
ACT008160,O03224,Demo
ACT008161,O00612,Call
ACT008162,O00874,Demo
ACT008163,O00238,Email
ACT008164,O02079,POC
ACT008165,O02175,Workshop
ACT008166,O01749,Email
ACT008167,O02199,Demo
ACT008168,O01742,Email
ACT008169,O00529,Workshop
ACT008170,O01202,Call
ACT008171,O01546,Email
ACT008172,O02481,Email
ACT008173,O02255,Workshop
ACT008174,O01403,Workshop
ACT008175,O02978,Demo
ACT008176,O01375,Demo
ACT008177,O02511,Workshop
ACT008178,O02723,Workshop
ACT008179,O00885,Call
ACT008180,O00394,Call
ACT008181,O02609,Call
ACT008182,O00063,Call
ACT008183,O00774,POC
ACT008184,O00424,Email
ACT008185,O02309,POC
ACT008186,O00561,Email
ACT008187,O01689,POC
ACT008188,O01861,Call
ACT008189,O02918,Workshop
ACT008190,O00725,Demo
ACT008191,O02649,Call
ACT008192,O03447,Demo
ACT008193,O01278,Call
ACT008194,O02937,POC
ACT008195,O02085,POC
ACT008196,O00542,Call
ACT008197,O02607,Call
ACT008198,O03256,Email
ACT008199,O02320,Call
ACT008200,O02618,POC
ACT008201,O00373,Demo
ACT008202,O02405,Call
ACT008203,O01023,POC
ACT008204,O00940,Call
ACT008205,O00070,Call
ACT008206,O00342,Email
ACT008207,O00221,POC
ACT008208,O01562,Call
ACT008209,O00392,Workshop
ACT008210,O03347,Workshop
ACT008211,O01496,POC
ACT008212,O02704,Workshop
ACT008213,O00576,Workshop
ACT008214,O02150,POC
ACT008215,O01144,Workshop
ACT008216,O02767,Workshop
ACT008217,O02014,Demo
ACT008218,O03185,Demo
ACT008219,O00655,Workshop
ACT008220,O01120,Email
ACT008221,O00326,Email
ACT008222,O00413,Demo
ACT008223,O01165,POC
ACT008224,O02227,Call
ACT008225,O01152,Demo
ACT008226,O03089,Workshop
ACT008227,O00761,Call
ACT008228,O02218,Email
ACT008229,O01572,POC
ACT008230,O02999,Email
ACT008231,O00946,POC
ACT008232,O00625,POC
ACT008233,O02785,Email
ACT008234,O03098,POC
ACT008235,O00365,Email
ACT008236,O02208,Email
ACT008237,O01438,Workshop
ACT008238,O02591,Call
ACT008239,O00563,POC
ACT008240,O00497,Email
ACT008241,O00626,Workshop
ACT008242,O01136,POC
ACT008243,O00927,Workshop
ACT008244,O01800,Email
ACT008245,O03284,Email
ACT008246,O01292,Demo
ACT008247,O01548,Call
ACT008248,O03417,Email
ACT008249,O00638,POC
ACT008250,O01971,Email
ACT008251,O03333,Email
ACT008252,O00070,POC
ACT008253,O01791,Call
ACT008254,O03259,Workshop
ACT008255,O00039,Call
ACT008256,O03454,Demo
ACT008257,O02560,Workshop
ACT008258,O03201,Call
ACT008259,O03376,Workshop
ACT008260,O00581,Workshop
ACT008261,O02098,Call
ACT008262,O00984,Workshop
ACT008263,O03106,POC
ACT008264,O03252,Demo
ACT008265,O03456,Workshop
ACT008266,O00376,Workshop
ACT008267,O01083,Workshop
ACT008268,O03494,Email
ACT008269,O00667,Workshop
ACT008270,O02474,Workshop
ACT008271,O00718,Call
ACT008272,O00317,Email
ACT008273,O02027,Call
ACT008274,O00228,POC
ACT008275,O02279,POC
ACT008276,O03105,Demo
ACT008277,O01830,Workshop
ACT008278,O00736,Email
ACT008279,O02669,Workshop
ACT008280,O02668,Email
ACT008281,O00482,POC
ACT008282,O00370,Call
ACT008283,O03206,POC
ACT008284,O02353,POC
ACT008285,O01770,Demo
ACT008286,O01556,Call
ACT008287,O01802,Email
ACT008288,O01802,Email
ACT008289,O01043,Call
ACT008290,O02119,Call
ACT008291,O02990,Email
ACT008292,O02710,Email
ACT008293,O00156,Workshop
ACT008294,O00806,Demo
ACT008295,O00586,POC
ACT008296,O01939,POC
ACT008297,O00118,POC
ACT008298,O02871,Call
ACT008299,O00369,Workshop
ACT008300,O02479,Call
ACT008301,O02235,POC
ACT008302,O00560,POC
ACT008303,O02376,Email
ACT008304,O02499,Workshop
ACT008305,O01364,Demo
ACT008306,O00751,POC
ACT008307,O03471,Email
ACT008308,O01246,POC
ACT008309,O02871,Call
ACT008310,O01450,POC
ACT008311,O03388,Workshop
ACT008312,O01281,POC
ACT008313,O02186,POC
ACT008314,O03112,Demo
ACT008315,O02328,Call
ACT008316,O02145,Workshop
ACT008317,O00198,Email
ACT008318,O00989,Workshop
ACT008319,O03177,Email
ACT008320,O00150,POC
ACT008321,O02327,Call
ACT008322,O02725,POC
ACT008323,O01615,POC
ACT008324,O00223,Demo
ACT008325,O03016,Call
ACT008326,O00261,Call
ACT008327,O03341,Workshop
ACT008328,O02555,Call
ACT008329,O02839,Email
ACT008330,O01566,Demo
ACT008331,O02734,Email
ACT008332,O00423,Call
ACT008333,O02983,Email
ACT008334,O01067,Call
ACT008335,O03097,Demo
ACT008336,O02912,POC
ACT008337,O02695,Workshop
ACT008338,O01454,Email
ACT008339,O00898,Workshop
ACT008340,O01876,Demo
ACT008341,O00961,Call
ACT008342,O01252,POC
ACT008343,O00251,Workshop
ACT008344,O00290,Workshop
ACT008345,O02897,Call
ACT008346,O00339,Email
ACT008347,O03455,Demo
ACT008348,O02140,Workshop
ACT008349,O02166,Call
ACT008350,O00325,Call
ACT008351,O02681,Demo
ACT008352,O01468,POC
ACT008353,O02609,POC
ACT008354,O02662,Workshop
ACT008355,O00755,Email
ACT008356,O03141,Demo
ACT008357,O00820,Call
ACT008358,O01127,Call
ACT008359,O03265,Email
ACT008360,O01935,POC
ACT008361,O03338,Call
ACT008362,O01183,Workshop
ACT008363,O03425,Call
ACT008364,O01930,Workshop
ACT008365,O00863,Email
ACT008366,O00195,Call
ACT008367,O00249,Call
ACT008368,O01288,Call
ACT008369,O03173,Workshop
ACT008370,O02555,POC
ACT008371,O01741,Email
ACT008372,O00729,Call
ACT008373,O03144,Workshop
ACT008374,O00048,Workshop
ACT008375,O00898,Workshop
ACT008376,O00489,Demo
ACT008377,O01387,Workshop
ACT008378,O00423,Call
ACT008379,O02762,POC
ACT008380,O03418,Demo
ACT008381,O00603,Demo
ACT008382,O02288,POC
ACT008383,O02112,Email
ACT008384,O03132,Email
ACT008385,O02763,Email
ACT008386,O00318,Workshop
ACT008387,O01489,Call
ACT008388,O02155,Workshop
ACT008389,O02368,Call
ACT008390,O01436,Workshop
ACT008391,O02409,Demo
ACT008392,O02267,Email
ACT008393,O02707,Demo
ACT008394,O02283,Call
ACT008395,O03355,Workshop
ACT008396,O03007,Demo
ACT008397,O00182,Email
ACT008398,O00923,POC
ACT008399,O00734,Call
ACT008400,O00101,Demo
ACT008401,O03222,Email
ACT008402,O00128,Workshop
ACT008403,O00856,POC
ACT008404,O02282,Workshop
ACT008405,O01924,Call
ACT008406,O03308,POC
ACT008407,O01901,Workshop
ACT008408,O01900,Workshop
ACT008409,O00532,Email
ACT008410,O02440,Call
ACT008411,O03462,POC
ACT008412,O03334,Demo
ACT008413,O03238,Workshop
ACT008414,O01501,POC
ACT008415,O01331,Call
ACT008416,O00939,Call
ACT008417,O00684,Call
ACT008418,O00851,Call
ACT008419,O03316,Demo
ACT008420,O03265,Email
ACT008421,O02340,Call
ACT008422,O03128,Email
ACT008423,O00455,Call
ACT008424,O00723,Email
ACT008425,O00023,POC
ACT008426,O00795,POC
ACT008427,O00122,Workshop
ACT008428,O00490,Email
ACT008429,O02034,Call
ACT008430,O00730,Call
ACT008431,O01541,Call
ACT008432,O00204,Workshop
ACT008433,O02685,Email
ACT008434,O01119,POC
ACT008435,O00166,POC
ACT008436,O02523,Workshop
ACT008437,O00076,Demo
ACT008438,O02770,POC
ACT008439,O02890,Workshop
ACT008440,O01169,Demo
ACT008441,O00209,POC
ACT008442,O02988,Demo
ACT008443,O02129,Demo
ACT008444,O01129,Call
ACT008445,O02422,POC
ACT008446,O03398,POC
ACT008447,O01855,Demo
ACT008448,O03402,Demo
ACT008449,O03488,Call
ACT008450,O00073,Call
ACT008451,O01658,Demo
ACT008452,O02720,Email
ACT008453,O03222,Workshop
ACT008454,O01632,Demo
ACT008455,O01432,Demo
ACT008456,O01385,Email
ACT008457,O00074,Email
ACT008458,O00331,POC
ACT008459,O03468,POC
ACT008460,O01544,Email
ACT008461,O01623,POC
ACT008462,O02490,Call
ACT008463,O00458,Demo
ACT008464,O01364,POC
ACT008465,O02538,Email
ACT008466,O02625,Demo
ACT008467,O00081,Demo
ACT008468,O03161,Demo
ACT008469,O02461,Call
ACT008470,O01478,Workshop
ACT008471,O03405,Demo
ACT008472,O02048,Call
ACT008473,O02036,Demo
ACT008474,O02928,Call
ACT008475,O01488,Demo
ACT008476,O03190,Workshop
ACT008477,O00577,Demo
ACT008478,O03331,POC
ACT008479,O01891,Workshop
ACT008480,O01179,Call
ACT008481,O02574,Workshop
ACT008482,O02929,Demo
ACT008483,O01920,POC
ACT008484,O03220,Workshop
ACT008485,O00334,Email
ACT008486,O00629,Call
ACT008487,O02461,Demo
ACT008488,O01296,Email
ACT008489,O00157,Workshop
ACT008490,O02962,Workshop
ACT008491,O00127,Demo
ACT008492,O00232,Demo
ACT008493,O03484,Workshop
ACT008494,O02593,Demo
ACT008495,O00049,Email
ACT008496,O00151,Demo
ACT008497,O03286,Call
ACT008498,O02683,Demo
ACT008499,O03203,Call
ACT008500,O01111,Demo
ACT008501,O03264,Call
ACT008502,O03373,Demo
ACT008503,O02593,Call
ACT008504,O01592,Call
ACT008505,O00162,Demo
ACT008506,O02861,Call
ACT008507,O00029,Call
ACT008508,O02796,POC
ACT008509,O03474,POC
ACT008510,O03400,Workshop
ACT008511,O00619,Email
ACT008512,O02710,POC
ACT008513,O00215,Call
ACT008514,O01410,Workshop
ACT008515,O02435,Call
ACT008516,O01086,Demo
ACT008517,O01172,Call
ACT008518,O02695,Call
ACT008519,O02329,POC
ACT008520,O01800,POC
ACT008521,O00996,Call
ACT008522,O02977,Workshop
ACT008523,O01433,POC
ACT008524,O01804,Workshop
ACT008525,O00041,Workshop
ACT008526,O02286,Workshop
ACT008527,O00496,POC
ACT008528,O01204,Email
ACT008529,O03388,Demo
ACT008530,O02481,Call
ACT008531,O02243,POC
ACT008532,O02435,Call
ACT008533,O03227,Demo
ACT008534,O00060,Call
ACT008535,O00320,Call
ACT008536,O02834,POC
ACT008537,O01807,Email
ACT008538,O01559,Workshop
ACT008539,O02971,POC
ACT008540,O01802,Workshop
ACT008541,O02027,Demo
ACT008542,O00081,Call
ACT008543,O00501,Demo
ACT008544,O01164,Email
ACT008545,O01024,Email
ACT008546,O02950,Workshop
ACT008547,O01982,Demo
ACT008548,O00578,Demo
ACT008549,O00271,Workshop
ACT008550,O02620,Workshop
ACT008551,O01229,Call
ACT008552,O01610,Workshop
ACT008553,O01011,Call
ACT008554,O01625,POC
ACT008555,O00074,Call
ACT008556,O02378,POC
ACT008557,O02512,Workshop
ACT008558,O00689,POC
ACT008559,O00668,Demo
ACT008560,O01122,POC
ACT008561,O00989,Workshop
ACT008562,O02432,POC
ACT008563,O00224,Demo
ACT008564,O02510,Workshop
ACT008565,O00185,Call
ACT008566,O00907,Demo
ACT008567,O00131,POC
ACT008568,O00383,Demo
ACT008569,O02959,Call
ACT008570,O02570,POC
ACT008571,O00393,Workshop
ACT008572,O01625,Demo
ACT008573,O02466,Email
ACT008574,O03182,Call
ACT008575,O00912,Email
ACT008576,O00176,POC
ACT008577,O01991,Email
ACT008578,O00712,Email
ACT008579,O02034,Workshop
ACT008580,O00179,Workshop
ACT008581,O03304,Call
ACT008582,O02283,POC
ACT008583,O02879,Demo
ACT008584,O02665,Demo
ACT008585,O00774,Call
ACT008586,O02152,POC
ACT008587,O00482,Email
ACT008588,O00511,Workshop
ACT008589,O00287,POC
ACT008590,O03296,Demo
ACT008591,O01823,Email
ACT008592,O02853,Call
ACT008593,O00819,POC
ACT008594,O02656,Email
ACT008595,O00956,Call
ACT008596,O02796,POC
ACT008597,O00520,Demo
ACT008598,O00250,Call
ACT008599,O00599,Workshop
ACT008600,O01861,POC
ACT008601,O02599,Call
ACT008602,O00851,Demo
ACT008603,O01728,Email
ACT008604,O01237,POC
ACT008605,O00026,Email
ACT008606,O01274,Workshop
ACT008607,O02540,Email
ACT008608,O03201,Email
ACT008609,O01663,Workshop
ACT008610,O03176,Call
ACT008611,O01078,Email
ACT008612,O01957,Demo
ACT008613,O00064,Email
ACT008614,O01906,Workshop
ACT008615,O00602,POC
ACT008616,O01811,Workshop
ACT008617,O02607,POC
ACT008618,O02702,Demo
ACT008619,O01753,Email
ACT008620,O02552,Demo
ACT008621,O02598,Call
ACT008622,O02850,Demo
ACT008623,O03267,Workshop
ACT008624,O02735,Email
ACT008625,O00571,POC
ACT008626,O00175,Call
ACT008627,O00691,POC
ACT008628,O00018,Workshop
ACT008629,O00681,POC
ACT008630,O00177,Demo
ACT008631,O00262,POC
ACT008632,O01750,POC
ACT008633,O02602,Demo
ACT008634,O02670,POC
ACT008635,O00578,POC
ACT008636,O00118,POC
ACT008637,O02106,Call
ACT008638,O02519,POC
ACT008639,O01425,Workshop
ACT008640,O02453,POC
ACT008641,O02257,Workshop
ACT008642,O03002,Email
ACT008643,O02217,Workshop
ACT008644,O00741,POC
ACT008645,O03406,Call
ACT008646,O01864,Workshop
ACT008647,O01112,Demo
ACT008648,O01483,POC
ACT008649,O01040,Demo
ACT008650,O00057,Demo
ACT008651,O02636,Email
ACT008652,O02201,Demo
ACT008653,O00103,Email
ACT008654,O01669,Workshop
ACT008655,O02594,Demo
ACT008656,O01508,Email
ACT008657,O02754,POC
ACT008658,O02616,Workshop
ACT008659,O03159,POC
ACT008660,O00517,Email
ACT008661,O03355,Call
ACT008662,O02789,POC
ACT008663,O01026,Email
ACT008664,O03274,POC
ACT008665,O01923,Email
ACT008666,O01139,Email
ACT008667,O00204,Call
ACT008668,O01699,Email
ACT008669,O03435,Workshop
ACT008670,O02516,Call
ACT008671,O02094,Demo
ACT008672,O00225,Demo
ACT008673,O00658,Call
ACT008674,O01118,Call
ACT008675,O03427,Demo
ACT008676,O02385,Call
ACT008677,O02760,Call
ACT008678,O01813,Workshop
ACT008679,O03096,Workshop
ACT008680,O02373,Email
ACT008681,O01483,Email
ACT008682,O00548,Call
ACT008683,O01986,Call
ACT008684,O02884,Workshop
ACT008685,O03011,Workshop
ACT008686,O02754,Demo
ACT008687,O02061,POC
ACT008688,O01515,Demo
ACT008689,O02577,Workshop
ACT008690,O00784,Call
ACT008691,O03449,Call
ACT008692,O00538,Email
ACT008693,O02482,Workshop
ACT008694,O01565,POC
ACT008695,O00290,Call
ACT008696,O01923,Call
ACT008697,O03202,Email
ACT008698,O01200,Workshop
ACT008699,O02221,Demo
ACT008700,O03069,Email
ACT008701,O01716,POC
ACT008702,O00539,Demo
ACT008703,O02704,Email
ACT008704,O00500,Call
ACT008705,O02717,Demo
ACT008706,O01962,Email
ACT008707,O01157,Workshop
ACT008708,O02191,POC
ACT008709,O03287,POC
ACT008710,O02272,Demo
ACT008711,O01648,Workshop
ACT008712,O01461,POC
ACT008713,O00462,POC
ACT008714,O03379,Workshop
ACT008715,O02371,Email
ACT008716,O00127,Email
ACT008717,O02909,POC
ACT008718,O02705,Demo
ACT008719,O00478,Workshop
ACT008720,O00007,Call
ACT008721,O02599,Workshop
ACT008722,O01620,Call
ACT008723,O01904,Demo
ACT008724,O02097,POC
ACT008725,O01841,Workshop
ACT008726,O01140,Workshop
ACT008727,O02416,POC
ACT008728,O01785,Call
ACT008729,O01323,Email
ACT008730,O00845,Demo
ACT008731,O03239,Workshop
ACT008732,O00023,Call
ACT008733,O01336,Call
ACT008734,O01666,Call
ACT008735,O03497,Email
ACT008736,O02176,Email
ACT008737,O00596,Demo
ACT008738,O03409,POC
ACT008739,O00293,Call
ACT008740,O02031,Call
ACT008741,O02463,Call
ACT008742,O02925,Workshop
ACT008743,O03492,Workshop
ACT008744,O03283,Call
ACT008745,O00245,Email
ACT008746,O00266,Workshop
ACT008747,O02074,Email
ACT008748,O02856,POC
ACT008749,O01692,Workshop
ACT008750,O01079,Workshop
ACT008751,O03174,Call
ACT008752,O01354,POC
ACT008753,O01962,Call
ACT008754,O01367,Call
ACT008755,O02425,Call
ACT008756,O02401,Workshop
ACT008757,O00553,Demo
ACT008758,O03469,POC
ACT008759,O00269,Email
ACT008760,O00899,Workshop
ACT008761,O00286,Call
ACT008762,O01518,Email
ACT008763,O00457,POC
ACT008764,O01451,Workshop
ACT008765,O01672,POC
ACT008766,O02844,POC
ACT008767,O02498,Call
ACT008768,O00425,POC
ACT008769,O00573,POC
ACT008770,O01381,POC
ACT008771,O02360,POC
ACT008772,O01228,Call
ACT008773,O03038,Call
ACT008774,O01840,Email
ACT008775,O03469,Workshop
ACT008776,O00273,Email
ACT008777,O01823,Call
ACT008778,O01601,Workshop
ACT008779,O03446,POC
ACT008780,O01766,POC
ACT008781,O02536,POC
ACT008782,O03076,Email
ACT008783,O00498,Demo
ACT008784,O00372,Demo
ACT008785,O00707,Call
ACT008786,O00328,Email
ACT008787,O03404,Workshop
ACT008788,O02320,Email
ACT008789,O01439,Workshop
ACT008790,O03151,POC
ACT008791,O01144,Email
ACT008792,O02455,POC
ACT008793,O03056,Workshop
ACT008794,O03279,Email
ACT008795,O00137,Demo
ACT008796,O01674,Call
ACT008797,O02748,Demo
ACT008798,O01217,Call
ACT008799,O01955,Demo
ACT008800,O03167,Email
ACT008801,O02532,Call
ACT008802,O00279,Workshop
ACT008803,O01648,Email
ACT008804,O01580,Workshop
ACT008805,O00277,Call
ACT008806,O01337,Workshop
ACT008807,O00714,Workshop
ACT008808,O02372,Email
ACT008809,O01240,POC
ACT008810,O01754,Call
ACT008811,O00010,Demo
ACT008812,O01779,Workshop
ACT008813,O00314,Workshop
ACT008814,O02541,Call
ACT008815,O01030,Demo
ACT008816,O02615,Workshop
ACT008817,O03363,Email
ACT008818,O00464,POC
ACT008819,O00448,POC
ACT008820,O01960,Workshop
ACT008821,O02384,Demo
ACT008822,O00514,Demo
ACT008823,O02202,POC
ACT008824,O00168,Call
ACT008825,O01718,Email
ACT008826,O00208,Demo
ACT008827,O00849,Call
ACT008828,O01878,Call
ACT008829,O00192,Workshop
ACT008830,O02787,Email
ACT008831,O00308,Call
ACT008832,O00715,Workshop
ACT008833,O02982,Workshop
ACT008834,O01075,POC
ACT008835,O03055,POC
ACT008836,O02400,Demo
ACT008837,O00999,Call
ACT008838,O00183,Demo
ACT008839,O01108,Email
ACT008840,O00414,Demo
ACT008841,O00478,POC
ACT008842,O02176,POC
ACT008843,O01643,Workshop
ACT008844,O01046,Workshop
ACT008845,O00262,Demo
ACT008846,O01870,Demo
ACT008847,O01863,Call
ACT008848,O03020,Demo
ACT008849,O02250,Demo
ACT008850,O01556,Demo
ACT008851,O00036,Workshop
ACT008852,O01121,Call
ACT008853,O02274,Demo
ACT008854,O01342,POC
ACT008855,O01505,Demo
ACT008856,O00456,Email
ACT008857,O03371,Email
ACT008858,O00050,POC
ACT008859,O02573,Demo
ACT008860,O00019,Demo
ACT008861,O01391,Demo
ACT008862,O01006,Call
ACT008863,O00733,POC
ACT008864,O02905,Workshop
ACT008865,O02548,Demo
ACT008866,O02088,Call
ACT008867,O02247,Workshop
ACT008868,O01315,POC
ACT008869,O01989,POC
ACT008870,O03374,Email
ACT008871,O00644,Demo
ACT008872,O01573,Workshop
ACT008873,O01883,Workshop
ACT008874,O00581,Demo
ACT008875,O02961,POC
ACT008876,O02605,Demo
ACT008877,O01524,Workshop
ACT008878,O03348,Email
ACT008879,O00405,Email
ACT008880,O02974,Call
ACT008881,O02434,POC
ACT008882,O02609,Call
ACT008883,O00509,Demo
ACT008884,O00700,Workshop
ACT008885,O01234,POC
ACT008886,O00345,Workshop
ACT008887,O03284,Demo
ACT008888,O01708,POC
ACT008889,O02982,Call
ACT008890,O02176,POC
ACT008891,O02051,Call
ACT008892,O00812,Email
ACT008893,O02891,POC
ACT008894,O01392,Email
ACT008895,O02492,POC
ACT008896,O03265,Demo
ACT008897,O02452,Demo
ACT008898,O02363,Workshop
ACT008899,O01348,Email
ACT008900,O02967,POC
ACT008901,O01369,POC
ACT008902,O03057,POC
ACT008903,O03114,POC
ACT008904,O01664,Workshop
ACT008905,O02941,Email
ACT008906,O02835,Demo
ACT008907,O02886,Demo
ACT008908,O03105,Workshop
ACT008909,O00303,POC
ACT008910,O03041,POC
ACT008911,O00320,Demo
ACT008912,O03003,Email
ACT008913,O00053,Workshop
ACT008914,O02421,Email
ACT008915,O03039,Workshop
ACT008916,O01159,Email
ACT008917,O03325,POC
ACT008918,O02207,Call
ACT008919,O02012,Email
ACT008920,O01785,POC
ACT008921,O00167,POC
ACT008922,O03457,Demo
ACT008923,O01818,Call
ACT008924,O00713,Workshop
ACT008925,O01299,Email
ACT008926,O02337,Email
ACT008927,O01758,Email
ACT008928,O03016,Email
ACT008929,O01648,Email
ACT008930,O03019,Call
ACT008931,O02544,Workshop
ACT008932,O00605,Call
ACT008933,O02445,Workshop
ACT008934,O02788,Call
ACT008935,O02602,POC
ACT008936,O00360,Workshop
ACT008937,O02617,Call
ACT008938,O03179,Workshop
ACT008939,O00645,POC
ACT008940,O03393,Demo
ACT008941,O01831,POC
ACT008942,O01341,POC
ACT008943,O00568,Demo
ACT008944,O02046,Email
ACT008945,O00511,Workshop
ACT008946,O00150,Email
ACT008947,O00675,Demo
ACT008948,O02504,POC
ACT008949,O02467,POC
ACT008950,O02136,Email
ACT008951,O01053,Call
ACT008952,O00886,POC
ACT008953,O00192,Email
ACT008954,O02255,Workshop
ACT008955,O01031,Call
ACT008956,O01607,POC
ACT008957,O00699,Call
ACT008958,O01575,Workshop
ACT008959,O01444,Email
ACT008960,O01418,Workshop
ACT008961,O02754,Workshop
ACT008962,O02491,Email
ACT008963,O03234,POC
ACT008964,O03436,POC
ACT008965,O01226,Demo
ACT008966,O00559,Call
ACT008967,O00441,Workshop
ACT008968,O01680,POC
ACT008969,O03495,Email
ACT008970,O00072,POC
ACT008971,O01172,Call
ACT008972,O02180,Email
ACT008973,O00445,Workshop
ACT008974,O01426,Demo
ACT008975,O00874,POC
ACT008976,O03029,POC
ACT008977,O02913,Workshop
ACT008978,O01472,Demo
ACT008979,O00398,Email
ACT008980,O00263,Demo
ACT008981,O02931,Call
ACT008982,O01955,Call
ACT008983,O01472,Email
ACT008984,O02945,POC
ACT008985,O00492,POC
ACT008986,O02951,POC
ACT008987,O03183,Call
ACT008988,O03050,Workshop
ACT008989,O03428,Call
ACT008990,O00229,Workshop
ACT008991,O03348,Demo
ACT008992,O01271,Call
ACT008993,O00693,Demo
ACT008994,O03413,Workshop
ACT008995,O03197,Workshop
ACT008996,O01664,POC
ACT008997,O00842,Call
ACT008998,O00532,POC
ACT008999,O01814,Email
ACT009000,O02212,POC
ACT009001,O01806,Call
ACT009002,O03001,Email
ACT009003,O02446,Email
ACT009004,O02690,Email
ACT009005,O03117,Workshop
ACT009006,O00785,POC
ACT009007,O03459,Email
ACT009008,O02883,Email
ACT009009,O00955,POC
ACT009010,O01726,Call
ACT009011,O03398,Demo
ACT009012,O01455,Email
ACT009013,O00599,Email
ACT009014,O00038,Email
ACT009015,O01119,Email
ACT009016,O03213,Email
ACT009017,O02651,Workshop
ACT009018,O02363,Workshop
ACT009019,O01771,Workshop
ACT009020,O00617,Demo
ACT009021,O01260,Email
ACT009022,O00004,Demo
ACT009023,O01075,Call
ACT009024,O02122,POC
ACT009025,O02881,Demo
ACT009026,O01647,Demo
ACT009027,O03265,Email
ACT009028,O00152,Call
ACT009029,O02392,Demo
ACT009030,O03268,Demo
ACT009031,O02270,POC
ACT009032,O03458,Workshop
ACT009033,O03336,Demo
ACT009034,O01494,Workshop
ACT009035,O02024,Call
ACT009036,O00219,Call
ACT009037,O03053,POC
ACT009038,O00927,Call
ACT009039,O03171,Email
ACT009040,O00913,Workshop
ACT009041,O02402,Demo
ACT009042,O02423,Demo
ACT009043,O03178,POC
ACT009044,O02456,Email
ACT009045,O00641,Call
ACT009046,O02861,Email
ACT009047,O00827,Workshop
ACT009048,O02938,Workshop
ACT009049,O02408,POC
ACT009050,O00421,Email
ACT009051,O00579,Demo
ACT009052,O01699,POC
ACT009053,O01757,Workshop
ACT009054,O00810,Workshop
ACT009055,O01984,POC
ACT009056,O00320,POC
ACT009057,O02788,POC
ACT009058,O01679,Workshop
ACT009059,O02969,Demo
ACT009060,O01656,Workshop
ACT009061,O01177,Call
ACT009062,O00412,Call
ACT009063,O00250,Call
ACT009064,O03447,Workshop
ACT009065,O02276,Call
ACT009066,O00738,Email
ACT009067,O01659,Demo
ACT009068,O03154,Email
ACT009069,O02306,Email
ACT009070,O03423,Call
ACT009071,O01556,Call
ACT009072,O00128,Demo
ACT009073,O02645,Demo
ACT009074,O00025,Demo
ACT009075,O01538,Workshop
ACT009076,O02938,Call
ACT009077,O02098,Email
ACT009078,O02176,Email
ACT009079,O01753,Email
ACT009080,O00036,Call
ACT009081,O01778,Demo
ACT009082,O00579,Workshop
ACT009083,O00732,Demo
ACT009084,O00554,POC
ACT009085,O00084,Email
ACT009086,O03292,Email
ACT009087,O00757,Workshop
ACT009088,O01482,Workshop
ACT009089,O01353,Workshop
ACT009090,O03344,POC
ACT009091,O02387,Email
ACT009092,O01287,POC
ACT009093,O01133,POC
ACT009094,O02469,Demo
ACT009095,O01650,Workshop
ACT009096,O02424,Call
ACT009097,O03455,Demo
ACT009098,O00388,Workshop
ACT009099,O00591,Email
ACT009100,O00820,POC
ACT009101,O00009,Call
ACT009102,O00619,POC
ACT009103,O01377,Demo
ACT009104,O01199,Call
ACT009105,O03448,Workshop
ACT009106,O02862,Call
ACT009107,O02652,Workshop
ACT009108,O00137,Call
ACT009109,O02858,Demo
ACT009110,O01035,Call
ACT009111,O02058,Email
ACT009112,O02797,Workshop
ACT009113,O00763,Email
ACT009114,O02976,Call
ACT009115,O02791,Call
ACT009116,O00667,POC
ACT009117,O02393,Demo
ACT009118,O02591,Workshop
ACT009119,O01945,Call
ACT009120,O02565,Call
ACT009121,O02559,Workshop
ACT009122,O02084,Workshop
ACT009123,O00281,Call
ACT009124,O02012,Workshop
ACT009125,O02736,Call
ACT009126,O02174,Call
ACT009127,O02223,Email
ACT009128,O01735,POC
ACT009129,O02553,POC
ACT009130,O02978,Email
ACT009131,O02968,Email
ACT009132,O01123,POC
ACT009133,O02752,POC
ACT009134,O01246,Demo
ACT009135,O02329,Email
ACT009136,O02921,Demo
ACT009137,O03446,POC
ACT009138,O01373,Workshop
ACT009139,O02683,Call
ACT009140,O02010,Workshop
ACT009141,O03368,Workshop
ACT009142,O02144,Demo
ACT009143,O00491,Demo
ACT009144,O01282,Email
ACT009145,O01552,Email
ACT009146,O01277,Demo
ACT009147,O02438,Demo
ACT009148,O01746,POC
ACT009149,O02529,Call
ACT009150,O03295,Demo
ACT009151,O02252,POC
ACT009152,O00826,POC
ACT009153,O00944,Workshop
ACT009154,O00492,POC
ACT009155,O03175,Demo
ACT009156,O00163,Call
ACT009157,O03392,Call
ACT009158,O02286,Call
ACT009159,O03467,Workshop
ACT009160,O01717,POC
ACT009161,O00572,Call
ACT009162,O01046,Demo
ACT009163,O03025,POC
ACT009164,O01444,POC
ACT009165,O01390,Email
ACT009166,O01630,Workshop
ACT009167,O01997,POC
ACT009168,O00269,Call
ACT009169,O03226,Call
ACT009170,O01392,POC
ACT009171,O01208,Call
ACT009172,O02174,Workshop
ACT009173,O03142,Call
ACT009174,O02880,Call
ACT009175,O00830,Demo
ACT009176,O00412,Demo
ACT009177,O01888,Workshop
ACT009178,O02281,Email
ACT009179,O03375,Call
ACT009180,O03107,Email
ACT009181,O01194,Workshop
ACT009182,O01796,Demo
ACT009183,O00228,Email
ACT009184,O01255,Workshop
ACT009185,O02711,POC
ACT009186,O01091,Email
ACT009187,O03035,Workshop
ACT009188,O02497,Call
ACT009189,O02616,Email
ACT009190,O01934,Workshop
ACT009191,O01953,Demo
ACT009192,O00130,Email
ACT009193,O02139,Call
ACT009194,O00881,Demo
ACT009195,O03153,POC
ACT009196,O00192,Email
ACT009197,O01843,Workshop
ACT009198,O02162,Call
ACT009199,O02504,Call
ACT009200,O00611,Email
ACT009201,O00743,Call
ACT009202,O00680,POC
ACT009203,O03103,Demo
ACT009204,O00963,Demo
ACT009205,O02181,Demo
ACT009206,O00837,Email
ACT009207,O01236,Workshop
ACT009208,O02484,Call
ACT009209,O01705,Demo
ACT009210,O01547,Workshop
ACT009211,O03033,POC
ACT009212,O02432,Email
ACT009213,O00132,Demo
ACT009214,O02885,Call
ACT009215,O02249,Email
ACT009216,O00018,POC
ACT009217,O01618,Call
ACT009218,O03293,POC
ACT009219,O01970,Email
ACT009220,O02466,Email
ACT009221,O03322,Workshop
ACT009222,O02758,Demo
ACT009223,O01846,POC
ACT009224,O01584,POC
ACT009225,O03000,Email
ACT009226,O01118,POC
ACT009227,O00037,Call
ACT009228,O03007,Workshop
ACT009229,O00703,Call
ACT009230,O01869,Workshop
ACT009231,O01604,Email
ACT009232,O03227,Workshop
ACT009233,O02602,POC
ACT009234,O02091,POC
ACT009235,O01723,Workshop
ACT009236,O00325,Call
ACT009237,O00232,Email
ACT009238,O02860,POC
ACT009239,O02927,Demo
ACT009240,O00971,Demo
ACT009241,O00488,Email
ACT009242,O00829,POC
ACT009243,O01519,Workshop
ACT009244,O00959,Email
ACT009245,O00962,POC
ACT009246,O00742,POC
ACT009247,O02447,Email
ACT009248,O00175,POC
ACT009249,O02018,Demo
ACT009250,O00219,Demo
ACT009251,O02443,Email
ACT009252,O02858,Workshop
ACT009253,O00074,Workshop
ACT009254,O01088,Demo
ACT009255,O02072,POC
ACT009256,O02320,POC
ACT009257,O02099,POC
ACT009258,O01632,Email
ACT009259,O00080,Email
ACT009260,O00266,Workshop
ACT009261,O02528,Demo
ACT009262,O01498,Workshop
ACT009263,O01558,Workshop
ACT009264,O03197,POC
ACT009265,O00315,Email
ACT009266,O01394,Workshop
ACT009267,O00074,Workshop
ACT009268,O03063,POC
ACT009269,O00844,Email
ACT009270,O00658,Call
ACT009271,O01398,POC
ACT009272,O02633,Workshop
ACT009273,O02200,POC
ACT009274,O01891,Demo
ACT009275,O02625,POC
ACT009276,O00644,Workshop
ACT009277,O02244,Demo
ACT009278,O01275,Workshop
ACT009279,O03136,Call
ACT009280,O03337,POC
ACT009281,O01511,Email
ACT009282,O00787,Workshop
ACT009283,O01051,Workshop
ACT009284,O02657,POC
ACT009285,O01251,Workshop
ACT009286,O02024,Email
ACT009287,O02795,Email
ACT009288,O02763,Demo
ACT009289,O02200,Email
ACT009290,O03417,Call
ACT009291,O01202,Demo
ACT009292,O03427,Call
ACT009293,O01240,Call
ACT009294,O02912,Email
ACT009295,O00200,Call
ACT009296,O00170,POC
ACT009297,O01746,Call
ACT009298,O02202,Call
ACT009299,O02349,POC
ACT009300,O02127,POC
ACT009301,O01006,Call
ACT009302,O02612,Email
ACT009303,O02012,POC
ACT009304,O01299,Demo
ACT009305,O02315,Call
ACT009306,O01877,Workshop
ACT009307,O01967,POC
ACT009308,O00216,Call
ACT009309,O01408,Call
ACT009310,O01020,Call
ACT009311,O00737,Demo
ACT009312,O01979,POC
ACT009313,O02372,Email
ACT009314,O02429,Call
ACT009315,O00510,POC
ACT009316,O01791,Email
ACT009317,O00076,Email
ACT009318,O01465,Email
ACT009319,O01471,POC
ACT009320,O02707,Demo
ACT009321,O00285,POC
ACT009322,O01173,Call
ACT009323,O00160,Call
ACT009324,O01291,Email
ACT009325,O03253,Email
ACT009326,O02190,Demo
ACT009327,O02773,Demo
ACT009328,O01002,Call
ACT009329,O00964,Demo
ACT009330,O03271,Call
ACT009331,O00241,Email
ACT009332,O00100,POC
ACT009333,O03163,Call
ACT009334,O03154,Email
ACT009335,O02117,Email
ACT009336,O03384,Demo
ACT009337,O00758,Email
ACT009338,O01971,Demo
ACT009339,O01709,Call
ACT009340,O01304,Call
ACT009341,O00414,Call
ACT009342,O02101,Email
ACT009343,O01432,Email
ACT009344,O03011,POC
ACT009345,O00424,Email
ACT009346,O02899,Call
ACT009347,O01021,Call
ACT009348,O01045,POC
ACT009349,O00864,POC
ACT009350,O00682,POC
ACT009351,O01406,Demo
ACT009352,O01753,Workshop
ACT009353,O01110,POC
ACT009354,O03472,POC
ACT009355,O02373,Workshop
ACT009356,O03385,POC
ACT009357,O02394,Demo
ACT009358,O01364,Demo
ACT009359,O02081,Email
ACT009360,O02849,Workshop
ACT009361,O01176,POC
ACT009362,O01795,Email
ACT009363,O01418,Email
ACT009364,O02603,Workshop
ACT009365,O02298,Demo
ACT009366,O02488,Call
ACT009367,O02978,Call
ACT009368,O01172,Email
ACT009369,O01908,Workshop
ACT009370,O00411,Email
ACT009371,O01581,POC
ACT009372,O00878,Call
ACT009373,O01198,Workshop
ACT009374,O00720,POC
ACT009375,O00031,Workshop
ACT009376,O03210,POC
ACT009377,O00379,Call
ACT009378,O01950,Call
ACT009379,O03133,POC
ACT009380,O00595,POC
ACT009381,O02543,Demo
ACT009382,O02573,Demo
ACT009383,O02609,Call
ACT009384,O01733,Workshop
ACT009385,O00655,Workshop
ACT009386,O03296,Demo
ACT009387,O02151,Call
ACT009388,O02602,Workshop
ACT009389,O02782,Call
ACT009390,O00111,Demo
ACT009391,O02539,Call
ACT009392,O02264,Demo
ACT009393,O02290,Email
ACT009394,O03029,Call
ACT009395,O00262,Workshop
ACT009396,O01146,POC
ACT009397,O03062,Call
ACT009398,O03040,Demo
ACT009399,O03496,Workshop
ACT009400,O03021,Workshop
ACT009401,O03031,Call
ACT009402,O00526,Call
ACT009403,O03420,Workshop
ACT009404,O03123,Call
ACT009405,O03147,Demo
ACT009406,O01551,Call
ACT009407,O01391,Demo
ACT009408,O00444,Workshop
ACT009409,O00718,Workshop
ACT009410,O01506,Demo
ACT009411,O01995,POC
ACT009412,O00626,Email
ACT009413,O03461,Workshop
ACT009414,O02960,Demo
ACT009415,O00889,Workshop
ACT009416,O00772,Workshop
ACT009417,O02369,Workshop
ACT009418,O01046,Demo
ACT009419,O01537,Call
ACT009420,O01566,Workshop
ACT009421,O00530,POC
ACT009422,O01864,Email
ACT009423,O00177,POC
ACT009424,O00762,Call
ACT009425,O02871,POC
ACT009426,O02110,POC
ACT009427,O00150,POC
ACT009428,O00402,Email
ACT009429,O00475,Demo
ACT009430,O01213,Email
ACT009431,O01329,Demo
ACT009432,O02799,Demo
ACT009433,O02928,Demo
ACT009434,O01648,Call
ACT009435,O01188,POC
ACT009436,O02850,Email
ACT009437,O02314,POC
ACT009438,O02009,POC
ACT009439,O01783,POC
ACT009440,O03497,POC
ACT009441,O02530,Email
ACT009442,O01366,POC
ACT009443,O01306,Email
ACT009444,O03213,Workshop
ACT009445,O02735,POC
ACT009446,O02151,Demo
ACT009447,O00867,Workshop
ACT009448,O02650,Email
ACT009449,O00032,Demo
ACT009450,O01900,POC
ACT009451,O02744,Workshop
ACT009452,O02005,Workshop
ACT009453,O03172,Email
ACT009454,O01951,Workshop
ACT009455,O02744,Call
ACT009456,O01822,Call
ACT009457,O01978,Call
ACT009458,O02398,Call
ACT009459,O02793,Demo
ACT009460,O03313,POC
ACT009461,O02637,Workshop
ACT009462,O03034,Call
ACT009463,O01741,Call
ACT009464,O02536,Call
ACT009465,O00344,POC
ACT009466,O01535,Call
ACT009467,O00122,Call
ACT009468,O01524,Demo
ACT009469,O01009,POC
ACT009470,O01178,POC
ACT009471,O00765,POC
ACT009472,O01269,Call
ACT009473,O03396,Demo
ACT009474,O02517,POC
ACT009475,O03096,Email
ACT009476,O02437,Workshop
ACT009477,O02872,Workshop
ACT009478,O01950,Workshop
ACT009479,O00634,Workshop
ACT009480,O02966,Demo
ACT009481,O03024,Email
ACT009482,O00615,Demo
ACT009483,O01575,POC
ACT009484,O02680,Workshop
ACT009485,O02223,Email
ACT009486,O01293,POC
ACT009487,O03209,POC
ACT009488,O00473,Demo
ACT009489,O02865,Workshop
ACT009490,O01444,Email
ACT009491,O03392,Email
ACT009492,O03265,POC
ACT009493,O00514,Call
ACT009494,O01655,Workshop
ACT009495,O01162,Call
ACT009496,O01032,Call
ACT009497,O02041,Call
ACT009498,O02175,Workshop
ACT009499,O00763,Email
ACT009500,O02657,Workshop
ACT009501,O02395,Email
ACT009502,O00235,Workshop
ACT009503,O01904,Call
ACT009504,O00600,Workshop
ACT009505,O02904,POC
ACT009506,O00341,Call
ACT009507,O00628,Call
ACT009508,O02824,Demo
ACT009509,O00668,Email
ACT009510,O00140,Demo
ACT009511,O02476,Demo
ACT009512,O00662,POC
ACT009513,O01733,Email
ACT009514,O01477,Email
ACT009515,O00284,Demo
ACT009516,O00777,Email
ACT009517,O02209,Call
ACT009518,O02610,Demo
ACT009519,O02742,Workshop
ACT009520,O03161,Workshop
ACT009521,O03330,Workshop
ACT009522,O02142,Email
ACT009523,O03480,Call
ACT009524,O00509,Workshop
ACT009525,O03119,POC
ACT009526,O02428,Workshop
ACT009527,O02911,Demo
ACT009528,O03088,POC
ACT009529,O02487,POC
ACT009530,O02561,Demo
ACT009531,O01840,Demo
ACT009532,O03441,Email
ACT009533,O02684,POC
ACT009534,O01590,Demo
ACT009535,O01860,POC
ACT009536,O01546,Email
ACT009537,O03386,Email
ACT009538,O00034,POC
ACT009539,O02743,Email
ACT009540,O00153,Email
ACT009541,O03252,Email
ACT009542,O02316,Workshop
ACT009543,O00765,Call
ACT009544,O01063,Email
ACT009545,O01735,POC
ACT009546,O02848,Call
ACT009547,O02669,Call
ACT009548,O01267,Email
ACT009549,O03271,Email
ACT009550,O03219,Call
ACT009551,O00252,Demo
ACT009552,O00369,Demo
ACT009553,O03117,Call
ACT009554,O00083,Call
ACT009555,O02163,POC
ACT009556,O00896,Demo
ACT009557,O01612,Email
ACT009558,O02493,Call
ACT009559,O01108,Workshop
ACT009560,O03131,Workshop
ACT009561,O02668,Demo
ACT009562,O00644,Call
ACT009563,O01790,Workshop
ACT009564,O01097,Call
ACT009565,O01599,Email
ACT009566,O01773,Email
ACT009567,O02786,Workshop
ACT009568,O01180,Demo
ACT009569,O00321,Demo
ACT009570,O02541,Email
ACT009571,O01764,Workshop
ACT009572,O03028,Workshop
ACT009573,O00088,Email
ACT009574,O02466,Call
ACT009575,O01939,Email
ACT009576,O01569,POC
ACT009577,O02886,Email
ACT009578,O02018,Workshop
ACT009579,O00034,Call
ACT009580,O01873,Email
ACT009581,O00254,POC
ACT009582,O01128,POC
ACT009583,O02900,Call
ACT009584,O00989,Workshop
ACT009585,O01742,Demo
ACT009586,O01646,Demo
ACT009587,O02559,Workshop
ACT009588,O03006,Email
ACT009589,O03271,Email
ACT009590,O02467,Email
ACT009591,O00866,POC
ACT009592,O00831,Demo
ACT009593,O00854,Email
ACT009594,O01886,Workshop
ACT009595,O01266,Call
ACT009596,O00580,Demo
ACT009597,O03319,Call
ACT009598,O02528,POC
ACT009599,O01524,Demo
ACT009600,O01621,Email
ACT009601,O03407,Call
ACT009602,O01131,Workshop
ACT009603,O01625,Email
ACT009604,O00033,Workshop
ACT009605,O00960,Call
ACT009606,O00067,Demo
ACT009607,O02649,Call
ACT009608,O03044,Email
ACT009609,O00520,POC
ACT009610,O01838,Email
ACT009611,O01326,Demo
ACT009612,O01626,Call
ACT009613,O01927,Workshop
ACT009614,O02375,Email
ACT009615,O00576,Email
ACT009616,O02127,POC
ACT009617,O01607,Demo
ACT009618,O01261,Demo
ACT009619,O02647,Email
ACT009620,O03040,Email
ACT009621,O00916,POC
ACT009622,O02346,Email
ACT009623,O00029,Call
ACT009624,O00406,Email
ACT009625,O00980,POC
ACT009626,O01916,Demo
ACT009627,O02096,Workshop
ACT009628,O03226,Email
ACT009629,O00540,Call
ACT009630,O00801,POC
ACT009631,O01878,Call
ACT009632,O00221,Workshop
ACT009633,O03368,Workshop
ACT009634,O00101,Call
ACT009635,O02668,Demo
ACT009636,O01624,Call
ACT009637,O03369,Call
ACT009638,O02273,Email
ACT009639,O02427,Workshop
ACT009640,O00312,POC
ACT009641,O00890,Workshop
ACT009642,O00953,Demo
ACT009643,O03494,POC
ACT009644,O03173,Demo
ACT009645,O01741,POC
ACT009646,O00144,Workshop
ACT009647,O00500,Call
ACT009648,O01394,Workshop
ACT009649,O02604,POC
ACT009650,O01961,Demo
ACT009651,O02574,Call
ACT009652,O03469,Email
ACT009653,O01383,Email
ACT009654,O03156,Email
ACT009655,O03263,Demo
ACT009656,O02514,Email
ACT009657,O01790,POC
ACT009658,O03181,POC
ACT009659,O03155,Call
ACT009660,O00783,Demo
ACT009661,O00105,Call
ACT009662,O00769,POC
ACT009663,O00264,POC
ACT009664,O02923,Email
ACT009665,O01067,Workshop
ACT009666,O01333,Demo
ACT009667,O02427,POC
ACT009668,O01513,Workshop
ACT009669,O02596,Email
ACT009670,O02715,Call
ACT009671,O02202,Call
ACT009672,O01765,POC
ACT009673,O01329,POC
ACT009674,O02931,Demo
ACT009675,O02264,Demo
ACT009676,O01800,Call
ACT009677,O02168,Call
ACT009678,O02694,Call
ACT009679,O01516,Call
ACT009680,O02471,Email
ACT009681,O01817,Email
ACT009682,O01589,POC
ACT009683,O00910,Demo
ACT009684,O00248,Call
ACT009685,O02299,Workshop
ACT009686,O02747,Workshop
ACT009687,O01863,Email
ACT009688,O01446,Call
ACT009689,O01056,POC
ACT009690,O00307,Call
ACT009691,O00575,Demo
ACT009692,O01348,Call
ACT009693,O03289,Call
ACT009694,O01073,Call
ACT009695,O02194,Call
ACT009696,O01654,Workshop
ACT009697,O00716,Demo
ACT009698,O00734,Demo
ACT009699,O02010,Email
ACT009700,O00194,Workshop
ACT009701,O00680,Demo
ACT009702,O00014,POC
ACT009703,O00136,POC
ACT009704,O03349,Demo
ACT009705,O02201,Demo
ACT009706,O00406,Demo
ACT009707,O03123,Call
ACT009708,O03238,POC
ACT009709,O02777,Call
ACT009710,O00716,Demo
ACT009711,O02043,Email
ACT009712,O00869,Workshop
ACT009713,O03005,Workshop
ACT009714,O02484,Demo
ACT009715,O00717,Workshop
ACT009716,O02726,Call
ACT009717,O03420,Call
ACT009718,O03098,Call
ACT009719,O00878,Workshop
ACT009720,O01018,Demo
ACT009721,O02507,Demo
ACT009722,O00935,Workshop
ACT009723,O02586,Email
ACT009724,O03367,POC
ACT009725,O01641,Demo
ACT009726,O01356,Email
ACT009727,O03386,POC
ACT009728,O00033,Email
ACT009729,O03302,Email
ACT009730,O01914,Email
ACT009731,O03093,Email
ACT009732,O01195,Workshop
ACT009733,O00126,POC
ACT009734,O00850,Call
ACT009735,O01469,Email
ACT009736,O03302,Demo
ACT009737,O00771,Demo
ACT009738,O01843,Workshop
ACT009739,O01754,Workshop
ACT009740,O02545,Call
ACT009741,O00962,Demo
ACT009742,O02131,Demo
ACT009743,O01575,Call
ACT009744,O03454,Email
ACT009745,O01930,Email
ACT009746,O02296,Call
ACT009747,O01299,Call
ACT009748,O03035,Email
ACT009749,O02055,POC
ACT009750,O01063,POC
ACT009751,O01372,Demo
ACT009752,O01434,Call
ACT009753,O02059,POC
ACT009754,O02320,Call
ACT009755,O02312,POC
ACT009756,O01146,Workshop
ACT009757,O00072,Demo
ACT009758,O03445,Email
ACT009759,O00386,Workshop
ACT009760,O00647,Email
ACT009761,O00727,Call
ACT009762,O02587,Demo
ACT009763,O01862,Call
ACT009764,O00579,POC
ACT009765,O02992,POC
ACT009766,O01080,Call
ACT009767,O01179,Demo
ACT009768,O00809,Email
ACT009769,O02260,Email
ACT009770,O00208,Workshop
ACT009771,O00986,Demo
ACT009772,O02635,POC
ACT009773,O00896,Workshop
ACT009774,O00960,Email
ACT009775,O02643,Call
ACT009776,O00384,Workshop
ACT009777,O00633,POC
ACT009778,O00526,Demo
ACT009779,O00958,Call
ACT009780,O00754,Call
ACT009781,O03185,Demo
ACT009782,O02159,Demo
ACT009783,O02088,Call
ACT009784,O01669,POC
ACT009785,O02096,POC
ACT009786,O01419,POC
ACT009787,O01525,Call
ACT009788,O02979,Demo
ACT009789,O01451,Email
ACT009790,O00136,Demo
ACT009791,O03420,Call
ACT009792,O01025,Workshop
ACT009793,O01623,Email
ACT009794,O00694,POC
ACT009795,O00260,Email
ACT009796,O02123,POC
ACT009797,O01758,Email
ACT009798,O01532,Workshop
ACT009799,O03390,POC
ACT009800,O02541,Call
ACT009801,O03318,Demo
ACT009802,O00147,Demo
ACT009803,O01890,Workshop
ACT009804,O00482,POC
ACT009805,O02469,Email
ACT009806,O02886,POC
ACT009807,O02683,Email
ACT009808,O00073,Call
ACT009809,O02726,Workshop
ACT009810,O00160,Call
ACT009811,O03099,Demo
ACT009812,O03338,Demo
ACT009813,O02688,Workshop
ACT009814,O01359,Workshop
ACT009815,O00394,Email
ACT009816,O01827,Demo
ACT009817,O01751,Call
ACT009818,O00785,Call
ACT009819,O00413,POC
ACT009820,O01810,Call
ACT009821,O02089,POC
ACT009822,O02753,Email
ACT009823,O03168,Email
ACT009824,O02210,POC
ACT009825,O00150,POC
ACT009826,O00816,Call
ACT009827,O03065,Call
ACT009828,O03227,Demo
ACT009829,O00989,Call
ACT009830,O01054,Call
ACT009831,O01077,Email
ACT009832,O00112,Call
ACT009833,O00330,Email
ACT009834,O03281,Workshop
ACT009835,O00609,Call
ACT009836,O01250,Demo
ACT009837,O00568,Call
ACT009838,O00780,Workshop
ACT009839,O00960,Call
ACT009840,O02681,Call
ACT009841,O01669,Call
ACT009842,O01766,Demo
ACT009843,O00253,Email
ACT009844,O01367,Email
ACT009845,O01058,Call
ACT009846,O02748,Email
ACT009847,O03499,POC
ACT009848,O00901,POC
ACT009849,O02459,Demo
ACT009850,O00590,POC
ACT009851,O00747,Workshop
ACT009852,O03495,POC
ACT009853,O03460,Demo
ACT009854,O02063,Call
ACT009855,O01475,Demo
ACT009856,O03470,Call
ACT009857,O02156,Call
ACT009858,O02734,POC
ACT009859,O00686,Workshop
ACT009860,O02029,Email
ACT009861,O01481,Workshop
ACT009862,O01460,Workshop
ACT009863,O00927,POC
ACT009864,O01083,Call
ACT009865,O00100,Demo
ACT009866,O02851,Workshop
ACT009867,O02141,Call
ACT009868,O03008,Workshop
ACT009869,O01001,POC
ACT009870,O02983,Call
ACT009871,O01333,Call
ACT009872,O01583,Workshop
ACT009873,O02738,Demo
ACT009874,O01255,POC
ACT009875,O00479,Workshop
ACT009876,O00744,Call
ACT009877,O03165,Demo
ACT009878,O01356,Email
ACT009879,O00045,Email
ACT009880,O01243,Demo
ACT009881,O01979,POC
ACT009882,O00305,Demo
ACT009883,O01420,Call
ACT009884,O01624,POC
ACT009885,O00359,Workshop
ACT009886,O01152,Email
ACT009887,O01303,Workshop
ACT009888,O00242,Email
ACT009889,O02070,Demo
ACT009890,O02340,POC
ACT009891,O00176,Call
ACT009892,O02240,Call
ACT009893,O03341,Workshop
ACT009894,O00352,Email
ACT009895,O02108,Workshop
ACT009896,O00147,Call
ACT009897,O03147,Demo
ACT009898,O02831,POC
ACT009899,O01537,POC
ACT009900,O02232,Call
ACT009901,O00919,Email
ACT009902,O03414,POC
ACT009903,O00094,Call
ACT009904,O01868,Email
ACT009905,O03421,Email
ACT009906,O00403,Email
ACT009907,O01120,Workshop
ACT009908,O00645,Demo
ACT009909,O00117,Demo
ACT009910,O03294,Workshop
ACT009911,O00396,Call
ACT009912,O01286,POC
ACT009913,O03141,Workshop
ACT009914,O02252,Call
ACT009915,O02909,Email
ACT009916,O02164,Demo
ACT009917,O01772,POC
ACT009918,O03085,Workshop
ACT009919,O00943,Email
ACT009920,O01708,Call
ACT009921,O01124,POC
ACT009922,O03320,POC
ACT009923,O02450,Email
ACT009924,O01662,Workshop
ACT009925,O02013,POC
ACT009926,O03091,Email
ACT009927,O00345,Demo
ACT009928,O00679,Email
ACT009929,O00745,Email
ACT009930,O01074,POC
ACT009931,O01853,Workshop
ACT009932,O02631,Workshop
ACT009933,O01163,Call
ACT009934,O00663,POC
ACT009935,O02892,Email
ACT009936,O00586,Call
ACT009937,O03043,Workshop
ACT009938,O03029,Workshop
ACT009939,O01807,Workshop
ACT009940,O01132,Email
ACT009941,O00566,POC
ACT009942,O02932,Email
ACT009943,O02642,Demo
ACT009944,O02188,Call
ACT009945,O01388,Workshop
ACT009946,O02708,Demo
ACT009947,O00128,Workshop
ACT009948,O03278,Email
ACT009949,O02478,Call
ACT009950,O00097,Call
ACT009951,O02703,Email
ACT009952,O02800,Workshop
ACT009953,O02053,Workshop
ACT009954,O02953,POC
ACT009955,O01971,POC
ACT009956,O00215,Demo
ACT009957,O02334,Demo
ACT009958,O01824,Workshop
ACT009959,O00898,POC
ACT009960,O00993,Email
ACT009961,O01451,Demo
ACT009962,O01171,Workshop
ACT009963,O03462,Workshop
ACT009964,O00872,Email
ACT009965,O01676,POC
ACT009966,O01422,POC
ACT009967,O01540,Workshop
ACT009968,O02612,Email
ACT009969,O01702,Email
ACT009970,O01933,POC
ACT009971,O02640,Call
ACT009972,O01145,POC
ACT009973,O00071,Email
ACT009974,O02311,Email
ACT009975,O03401,POC
ACT009976,O02150,Demo
ACT009977,O03118,Email
ACT009978,O02058,Email
ACT009979,O02023,Call
ACT009980,O01334,Call
ACT009981,O01491,Workshop
ACT009982,O00896,POC
ACT009983,O01844,Workshop
ACT009984,O01785,POC
ACT009985,O00625,Demo
ACT009986,O01355,Workshop
ACT009987,O01872,Email
ACT009988,O02479,Call
ACT009989,O02142,Email
ACT009990,O00420,Demo
ACT009991,O01451,Demo
ACT009992,O02733,Email
ACT009993,O00898,Demo
ACT009994,O01971,POC
ACT009995,O02510,Demo
ACT009996,O02687,POC
ACT009997,O02482,Demo
ACT009998,O01491,Email
ACT009999,O00384,Workshop
ACT010000,O02644,Call
ACT010001,O02029,POC
ACT010002,O02458,Email
ACT010003,O00427,Call
ACT010004,O00426,Email
ACT010005,O02206,Demo
ACT010006,O01418,Workshop
ACT010007,O00960,Workshop
ACT010008,O02754,Workshop
ACT010009,O00783,POC
ACT010010,O01708,POC
ACT010011,O02382,Email
ACT010012,O01009,POC
ACT010013,O01656,Workshop
ACT010014,O03038,POC
ACT010015,O01939,POC
ACT010016,O02686,Email
ACT010017,O01168,POC
ACT010018,O00022,POC
ACT010019,O01689,Email
ACT010020,O01226,Email
ACT010021,O01628,Workshop
ACT010022,O02483,Demo
ACT010023,O00980,Call
ACT010024,O01234,Demo
ACT010025,O01918,Demo
ACT010026,O02282,Demo
ACT010027,O02838,Call
ACT010028,O00618,Call
ACT010029,O01022,Demo
ACT010030,O01405,Workshop
ACT010031,O00082,Call
ACT010032,O00706,Email
ACT010033,O00233,POC
ACT010034,O00170,Demo
ACT010035,O00305,Workshop
ACT010036,O01034,Demo
ACT010037,O03483,Email
ACT010038,O01404,POC
ACT010039,O02319,Email
ACT010040,O03449,POC
ACT010041,O01306,Workshop
ACT010042,O03301,Email
ACT010043,O01790,Email
ACT010044,O01773,Email
ACT010045,O02784,POC
ACT010046,O01722,Demo
ACT010047,O02689,Email
ACT010048,O01847,Call
ACT010049,O03125,Workshop
ACT010050,O02866,Email
ACT010051,O02385,Call
ACT010052,O00637,Workshop
ACT010053,O00751,Email
ACT010054,O01099,Workshop
ACT010055,O00976,Demo
ACT010056,O00448,Call
ACT010057,O03110,Workshop
ACT010058,O01683,Workshop
ACT010059,O01422,POC
ACT010060,O02971,Email
ACT010061,O03220,POC
ACT010062,O01822,Workshop
ACT010063,O01681,Call
ACT010064,O00343,Demo
ACT010065,O01732,POC
ACT010066,O01295,Workshop
ACT010067,O00783,Demo
ACT010068,O00921,Email
ACT010069,O03388,POC
ACT010070,O03280,Email
ACT010071,O00644,POC
ACT010072,O01934,Demo
ACT010073,O00510,Call
ACT010074,O02731,POC
ACT010075,O03057,Email
ACT010076,O02575,POC
ACT010077,O01228,POC
ACT010078,O00168,Demo
ACT010079,O00833,Call
ACT010080,O01567,Demo
ACT010081,O01945,Workshop
ACT010082,O01208,Demo
ACT010083,O00407,POC
ACT010084,O00938,Call
ACT010085,O01338,Demo
ACT010086,O01292,Workshop
ACT010087,O00118,Demo
ACT010088,O01488,Workshop
ACT010089,O03486,POC
ACT010090,O00511,Call
ACT010091,O02749,Demo
ACT010092,O03484,Workshop
ACT010093,O02738,Call
ACT010094,O00676,POC
ACT010095,O00281,Workshop
ACT010096,O01050,Workshop
ACT010097,O03307,Demo
ACT010098,O01871,Workshop
ACT010099,O00761,Call
ACT010100,O03332,Email
ACT010101,O00429,Demo
ACT010102,O02166,Workshop
ACT010103,O02889,POC
ACT010104,O00410,Call
ACT010105,O00251,Workshop
ACT010106,O01663,POC
ACT010107,O00957,Demo
ACT010108,O00761,Demo
ACT010109,O02829,Call
ACT010110,O02752,Workshop
ACT010111,O00247,Email
ACT010112,O02305,Call
ACT010113,O02396,Email
ACT010114,O01671,Call
ACT010115,O00708,Demo
ACT010116,O02742,Demo
ACT010117,O02049,Email
ACT010118,O02689,Email
ACT010119,O02060,Workshop
ACT010120,O00165,Call
ACT010121,O03219,POC
ACT010122,O02997,POC
ACT010123,O03429,Demo
ACT010124,O02268,Email
ACT010125,O02407,POC
ACT010126,O03368,Workshop
ACT010127,O03104,Call
ACT010128,O03170,POC
ACT010129,O00719,Workshop
ACT010130,O01797,Demo
ACT010131,O01905,Call
ACT010132,O02499,Demo
ACT010133,O00299,Workshop
ACT010134,O00098,Email
ACT010135,O02947,Demo
ACT010136,O00361,Email
ACT010137,O02346,Workshop
ACT010138,O02900,Workshop
ACT010139,O02833,Demo
ACT010140,O02439,Workshop
ACT010141,O03462,Demo
ACT010142,O00564,Call
ACT010143,O02217,Call
ACT010144,O03071,Call
ACT010145,O01505,Call
ACT010146,O00470,Call
ACT010147,O01748,POC
ACT010148,O00552,Call
ACT010149,O01607,Email
ACT010150,O01212,POC
ACT010151,O02680,Workshop
ACT010152,O01866,POC
ACT010153,O01599,Email
ACT010154,O02584,POC
ACT010155,O00871,Email
ACT010156,O01772,Demo
ACT010157,O00443,Workshop
ACT010158,O02050,Workshop
ACT010159,O03073,Email
ACT010160,O02197,Workshop
ACT010161,O02034,Demo
ACT010162,O00781,Demo
ACT010163,O02140,Email
ACT010164,O03058,Workshop
ACT010165,O01880,Demo
ACT010166,O02687,POC
ACT010167,O03180,Call
ACT010168,O03482,Workshop
ACT010169,O02140,Demo
ACT010170,O01581,Call
ACT010171,O01157,Workshop
ACT010172,O02102,POC
ACT010173,O00618,Email
ACT010174,O02710,Call
ACT010175,O01822,Workshop
ACT010176,O02713,Workshop
ACT010177,O00709,Email
ACT010178,O00473,Email
ACT010179,O02838,Demo
ACT010180,O00876,Workshop
ACT010181,O01220,POC
ACT010182,O01528,POC
ACT010183,O01176,Workshop
ACT010184,O00164,Call
ACT010185,O01401,Workshop
ACT010186,O01271,POC
ACT010187,O02420,Demo
ACT010188,O00121,Email
ACT010189,O00774,POC
ACT010190,O02540,Call
ACT010191,O00610,Call
ACT010192,O02219,Workshop
ACT010193,O03220,Email
ACT010194,O02487,Email
ACT010195,O00933,Workshop
ACT010196,O01607,POC
ACT010197,O01832,Demo
ACT010198,O01240,Demo
ACT010199,O00212,Demo
ACT010200,O00477,Workshop
ACT010201,O02252,POC
ACT010202,O01429,Email
ACT010203,O00515,Email
ACT010204,O00358,Email
ACT010205,O02845,POC
ACT010206,O00449,Call
ACT010207,O00677,POC
ACT010208,O03078,Workshop
ACT010209,O01716,Call
ACT010210,O03309,Call
ACT010211,O00389,POC
ACT010212,O01351,Demo
ACT010213,O01613,Workshop
ACT010214,O00751,POC
ACT010215,O01639,Demo
ACT010216,O02112,Demo
ACT010217,O02480,POC
ACT010218,O01284,Demo
ACT010219,O01703,Email
ACT010220,O02347,POC
ACT010221,O02290,Email
ACT010222,O01473,Demo
ACT010223,O02347,Email
ACT010224,O01760,Workshop
ACT010225,O03176,Workshop
ACT010226,O02596,Call
ACT010227,O03134,Call
ACT010228,O03313,Call
ACT010229,O03454,Call
ACT010230,O02389,Workshop
ACT010231,O03348,Demo
ACT010232,O01190,POC
ACT010233,O00880,POC
ACT010234,O01609,Demo
ACT010235,O02012,Call
ACT010236,O02241,Demo
ACT010237,O01231,POC
ACT010238,O01395,Workshop
ACT010239,O02063,Email
ACT010240,O00170,POC
ACT010241,O02181,Workshop
ACT010242,O02485,Call
ACT010243,O02176,Workshop
ACT010244,O01017,Workshop
ACT010245,O03160,Email
ACT010246,O01802,Demo
ACT010247,O02586,POC
ACT010248,O01939,Workshop
ACT010249,O01566,Email
ACT010250,O02786,Call
ACT010251,O02234,Workshop
ACT010252,O00471,POC
ACT010253,O00921,Call
ACT010254,O01027,POC
ACT010255,O01157,POC
ACT010256,O01106,Workshop
ACT010257,O02365,POC
ACT010258,O02569,Demo
ACT010259,O00624,Email
ACT010260,O00480,POC
ACT010261,O03178,Call
ACT010262,O00957,Call
ACT010263,O02801,Call
ACT010264,O00871,POC
ACT010265,O01541,Call
ACT010266,O02174,Workshop
ACT010267,O00111,POC
ACT010268,O02721,Email
ACT010269,O02357,Workshop
ACT010270,O03420,Workshop
ACT010271,O02287,Workshop
ACT010272,O02968,Call
ACT010273,O00516,Demo
ACT010274,O01979,Demo
ACT010275,O01887,Workshop
ACT010276,O01915,Email
ACT010277,O00485,POC
ACT010278,O00677,Workshop
ACT010279,O00239,Workshop
ACT010280,O02863,Call
ACT010281,O01886,Call
ACT010282,O01297,Call
ACT010283,O00151,POC
ACT010284,O01245,Demo
ACT010285,O01331,Demo
ACT010286,O02120,Demo
ACT010287,O03304,Call
ACT010288,O00795,POC
ACT010289,O00820,Call
ACT010290,O02622,Demo
ACT010291,O00150,POC
ACT010292,O01651,POC
ACT010293,O00026,Workshop
ACT010294,O03076,Workshop
ACT010295,O01003,Call
ACT010296,O03390,Call
ACT010297,O01036,Workshop
ACT010298,O03120,Workshop
ACT010299,O01255,Workshop
ACT010300,O03385,Call
ACT010301,O03177,Workshop
ACT010302,O01480,POC
ACT010303,O03404,Email
ACT010304,O00248,Call
ACT010305,O00176,POC
ACT010306,O02244,Workshop
ACT010307,O01232,Workshop
ACT010308,O00433,Workshop
ACT010309,O02157,POC
ACT010310,O02735,Demo
ACT010311,O02125,POC
ACT010312,O03416,POC
ACT010313,O01685,Demo
ACT010314,O00395,POC
ACT010315,O00994,Email
ACT010316,O00301,Email
ACT010317,O00643,Demo
ACT010318,O03290,Demo
ACT010319,O02062,Workshop
ACT010320,O01548,Email
ACT010321,O01810,Demo
ACT010322,O01459,POC
ACT010323,O02588,POC
ACT010324,O01789,Call
ACT010325,O02662,POC
ACT010326,O03215,POC
ACT010327,O00106,POC
ACT010328,O00830,Workshop
ACT010329,O01401,Email
ACT010330,O03433,POC
ACT010331,O00674,Demo
ACT010332,O02759,Call
ACT010333,O02331,Workshop
ACT010334,O02841,Call
ACT010335,O00557,Demo
ACT010336,O01889,POC
ACT010337,O02888,POC
ACT010338,O02388,Workshop
ACT010339,O01356,Workshop
ACT010340,O00612,Call
ACT010341,O03375,POC
ACT010342,O01536,Demo
ACT010343,O00887,Call
ACT010344,O01209,Workshop
ACT010345,O00674,POC
ACT010346,O01740,POC
ACT010347,O02630,Workshop
ACT010348,O00217,Demo
ACT010349,O00879,Email
ACT010350,O03398,POC
ACT010351,O01564,Demo
ACT010352,O02105,POC
ACT010353,O01998,POC
ACT010354,O00770,Call
ACT010355,O00369,Email
ACT010356,O03075,POC
ACT010357,O01192,POC
ACT010358,O03205,Email
ACT010359,O02647,Demo
ACT010360,O02572,Workshop
ACT010361,O00100,POC
ACT010362,O01082,Call
ACT010363,O00820,POC
ACT010364,O00474,POC
ACT010365,O01651,Email
ACT010366,O00513,Email
ACT010367,O03020,Demo
ACT010368,O00577,Call
ACT010369,O02853,POC
ACT010370,O01402,POC
ACT010371,O00136,Email
ACT010372,O01010,Demo
ACT010373,O01095,Workshop
ACT010374,O01660,Email
ACT010375,O01816,Workshop
ACT010376,O00967,Demo
ACT010377,O02863,Demo
ACT010378,O00277,POC
ACT010379,O00768,POC
ACT010380,O02590,Workshop
ACT010381,O00244,Workshop
ACT010382,O00911,Workshop
ACT010383,O00665,Call
ACT010384,O02175,Workshop
ACT010385,O00470,Demo
ACT010386,O02763,Email
ACT010387,O01742,Call
ACT010388,O01007,Call
ACT010389,O02480,Workshop
ACT010390,O02787,Email
ACT010391,O02559,Workshop
ACT010392,O01199,Workshop
ACT010393,O00229,Workshop
ACT010394,O02207,Call
ACT010395,O02144,Workshop
ACT010396,O01073,Email
ACT010397,O00095,POC
ACT010398,O01698,Email
ACT010399,O00389,Email
ACT010400,O01384,Demo
ACT010401,O00008,Workshop
ACT010402,O02391,Email
ACT010403,O02372,Email
ACT010404,O00641,Workshop
ACT010405,O03451,Call
ACT010406,O00909,Call
ACT010407,O00253,POC
ACT010408,O01982,Call
ACT010409,O01145,Call
ACT010410,O01002,Demo
ACT010411,O01065,Workshop
ACT010412,O00735,Workshop
ACT010413,O03133,Demo
ACT010414,O00774,Workshop
ACT010415,O02588,Demo
ACT010416,O01896,Demo
ACT010417,O03251,POC
ACT010418,O00794,Demo
ACT010419,O01384,Demo
ACT010420,O02025,Call
ACT010421,O02944,Email
ACT010422,O01450,Workshop
ACT010423,O01196,Call
ACT010424,O02210,Workshop
ACT010425,O00357,Email
ACT010426,O01417,Demo
ACT010427,O00186,Workshop
ACT010428,O01622,Workshop
ACT010429,O03258,Workshop
ACT010430,O00496,Demo
ACT010431,O00108,Email
ACT010432,O02518,Email
ACT010433,O03242,Email
ACT010434,O02108,POC
ACT010435,O01619,Call
ACT010436,O00610,Demo
ACT010437,O01354,POC
ACT010438,O03037,POC
ACT010439,O01933,Call
ACT010440,O01243,Demo
ACT010441,O00576,Email
ACT010442,O01975,Demo
ACT010443,O00747,Workshop
ACT010444,O02717,POC
ACT010445,O00269,Call
ACT010446,O02734,Demo
ACT010447,O03026,Workshop
ACT010448,O02961,Call
ACT010449,O03099,POC
ACT010450,O02689,Workshop
ACT010451,O03177,Workshop
ACT010452,O01837,POC
ACT010453,O00013,POC
ACT010454,O01384,POC
ACT010455,O02769,Demo
ACT010456,O03057,POC
ACT010457,O00589,Workshop
ACT010458,O02423,Workshop
ACT010459,O01767,Call
ACT010460,O01694,Email
ACT010461,O01215,POC
ACT010462,O02517,Email
ACT010463,O00200,Call
ACT010464,O00518,Demo
ACT010465,O00923,Demo
ACT010466,O03360,Demo
ACT010467,O00861,POC
ACT010468,O02031,Email
ACT010469,O00247,Demo
ACT010470,O02446,POC
ACT010471,O02055,Workshop
ACT010472,O02883,Email
ACT010473,O01123,Demo
ACT010474,O02019,Workshop
ACT010475,O02535,Email
ACT010476,O00435,POC
ACT010477,O01973,Call
ACT010478,O01832,Workshop
ACT010479,O00140,Call
ACT010480,O03104,Workshop
ACT010481,O01121,POC
ACT010482,O01567,Call
ACT010483,O02809,Call
ACT010484,O02180,Demo
ACT010485,O01427,Email
ACT010486,O01942,Workshop
ACT010487,O01784,Email
ACT010488,O01679,Demo
ACT010489,O01933,Call
ACT010490,O03468,POC
ACT010491,O00126,Workshop
ACT010492,O03005,Call
ACT010493,O02388,Call
ACT010494,O00601,Workshop
ACT010495,O02208,Email
ACT010496,O02048,Call
ACT010497,O00037,POC
ACT010498,O02053,Email
ACT010499,O00660,Demo
ACT010500,O01270,POC
ACT010501,O00832,Demo
ACT010502,O02464,Workshop
ACT010503,O02229,Call
ACT010504,O02890,POC
ACT010505,O00450,Call
ACT010506,O01285,Email
ACT010507,O02020,Workshop
ACT010508,O00864,Email
ACT010509,O03088,POC
ACT010510,O02025,Call
ACT010511,O03060,Demo
ACT010512,O00468,POC
ACT010513,O00552,Workshop
ACT010514,O01217,Email
ACT010515,O01719,POC
ACT010516,O00307,Demo
ACT010517,O00737,POC
ACT010518,O01678,POC
ACT010519,O00312,Email
ACT010520,O02561,Demo
ACT010521,O02219,Demo
ACT010522,O02767,POC
ACT010523,O02201,Workshop
ACT010524,O03421,Email
ACT010525,O02709,Email
ACT010526,O02751,Workshop
ACT010527,O02746,Workshop
ACT010528,O00809,Workshop
ACT010529,O00776,POC
ACT010530,O03370,Call
ACT010531,O03406,Workshop
ACT010532,O01532,Demo
ACT010533,O02593,Workshop
ACT010534,O01716,Call
ACT010535,O02968,Demo
ACT010536,O01034,Call
ACT010537,O03181,Demo
ACT010538,O01356,Workshop
ACT010539,O00616,POC
ACT010540,O02247,Email
ACT010541,O02284,POC
ACT010542,O01575,Workshop
ACT010543,O01534,Call
ACT010544,O02559,Call
ACT010545,O02686,Call
ACT010546,O03317,Demo
ACT010547,O01814,Workshop
ACT010548,O00443,POC
ACT010549,O02510,POC
ACT010550,O00208,Email
ACT010551,O00966,Email
ACT010552,O03477,POC
ACT010553,O02608,Email
ACT010554,O01763,Call
ACT010555,O00788,Call
ACT010556,O00257,Email
ACT010557,O02092,Demo
ACT010558,O00513,POC
ACT010559,O03234,POC
ACT010560,O00476,Email
ACT010561,O02939,Call
ACT010562,O01344,POC
ACT010563,O00867,Call
ACT010564,O00433,Demo
ACT010565,O00864,Email
ACT010566,O03228,Workshop
ACT010567,O01909,POC
ACT010568,O00890,Demo
ACT010569,O01709,Email
ACT010570,O01383,Call
ACT010571,O02073,POC
ACT010572,O01191,Call
ACT010573,O02304,Workshop
ACT010574,O00144,POC
ACT010575,O00840,Email
ACT010576,O02879,Demo
ACT010577,O00732,Email
ACT010578,O01596,Email
ACT010579,O02972,Email
ACT010580,O00921,Demo
ACT010581,O02109,POC
ACT010582,O03250,Demo
ACT010583,O01052,Email
ACT010584,O00219,Email
ACT010585,O03454,POC
ACT010586,O03173,POC
ACT010587,O02312,POC
ACT010588,O00191,Call
ACT010589,O00668,Demo
ACT010590,O00445,Email
ACT010591,O02794,Email
ACT010592,O01917,Demo
ACT010593,O02492,Demo
ACT010594,O02279,Workshop
ACT010595,O01213,POC
ACT010596,O00169,Call
ACT010597,O01344,Workshop
ACT010598,O01761,Call
ACT010599,O01697,Call
ACT010600,O03013,Demo
ACT010601,O02229,Demo
ACT010602,O00169,Email
ACT010603,O02759,POC
ACT010604,O01891,Call
ACT010605,O00283,Call
ACT010606,O03477,Workshop
ACT010607,O00645,Demo
ACT010608,O00744,Demo
ACT010609,O01609,Email
ACT010610,O01831,POC
ACT010611,O02606,Demo
ACT010612,O03302,Demo
ACT010613,O01911,Email
ACT010614,O03335,Call
ACT010615,O02626,Email
ACT010616,O01570,Email
ACT010617,O01373,Demo
ACT010618,O03093,Workshop
ACT010619,O01092,POC
ACT010620,O01477,Call
ACT010621,O00525,POC
ACT010622,O03109,POC
ACT010623,O00003,Demo
ACT010624,O03000,POC
ACT010625,O00915,Demo
ACT010626,O00029,Email
ACT010627,O01160,Demo
ACT010628,O02882,Call
ACT010629,O01178,Call
ACT010630,O03163,POC
ACT010631,O01678,POC
ACT010632,O02363,POC
ACT010633,O02666,POC
ACT010634,O00093,Email
ACT010635,O03373,Demo
ACT010636,O00673,Email
ACT010637,O02379,Email
ACT010638,O00462,POC
ACT010639,O01421,POC
ACT010640,O00484,Demo
ACT010641,O02647,Email
ACT010642,O00031,Workshop
ACT010643,O00717,Demo
ACT010644,O00263,Workshop
ACT010645,O00119,Call
ACT010646,O01854,Workshop
ACT010647,O02641,Workshop
ACT010648,O01189,Call
ACT010649,O03148,Workshop
ACT010650,O02930,Email
ACT010651,O02143,Demo
ACT010652,O01670,Call
ACT010653,O00549,Workshop
ACT010654,O03309,Workshop
ACT010655,O02103,Demo
ACT010656,O01256,Demo
ACT010657,O01019,Demo
ACT010658,O02025,Call
ACT010659,O01677,Workshop
ACT010660,O01894,Email
ACT010661,O01891,Email
ACT010662,O01391,Workshop
ACT010663,O03028,Call
ACT010664,O02456,Email
ACT010665,O02450,Workshop
ACT010666,O00920,POC
ACT010667,O02379,Call
ACT010668,O02510,POC
ACT010669,O02762,POC
ACT010670,O00174,Email
ACT010671,O02165,POC
ACT010672,O02097,Call
ACT010673,O00705,Call
ACT010674,O02181,Email
ACT010675,O03167,Demo
ACT010676,O03102,Call
ACT010677,O03033,Workshop
ACT010678,O01285,Workshop
ACT010679,O00438,Demo
ACT010680,O00190,POC
ACT010681,O02455,POC
ACT010682,O00840,POC
ACT010683,O00248,POC
ACT010684,O00027,POC
ACT010685,O00193,Workshop
ACT010686,O01115,POC
ACT010687,O00689,Call
ACT010688,O00367,Workshop
ACT010689,O02994,Call
ACT010690,O02286,Call
ACT010691,O01003,POC
ACT010692,O02221,Call
ACT010693,O02833,Call
ACT010694,O02716,Call
ACT010695,O02541,Email
ACT010696,O00551,Email
ACT010697,O00191,POC
ACT010698,O02319,POC
ACT010699,O02491,POC
ACT010700,O03386,Demo
ACT010701,O02212,POC
ACT010702,O01569,Email
ACT010703,O02230,POC
ACT010704,O01029,Workshop
ACT010705,O01113,Workshop
ACT010706,O02131,Demo
ACT010707,O01266,POC
ACT010708,O00225,Workshop
ACT010709,O00347,Workshop
ACT010710,O00190,Demo
ACT010711,O01180,Workshop
ACT010712,O00308,Demo
ACT010713,O01271,Email
ACT010714,O00184,Email
ACT010715,O01138,POC
ACT010716,O01152,Demo
ACT010717,O00223,Call
ACT010718,O01990,Demo
ACT010719,O01120,Call
ACT010720,O02807,Workshop
ACT010721,O02366,Workshop
ACT010722,O00885,Email
ACT010723,O00920,Email
ACT010724,O00470,Call
ACT010725,O01360,Demo
ACT010726,O02699,Call
ACT010727,O01064,POC
ACT010728,O01368,Call
ACT010729,O01958,POC
ACT010730,O00878,Email
ACT010731,O03336,Demo
ACT010732,O00028,Email
ACT010733,O00632,POC
ACT010734,O00814,Email
ACT010735,O01344,Demo
ACT010736,O00037,Demo
ACT010737,O02541,Email
ACT010738,O01743,POC
ACT010739,O00927,POC
ACT010740,O01609,Workshop
ACT010741,O00661,POC
ACT010742,O02268,Demo
ACT010743,O02166,Email
ACT010744,O00878,Email
ACT010745,O00187,Demo
ACT010746,O03248,Demo
ACT010747,O03150,Call
ACT010748,O00546,Call
ACT010749,O03043,Workshop
ACT010750,O01930,Demo
ACT010751,O02061,Email
ACT010752,O00705,Call
ACT010753,O02307,Call
ACT010754,O02076,POC
ACT010755,O00289,POC
ACT010756,O01879,Workshop
ACT010757,O00020,Demo
ACT010758,O02599,Email
ACT010759,O01828,POC
ACT010760,O02550,POC
ACT010761,O00094,Email
ACT010762,O02896,Email
ACT010763,O02973,Demo
ACT010764,O02402,POC
ACT010765,O02457,Demo
ACT010766,O03417,Demo
ACT010767,O01780,Call
ACT010768,O03245,Workshop
ACT010769,O00907,POC
ACT010770,O03441,POC
ACT010771,O03473,Demo
ACT010772,O02845,Email
ACT010773,O01495,POC
ACT010774,O03108,Call
ACT010775,O00129,Email
ACT010776,O01571,Workshop
ACT010777,O00827,Demo
ACT010778,O01884,Email
ACT010779,O01642,POC
ACT010780,O00066,POC
ACT010781,O00890,Demo
ACT010782,O02339,POC
ACT010783,O02430,Call
ACT010784,O02400,Call
ACT010785,O02866,Call
ACT010786,O00218,Call
ACT010787,O03449,Call
ACT010788,O00507,Email
ACT010789,O02637,Email
ACT010790,O02132,POC
ACT010791,O02902,Workshop
ACT010792,O01640,POC
ACT010793,O02466,Workshop
ACT010794,O02373,Workshop
ACT010795,O02795,Demo
ACT010796,O01225,POC
ACT010797,O02959,Demo
ACT010798,O02720,POC
ACT010799,O00126,Email
ACT010800,O02434,Call
ACT010801,O00128,Call
ACT010802,O03093,Workshop
ACT010803,O01054,Demo
ACT010804,O00790,Email
ACT010805,O00516,Workshop
ACT010806,O03294,Email
ACT010807,O01462,Call
ACT010808,O00761,Demo
ACT010809,O00516,POC
ACT010810,O00614,Email
ACT010811,O02517,Workshop
ACT010812,O00880,Email
ACT010813,O03062,Workshop
ACT010814,O00086,Workshop
ACT010815,O01393,Workshop
ACT010816,O00653,POC
ACT010817,O02897,Email
ACT010818,O00026,Demo
ACT010819,O01105,Email
ACT010820,O00783,POC
ACT010821,O00728,Email
ACT010822,O00024,Demo
ACT010823,O02960,POC
ACT010824,O03173,Email
ACT010825,O00588,Workshop
ACT010826,O02405,Call
ACT010827,O02430,Demo
ACT010828,O00513,Demo
ACT010829,O01527,Workshop
ACT010830,O00504,Email
ACT010831,O01546,Demo
ACT010832,O00545,POC
ACT010833,O02127,Email
ACT010834,O01068,Call
ACT010835,O02803,Workshop
ACT010836,O00978,Call
ACT010837,O00137,Demo
ACT010838,O00406,Demo
ACT010839,O00730,Email
ACT010840,O01007,Call
ACT010841,O00132,POC
ACT010842,O01794,POC
ACT010843,O00522,Workshop
ACT010844,O02751,Email
ACT010845,O02979,Demo
ACT010846,O00311,Call
ACT010847,O00841,Email
ACT010848,O01436,Demo
ACT010849,O02355,Email
ACT010850,O00010,Workshop
ACT010851,O01402,POC
ACT010852,O03000,POC
ACT010853,O01831,POC
ACT010854,O03076,Call
ACT010855,O00183,POC
ACT010856,O03155,Demo
ACT010857,O01492,POC
ACT010858,O01815,POC
ACT010859,O03081,Email
ACT010860,O01437,POC
ACT010861,O00888,Workshop
ACT010862,O01174,Email
ACT010863,O01127,Email
ACT010864,O03474,Demo
ACT010865,O01786,POC
ACT010866,O02904,Call
ACT010867,O01543,POC
ACT010868,O01850,POC
ACT010869,O00113,POC
ACT010870,O00706,Demo
ACT010871,O02942,Workshop
ACT010872,O02111,POC
ACT010873,O01380,Workshop
ACT010874,O00402,Call
ACT010875,O00661,Call
ACT010876,O03430,Call
ACT010877,O03105,Demo
ACT010878,O01215,POC
ACT010879,O02204,Call
ACT010880,O00254,Call
ACT010881,O02959,Email
ACT010882,O03262,Workshop
ACT010883,O03293,Call
ACT010884,O00713,Call
ACT010885,O01205,Demo
ACT010886,O02646,POC
ACT010887,O01109,Call
ACT010888,O01064,Demo
ACT010889,O02394,Workshop
ACT010890,O00667,Workshop
ACT010891,O00830,Call
ACT010892,O02958,POC
ACT010893,O00757,Call
ACT010894,O02634,POC
ACT010895,O00299,Demo
ACT010896,O00012,Email
ACT010897,O03078,Call
ACT010898,O03024,Workshop
ACT010899,O03233,Workshop
ACT010900,O03162,Demo
ACT010901,O02833,Workshop
ACT010902,O02266,Workshop
ACT010903,O00866,Email
ACT010904,O02342,Workshop
ACT010905,O02820,Call
ACT010906,O03393,Email
ACT010907,O01774,POC
ACT010908,O02805,Demo
ACT010909,O00123,Demo
ACT010910,O01232,Call
ACT010911,O00837,POC
ACT010912,O01601,Demo
ACT010913,O01771,Demo
ACT010914,O02305,Email
ACT010915,O02788,Workshop
ACT010916,O02067,Email
ACT010917,O00901,Workshop
ACT010918,O02622,Workshop
ACT010919,O02819,Workshop
ACT010920,O01516,Email
ACT010921,O00420,Call
ACT010922,O01890,POC
ACT010923,O02219,Email
ACT010924,O02885,Call
ACT010925,O00271,POC
ACT010926,O02792,Call
ACT010927,O01989,Email
ACT010928,O02807,Email
ACT010929,O01968,Workshop
ACT010930,O03224,Workshop
ACT010931,O02589,Demo
ACT010932,O02996,Call
ACT010933,O01853,Workshop
ACT010934,O02740,Workshop
ACT010935,O02161,Email
ACT010936,O02249,Call
ACT010937,O00304,Demo
ACT010938,O01453,Call
ACT010939,O00606,Workshop
ACT010940,O01234,Workshop
ACT010941,O03025,Email
ACT010942,O03108,POC
ACT010943,O01868,Call
ACT010944,O00353,Workshop
ACT010945,O01650,Call
ACT010946,O01858,Call
ACT010947,O01743,Workshop
ACT010948,O02264,Workshop
ACT010949,O00030,Workshop
ACT010950,O01221,POC
ACT010951,O02587,POC
ACT010952,O00146,Email
ACT010953,O02794,Demo
ACT010954,O03389,Email
ACT010955,O02265,Demo
ACT010956,O00135,Demo
ACT010957,O01241,Workshop
ACT010958,O00958,Email
ACT010959,O00551,Demo
ACT010960,O02491,Email
ACT010961,O00331,Demo
ACT010962,O03112,Demo
ACT010963,O00547,Workshop
ACT010964,O01914,POC
ACT010965,O02289,Workshop
ACT010966,O03319,Workshop
ACT010967,O00028,Demo
ACT010968,O01240,POC
ACT010969,O01045,Email
ACT010970,O02373,Email
ACT010971,O03426,POC
ACT010972,O03257,Email
ACT010973,O00515,POC
ACT010974,O02504,Workshop
ACT010975,O02373,Workshop
ACT010976,O01442,Workshop
ACT010977,O02152,Workshop
ACT010978,O01502,POC
ACT010979,O02796,Call
ACT010980,O00635,POC
ACT010981,O03343,Demo
ACT010982,O01475,Workshop
ACT010983,O01439,Email
ACT010984,O02072,Demo
ACT010985,O03408,Call
ACT010986,O02147,Email
ACT010987,O01981,Call
ACT010988,O02816,Call
ACT010989,O01949,Demo
ACT010990,O00480,POC
ACT010991,O01551,Call
ACT010992,O00378,Workshop
ACT010993,O01282,Email
ACT010994,O02146,Demo
ACT010995,O01773,Email
ACT010996,O01023,Call
ACT010997,O01253,POC
ACT010998,O02335,POC
ACT010999,O03028,Call
ACT011000,O00476,POC
ACT011001,O00600,Call
ACT011002,O01800,Call
ACT011003,O03380,Workshop
ACT011004,O01677,Workshop
ACT011005,O01094,Demo
ACT011006,O02536,POC
ACT011007,O02667,Workshop
ACT011008,O02104,Call
ACT011009,O01998,Workshop
ACT011010,O01821,Workshop
ACT011011,O01105,POC
ACT011012,O00832,Workshop
ACT011013,O01993,Workshop
ACT011014,O00970,POC
ACT011015,O00429,Email
ACT011016,O02016,Call
ACT011017,O01183,Call
ACT011018,O01606,Email
ACT011019,O02457,POC
ACT011020,O00406,Call
ACT011021,O01176,Call
ACT011022,O01889,Workshop
ACT011023,O01221,Email
ACT011024,O02590,Workshop
ACT011025,O02427,Workshop
ACT011026,O02013,Email
ACT011027,O02494,Email
ACT011028,O02545,Demo
ACT011029,O02528,Email
ACT011030,O01894,Workshop
ACT011031,O02577,Demo
ACT011032,O00979,POC
ACT011033,O03484,Email
ACT011034,O03088,Demo
ACT011035,O02176,Call
ACT011036,O00467,Workshop
ACT011037,O00266,Demo
ACT011038,O02589,Workshop
ACT011039,O02683,Call
ACT011040,O01450,Demo
ACT011041,O02699,POC
ACT011042,O00802,Demo
ACT011043,O00232,Demo
ACT011044,O02320,POC
ACT011045,O01050,Email
ACT011046,O00622,Call
ACT011047,O00569,POC
ACT011048,O00145,POC
ACT011049,O01509,Call
ACT011050,O01825,POC
ACT011051,O00572,POC
ACT011052,O03352,Demo
ACT011053,O00062,POC
ACT011054,O01859,Workshop
ACT011055,O02212,Email
ACT011056,O00690,Workshop
ACT011057,O01559,Call
ACT011058,O02223,Email
ACT011059,O03212,Workshop
ACT011060,O00957,Workshop
ACT011061,O02768,Workshop
ACT011062,O03254,Workshop
ACT011063,O02616,Email
ACT011064,O01734,Workshop
ACT011065,O03168,Email
ACT011066,O01444,Email
ACT011067,O00715,POC
ACT011068,O00130,Demo
ACT011069,O01743,Workshop
ACT011070,O03033,Call
ACT011071,O02657,Workshop
ACT011072,O02401,Call
ACT011073,O00988,Demo
ACT011074,O00160,Call
ACT011075,O00267,Workshop
ACT011076,O02782,Demo
ACT011077,O03269,Call
ACT011078,O00494,Email
ACT011079,O03068,Demo
ACT011080,O02343,Call
ACT011081,O01834,Demo
ACT011082,O03006,Email
ACT011083,O03382,Call
ACT011084,O01251,Demo
ACT011085,O02020,POC
ACT011086,O02054,Call
ACT011087,O03445,Email
ACT011088,O00243,Demo
ACT011089,O03489,Email
ACT011090,O02068,POC
ACT011091,O00212,Workshop
ACT011092,O02806,Demo
ACT011093,O02522,POC
ACT011094,O03306,Email
ACT011095,O00091,Email
ACT011096,O00673,Workshop
ACT011097,O02335,Email
ACT011098,O02241,Demo
ACT011099,O03092,Call
ACT011100,O00307,Call
ACT011101,O02196,Call
ACT011102,O01705,Email
ACT011103,O02630,Email
ACT011104,O01678,Workshop
ACT011105,O02862,Call
ACT011106,O02763,Email
ACT011107,O01693,Demo
ACT011108,O02125,Email
ACT011109,O00508,Email
ACT011110,O00548,POC
ACT011111,O02835,POC
ACT011112,O02939,Demo
ACT011113,O00045,Workshop
ACT011114,O02178,Call
ACT011115,O02316,Workshop
ACT011116,O02327,Workshop
ACT011117,O00491,Demo
ACT011118,O02845,Demo
ACT011119,O02089,Call
ACT011120,O01761,Demo
ACT011121,O01993,Workshop
ACT011122,O01089,Email
ACT011123,O02931,Call
ACT011124,O00769,POC
ACT011125,O00636,Workshop
ACT011126,O02332,Workshop
ACT011127,O01851,Demo
ACT011128,O02769,Workshop
ACT011129,O03313,Workshop
ACT011130,O03237,Call
ACT011131,O00098,Email
ACT011132,O02680,Email
ACT011133,O01676,Call
ACT011134,O01653,Email
ACT011135,O00444,POC
ACT011136,O00996,Demo
ACT011137,O01704,Workshop
ACT011138,O01156,Workshop
ACT011139,O01405,Call
ACT011140,O01761,Call
ACT011141,O00829,Demo
ACT011142,O00619,Demo
ACT011143,O01804,Call
ACT011144,O02572,Workshop
ACT011145,O02798,Call
ACT011146,O00645,POC
ACT011147,O02156,Email
ACT011148,O03207,Workshop
ACT011149,O01833,Call
ACT011150,O03167,Email
ACT011151,O00981,Workshop
ACT011152,O02068,Call
ACT011153,O00050,Workshop
ACT011154,O00554,Demo
ACT011155,O01909,Call
ACT011156,O00029,Call
ACT011157,O02017,Call
ACT011158,O03106,Demo
ACT011159,O02614,POC
ACT011160,O01789,Workshop
ACT011161,O01405,Call
ACT011162,O02786,Call
ACT011163,O02903,Email
ACT011164,O02096,POC
ACT011165,O03040,Demo
ACT011166,O01629,Call
ACT011167,O01189,POC
ACT011168,O02422,Workshop
ACT011169,O00804,Demo
ACT011170,O01991,Demo
ACT011171,O00862,Email
ACT011172,O00957,Workshop
ACT011173,O00766,POC
ACT011174,O02529,POC
ACT011175,O02506,Call
ACT011176,O01327,Call
ACT011177,O02261,Call
ACT011178,O00424,Call
ACT011179,O01663,Email
ACT011180,O00483,Call
ACT011181,O01509,Call
ACT011182,O00062,Call
ACT011183,O01428,Demo
ACT011184,O00737,Demo
ACT011185,O02327,Email
ACT011186,O01669,POC
ACT011187,O00689,Demo
ACT011188,O01177,Email
ACT011189,O01912,POC
ACT011190,O00280,Demo
ACT011191,O00221,Call
ACT011192,O00125,Demo
ACT011193,O03352,Email
ACT011194,O00308,POC
ACT011195,O02326,Call
ACT011196,O01776,Demo
ACT011197,O00625,POC
ACT011198,O01934,Email
ACT011199,O02993,Demo
ACT011200,O03184,Workshop
ACT011201,O02552,Demo
ACT011202,O02469,POC
ACT011203,O03295,POC
ACT011204,O01221,Email
ACT011205,O00365,Demo
ACT011206,O02895,Email
ACT011207,O01738,Call
ACT011208,O03100,POC
ACT011209,O00886,POC
ACT011210,O02608,Workshop
ACT011211,O02758,Demo
ACT011212,O02986,POC
ACT011213,O01020,Email
ACT011214,O02314,POC
ACT011215,O02310,POC
ACT011216,O01400,Call
ACT011217,O01320,Workshop
ACT011218,O01588,POC
ACT011219,O02901,POC
ACT011220,O01960,POC
ACT011221,O02461,Email
ACT011222,O03285,Call
ACT011223,O00012,Workshop
ACT011224,O03276,Call
ACT011225,O00260,POC
ACT011226,O02888,Call
ACT011227,O02132,POC
ACT011228,O03452,Call
ACT011229,O01607,Workshop
ACT011230,O01589,Workshop
ACT011231,O00265,Email
ACT011232,O03428,Call
ACT011233,O03249,Workshop
ACT011234,O02776,POC
ACT011235,O01675,POC
ACT011236,O00302,Call
ACT011237,O00641,Workshop
ACT011238,O00270,Workshop
ACT011239,O00007,Email
ACT011240,O01333,Demo
ACT011241,O00587,Call
ACT011242,O00804,Email
ACT011243,O01250,Demo
ACT011244,O01253,Call
ACT011245,O00465,Call
ACT011246,O00866,Workshop
ACT011247,O03228,Demo
ACT011248,O00189,Demo
ACT011249,O02186,Call
ACT011250,O02114,Workshop
ACT011251,O03300,Workshop
ACT011252,O01092,Workshop
ACT011253,O00660,Call
ACT011254,O02520,Call
ACT011255,O03490,Email
ACT011256,O00991,Demo
ACT011257,O00683,Email
ACT011258,O00099,Workshop
ACT011259,O00468,Call
ACT011260,O00944,Workshop
ACT011261,O00232,Call
ACT011262,O00242,Workshop
ACT011263,O01031,Workshop
ACT011264,O00337,Workshop
ACT011265,O00810,POC
ACT011266,O01444,Workshop
ACT011267,O01640,Call
ACT011268,O02431,Call
ACT011269,O01852,Demo
ACT011270,O02808,POC
ACT011271,O02637,Demo
ACT011272,O01335,Workshop
ACT011273,O01222,POC
ACT011274,O00533,POC
ACT011275,O02117,Workshop
ACT011276,O03109,Email
ACT011277,O02678,Call
ACT011278,O02507,POC
ACT011279,O03500,Email
ACT011280,O01127,Email
ACT011281,O02759,Demo
ACT011282,O02412,Demo
ACT011283,O00034,Email
ACT011284,O02256,POC
ACT011285,O02101,Workshop
ACT011286,O01830,POC
ACT011287,O03036,Call
ACT011288,O00426,Workshop
ACT011289,O01775,Demo
ACT011290,O02662,Email
ACT011291,O00166,POC
ACT011292,O01501,Demo
ACT011293,O02301,Demo
ACT011294,O02583,Workshop
ACT011295,O03027,Workshop
ACT011296,O01265,Workshop
ACT011297,O00574,Demo
ACT011298,O00369,Call
ACT011299,O01056,Call
ACT011300,O02267,Call
ACT011301,O01798,Call
ACT011302,O00419,Call
ACT011303,O02541,POC
ACT011304,O01813,Call
ACT011305,O00191,Demo
ACT011306,O03422,Demo
ACT011307,O02329,Email
ACT011308,O03375,POC
ACT011309,O02192,Workshop
ACT011310,O00798,Workshop
ACT011311,O02692,Demo
ACT011312,O00559,Email
ACT011313,O03197,Email
ACT011314,O03000,Workshop
ACT011315,O03216,Workshop
ACT011316,O00600,Workshop
ACT011317,O03276,Call
ACT011318,O01850,POC
ACT011319,O02255,Workshop
ACT011320,O00150,Demo
ACT011321,O01397,Workshop
ACT011322,O01707,Demo
ACT011323,O01226,POC
ACT011324,O01730,Workshop
ACT011325,O02359,POC
ACT011326,O01432,Workshop
ACT011327,O02294,Demo
ACT011328,O02404,Email
ACT011329,O02826,Call
ACT011330,O02004,Demo
ACT011331,O01558,Demo
ACT011332,O01033,Email
ACT011333,O03177,Workshop
ACT011334,O00913,Call
ACT011335,O01632,Call
ACT011336,O02379,POC
ACT011337,O00788,Call
ACT011338,O02211,Email
ACT011339,O00532,Call
ACT011340,O01456,Workshop
ACT011341,O00461,Workshop
ACT011342,O00344,Call
ACT011343,O01354,Workshop
ACT011344,O00933,Workshop
ACT011345,O01455,Email
ACT011346,O02757,POC
ACT011347,O03120,Workshop
ACT011348,O02765,Workshop
ACT011349,O01832,Call
ACT011350,O02994,Call
ACT011351,O00184,Call
ACT011352,O02764,POC
ACT011353,O02909,POC
ACT011354,O00871,POC
ACT011355,O01724,POC
ACT011356,O02497,Call
ACT011357,O02877,Workshop
ACT011358,O02433,Email
ACT011359,O00596,Demo
ACT011360,O02170,Workshop
ACT011361,O01496,POC
ACT011362,O02741,POC
ACT011363,O01347,POC
ACT011364,O02835,Demo
ACT011365,O02067,POC
ACT011366,O00989,Workshop
ACT011367,O00334,Email
ACT011368,O02451,Call
ACT011369,O02924,Demo
ACT011370,O01732,Email
ACT011371,O00686,Demo
ACT011372,O01736,Email
ACT011373,O00990,Email
ACT011374,O02566,Email
ACT011375,O02513,Email
ACT011376,O01833,Demo
ACT011377,O01897,Call
ACT011378,O00726,Call
ACT011379,O02521,Workshop
ACT011380,O01371,Demo
ACT011381,O00760,POC
ACT011382,O02960,Demo
ACT011383,O00819,Workshop
ACT011384,O01148,POC
ACT011385,O02697,Workshop
ACT011386,O00614,POC
ACT011387,O00107,Call
ACT011388,O02193,POC
ACT011389,O02611,POC
ACT011390,O01258,Call
ACT011391,O00237,Email
ACT011392,O02896,POC
ACT011393,O01980,Demo
ACT011394,O03022,POC
ACT011395,O02092,Demo
ACT011396,O02818,POC
ACT011397,O00605,POC
ACT011398,O02782,Call
ACT011399,O03287,Workshop
ACT011400,O01594,POC
ACT011401,O00188,Demo
ACT011402,O01789,Call
ACT011403,O00032,Call
ACT011404,O03368,Call
ACT011405,O01194,Demo
ACT011406,O01164,Call
ACT011407,O01036,POC
ACT011408,O03128,Workshop
ACT011409,O02136,Email
ACT011410,O03301,Demo
ACT011411,O02067,Demo
ACT011412,O02713,Call
ACT011413,O00546,Call
ACT011414,O02947,POC
ACT011415,O02480,Workshop
ACT011416,O03416,Email
ACT011417,O02041,POC
ACT011418,O02729,Email
ACT011419,O01405,Email
ACT011420,O01552,POC
ACT011421,O01275,Email
ACT011422,O00683,Demo
ACT011423,O03347,Demo
ACT011424,O02086,Email
ACT011425,O01242,Demo
ACT011426,O02756,Email
ACT011427,O03127,Workshop
ACT011428,O01923,POC
ACT011429,O01395,POC
ACT011430,O02965,POC
ACT011431,O03320,Workshop
ACT011432,O02551,POC
ACT011433,O01919,Workshop
ACT011434,O02771,Call
ACT011435,O00727,Call
ACT011436,O00321,POC
ACT011437,O02206,Demo
ACT011438,O03217,Demo
ACT011439,O00595,POC
ACT011440,O01694,Demo
ACT011441,O01362,Workshop
ACT011442,O01598,Call
ACT011443,O01694,Workshop
ACT011444,O00083,Workshop
ACT011445,O02956,Email
ACT011446,O00136,POC
ACT011447,O01686,POC
ACT011448,O01800,Workshop
ACT011449,O02066,Demo
ACT011450,O00026,Workshop
ACT011451,O00539,Call
ACT011452,O00902,Call
ACT011453,O03393,Call
ACT011454,O00240,Demo
ACT011455,O01316,Workshop
ACT011456,O02042,POC
ACT011457,O01767,Call
ACT011458,O03012,Email
ACT011459,O02807,Email
ACT011460,O03201,Call
ACT011461,O03439,Call
ACT011462,O00070,Workshop
ACT011463,O02445,POC
ACT011464,O02029,Workshop
ACT011465,O03138,Workshop
ACT011466,O01496,POC
ACT011467,O03129,Workshop
ACT011468,O01039,Email
ACT011469,O01117,Workshop
ACT011470,O01166,Workshop
ACT011471,O01926,Demo
ACT011472,O01941,Demo
ACT011473,O01168,POC
ACT011474,O02699,POC
ACT011475,O02826,Email
ACT011476,O00772,Demo
ACT011477,O00420,POC
ACT011478,O01489,Email
ACT011479,O01784,Call
ACT011480,O02907,Workshop
ACT011481,O03080,POC
ACT011482,O00263,POC
ACT011483,O02745,Workshop
ACT011484,O01136,Workshop
ACT011485,O03273,Email
ACT011486,O00698,POC
ACT011487,O01288,Workshop
ACT011488,O01362,Call
ACT011489,O01525,Call
ACT011490,O00377,Demo
ACT011491,O02628,Email
ACT011492,O01529,Demo
ACT011493,O01302,Email
ACT011494,O01560,Call
ACT011495,O03474,Workshop
ACT011496,O01537,Call
ACT011497,O01751,POC
ACT011498,O02442,Email
ACT011499,O01937,Call
ACT011500,O01579,Email
ACT011501,O01803,POC
ACT011502,O03219,POC
ACT011503,O02040,POC
ACT011504,O02975,POC
ACT011505,O02476,Email
ACT011506,O02216,Workshop
ACT011507,O03211,Demo
ACT011508,O02436,Workshop
ACT011509,O01329,Demo
ACT011510,O02087,Email
ACT011511,O00153,POC
ACT011512,O01282,Workshop
ACT011513,O01055,Demo
ACT011514,O00266,Call
ACT011515,O00541,Workshop
ACT011516,O02538,Demo
ACT011517,O00669,Demo
ACT011518,O01987,Email
ACT011519,O00516,Workshop
ACT011520,O00479,Call
ACT011521,O00883,Workshop
ACT011522,O02494,Call
ACT011523,O00846,Call
ACT011524,O03347,Workshop
ACT011525,O00374,Demo
ACT011526,O00351,Email
ACT011527,O01161,Workshop
ACT011528,O01991,Call
ACT011529,O02294,Call
ACT011530,O00234,Demo
ACT011531,O03098,Email
ACT011532,O02219,Workshop
ACT011533,O03384,Workshop
ACT011534,O01390,Workshop
ACT011535,O02938,Email
ACT011536,O00084,POC
ACT011537,O01367,Call
ACT011538,O00997,Workshop
ACT011539,O02032,Call
ACT011540,O00353,Demo
ACT011541,O01243,Call
ACT011542,O02109,Workshop
ACT011543,O00910,Demo
ACT011544,O00334,Workshop
ACT011545,O00691,Workshop
ACT011546,O00701,Email
ACT011547,O01575,Workshop
ACT011548,O02298,POC
ACT011549,O00492,Workshop
ACT011550,O00920,Demo
ACT011551,O02486,Workshop
ACT011552,O02100,Call
ACT011553,O02276,Demo
ACT011554,O00033,Workshop
ACT011555,O00888,Email
ACT011556,O01178,POC
ACT011557,O01141,Call
ACT011558,O03036,Email
ACT011559,O00821,Workshop
ACT011560,O02867,Demo
ACT011561,O03413,Email
ACT011562,O02027,Email
ACT011563,O02514,POC
ACT011564,O01140,Email
ACT011565,O00926,Call
ACT011566,O00103,Call
ACT011567,O02110,POC
ACT011568,O02754,Email
ACT011569,O00738,Workshop
ACT011570,O00423,Call
ACT011571,O00356,Call
ACT011572,O01783,Workshop
ACT011573,O00002,Workshop
ACT011574,O00597,Demo
ACT011575,O02524,Demo
ACT011576,O03263,Demo
ACT011577,O00890,Call
ACT011578,O01945,Demo
ACT011579,O02134,Email
ACT011580,O02194,Workshop
ACT011581,O02918,POC
ACT011582,O03313,Email
ACT011583,O01670,Call
ACT011584,O01937,Workshop
ACT011585,O01246,POC
ACT011586,O02611,Call
ACT011587,O00629,POC
ACT011588,O00042,Call
ACT011589,O00296,Call
ACT011590,O00183,Call
ACT011591,O01081,Workshop
ACT011592,O01952,Email
ACT011593,O01724,Demo
ACT011594,O01202,POC
ACT011595,O02610,Call
ACT011596,O03050,Demo
ACT011597,O03481,POC
ACT011598,O02155,Demo
ACT011599,O02627,Workshop
ACT011600,O01219,POC
ACT011601,O02360,POC
ACT011602,O00311,Demo
ACT011603,O02224,Demo
ACT011604,O01395,Workshop
ACT011605,O01169,POC
ACT011606,O02500,Email
ACT011607,O03445,POC
ACT011608,O03178,Email
ACT011609,O02016,POC
ACT011610,O01330,Demo
ACT011611,O02857,Call
ACT011612,O00502,Demo
ACT011613,O01088,Email
ACT011614,O02928,Demo
ACT011615,O01480,Demo
ACT011616,O00807,Demo
ACT011617,O02301,Email
ACT011618,O02341,POC
ACT011619,O03045,POC
ACT011620,O00350,Workshop
ACT011621,O01985,POC
ACT011622,O03461,Demo
ACT011623,O01958,Call
ACT011624,O02984,Workshop
ACT011625,O00720,Call
ACT011626,O01005,Email
ACT011627,O01493,Workshop
ACT011628,O01449,Call
ACT011629,O01358,Workshop
ACT011630,O01094,Demo
ACT011631,O00723,Workshop
ACT011632,O00590,Call
ACT011633,O02630,Demo
ACT011634,O00595,Demo
ACT011635,O03467,Demo
ACT011636,O03396,POC
ACT011637,O03223,Workshop
ACT011638,O01099,POC
ACT011639,O00143,Call
ACT011640,O00010,Demo
ACT011641,O02793,Email
ACT011642,O00408,POC
ACT011643,O01660,Workshop
ACT011644,O01229,Email
ACT011645,O02618,Workshop
ACT011646,O02738,Email
ACT011647,O01808,Demo
ACT011648,O02499,POC
ACT011649,O01114,Demo
ACT011650,O02265,Call
ACT011651,O02753,Call
ACT011652,O02182,POC
ACT011653,O02371,POC
ACT011654,O00851,Demo
ACT011655,O03412,Email
ACT011656,O02079,Call
ACT011657,O02140,Workshop
ACT011658,O00993,POC
ACT011659,O02803,Workshop
ACT011660,O03378,Email
ACT011661,O02324,Email
ACT011662,O00960,Demo
ACT011663,O02953,Workshop
ACT011664,O00965,Workshop
ACT011665,O02603,Call
ACT011666,O03307,Email
ACT011667,O00091,Demo
ACT011668,O00335,Workshop
ACT011669,O02438,Email
ACT011670,O03153,Call
ACT011671,O02536,Workshop
ACT011672,O02945,Call
ACT011673,O00332,Call
ACT011674,O00419,Email
ACT011675,O01530,Demo
ACT011676,O00091,Call
ACT011677,O02905,Call
ACT011678,O01150,Demo
ACT011679,O02527,Demo
ACT011680,O03335,POC
ACT011681,O00685,POC
ACT011682,O00653,Call
ACT011683,O01312,Workshop
ACT011684,O01819,Email
ACT011685,O03196,POC
ACT011686,O00361,Workshop
ACT011687,O03292,Workshop
ACT011688,O00525,Demo
ACT011689,O01587,Email
ACT011690,O00887,Call
ACT011691,O00864,Workshop
ACT011692,O03500,Email
ACT011693,O00143,Email
ACT011694,O01535,Call
ACT011695,O01678,Call
ACT011696,O03122,Call
ACT011697,O00163,Call
ACT011698,O00097,Demo
ACT011699,O00818,Email
ACT011700,O02850,Call
ACT011701,O02279,Demo
ACT011702,O02657,Demo
ACT011703,O01840,Call
ACT011704,O02464,Call
ACT011705,O01355,POC
ACT011706,O00290,Demo
ACT011707,O00708,POC
ACT011708,O01927,POC
ACT011709,O00436,Call
ACT011710,O01983,Call
ACT011711,O01881,Call
ACT011712,O02577,Call
ACT011713,O00012,Call
ACT011714,O02703,Call
ACT011715,O01449,Demo
ACT011716,O03475,Call
ACT011717,O01351,Call
ACT011718,O01781,Email
ACT011719,O00404,Workshop
ACT011720,O00586,Demo
ACT011721,O02866,Workshop
ACT011722,O00165,Email
ACT011723,O02336,Call
ACT011724,O03402,Call
ACT011725,O03103,Workshop
ACT011726,O00663,Call
ACT011727,O01480,Call
ACT011728,O00003,Workshop
ACT011729,O00909,POC
ACT011730,O02251,Call
ACT011731,O00953,Demo
ACT011732,O00659,Call
ACT011733,O00024,Workshop
ACT011734,O01097,Workshop
ACT011735,O00897,Call
ACT011736,O01088,Email
ACT011737,O02915,Demo
ACT011738,O02710,Call
ACT011739,O02025,Demo
ACT011740,O01786,Demo
ACT011741,O03228,Email
ACT011742,O00640,POC
ACT011743,O03031,Email
ACT011744,O02494,Call
ACT011745,O01688,Call
ACT011746,O01431,Email
ACT011747,O02518,POC
ACT011748,O03316,Call
ACT011749,O01976,POC
ACT011750,O01911,Email
ACT011751,O00378,Workshop
ACT011752,O01903,Call
ACT011753,O00648,POC
ACT011754,O01782,Email
ACT011755,O00459,Email
ACT011756,O01884,POC
ACT011757,O03433,POC
ACT011758,O00592,Email
ACT011759,O00276,Email
ACT011760,O01511,Workshop
ACT011761,O02932,Call
ACT011762,O00084,Demo
ACT011763,O00006,Call
ACT011764,O01239,Email
ACT011765,O01630,Demo
ACT011766,O00626,Call
ACT011767,O02417,Email
ACT011768,O02184,POC
ACT011769,O01280,POC
ACT011770,O02744,Call
ACT011771,O01521,Call
ACT011772,O03387,Call
ACT011773,O02603,Email
ACT011774,O03293,Demo
ACT011775,O01841,POC
ACT011776,O00928,Workshop
ACT011777,O01592,POC
ACT011778,O02971,POC
ACT011779,O03383,Workshop
ACT011780,O02921,Call
ACT011781,O03405,Demo
ACT011782,O01382,POC
ACT011783,O00386,Workshop
ACT011784,O02075,POC
ACT011785,O03133,POC
ACT011786,O00397,Call
ACT011787,O00916,Demo
ACT011788,O01515,Workshop
ACT011789,O01258,Call
ACT011790,O01114,Workshop
ACT011791,O00917,Email
ACT011792,O02497,Call
ACT011793,O01625,POC
ACT011794,O01952,Workshop
ACT011795,O00895,Call
ACT011796,O01506,Email
ACT011797,O02014,Call
ACT011798,O02632,Call
ACT011799,O01372,Email
ACT011800,O01258,Demo
ACT011801,O02702,Demo
ACT011802,O01617,Demo
ACT011803,O02030,Call
ACT011804,O02562,POC
ACT011805,O00194,Call
ACT011806,O02076,POC
ACT011807,O00068,Demo
ACT011808,O01269,Call
ACT011809,O03423,Workshop
ACT011810,O02033,POC
ACT011811,O01736,POC
ACT011812,O03077,Workshop
ACT011813,O02480,Workshop
ACT011814,O00289,Call
ACT011815,O01848,Demo
ACT011816,O01411,POC
ACT011817,O00698,Email
ACT011818,O01204,Workshop
ACT011819,O00320,Workshop
ACT011820,O00553,POC
ACT011821,O02086,Workshop
ACT011822,O02659,Call
ACT011823,O01736,Demo
ACT011824,O00593,Demo
ACT011825,O02250,Demo
ACT011826,O00603,Demo
ACT011827,O02248,POC
ACT011828,O02657,POC
ACT011829,O03498,POC
ACT011830,O00688,Demo
ACT011831,O01236,Demo
ACT011832,O02207,POC
ACT011833,O03202,Email
ACT011834,O02954,POC
ACT011835,O01411,Demo
ACT011836,O00559,Email
ACT011837,O00352,Email
ACT011838,O02335,Email
ACT011839,O01307,Workshop
ACT011840,O03331,Call
ACT011841,O02742,Email
ACT011842,O02024,Workshop
ACT011843,O00807,Demo
ACT011844,O03305,Call
ACT011845,O02387,Demo
ACT011846,O02057,Workshop
ACT011847,O01107,Call
ACT011848,O02522,Call
ACT011849,O01389,Demo
ACT011850,O02300,Demo
ACT011851,O02500,Demo
ACT011852,O00197,Call
ACT011853,O02179,Workshop
ACT011854,O01730,Demo
ACT011855,O02221,POC
ACT011856,O03255,Call
ACT011857,O00234,Email
ACT011858,O01281,Call
ACT011859,O00605,Email
ACT011860,O02191,POC
ACT011861,O00032,Email
ACT011862,O02867,Workshop
ACT011863,O00275,Call
ACT011864,O00128,Demo
ACT011865,O02954,POC
ACT011866,O01260,POC
ACT011867,O01065,Demo
ACT011868,O02258,Workshop
ACT011869,O00824,Demo
ACT011870,O02200,Demo
ACT011871,O01867,Email
ACT011872,O01522,Email
ACT011873,O01430,POC
ACT011874,O01466,POC
ACT011875,O00545,Workshop
ACT011876,O01235,Email
ACT011877,O01666,Email
ACT011878,O00322,Workshop
ACT011879,O02213,Call
ACT011880,O03068,Call
ACT011881,O02451,Demo
ACT011882,O00783,Email
ACT011883,O03400,Email
ACT011884,O01736,Call
ACT011885,O02671,Workshop
ACT011886,O00380,Demo
ACT011887,O02013,Call
ACT011888,O01269,Call
ACT011889,O02839,Call
ACT011890,O01017,POC
ACT011891,O02882,Call
ACT011892,O01785,Demo
ACT011893,O01563,Email
ACT011894,O00215,Call
ACT011895,O00603,Demo
ACT011896,O01133,Email
ACT011897,O01691,Demo
ACT011898,O02697,Email
ACT011899,O03431,Call
ACT011900,O00495,Demo
ACT011901,O02196,Email
ACT011902,O02306,Call
ACT011903,O02176,Email
ACT011904,O01678,Demo
ACT011905,O03245,Call
ACT011906,O03065,Email
ACT011907,O02626,POC
ACT011908,O02879,Workshop
ACT011909,O02888,Workshop
ACT011910,O00639,Workshop
ACT011911,O02762,Demo
ACT011912,O02676,Email
ACT011913,O01921,Call
ACT011914,O00370,Email
ACT011915,O01188,Demo
ACT011916,O02658,Demo
ACT011917,O01577,Email
ACT011918,O01377,Demo
ACT011919,O00720,Call
ACT011920,O01815,POC
ACT011921,O02392,Demo
ACT011922,O00062,Call
ACT011923,O03083,Email
ACT011924,O03365,POC
ACT011925,O03242,Workshop
ACT011926,O00692,Demo
ACT011927,O00449,Workshop
ACT011928,O01669,POC
ACT011929,O03406,Demo
ACT011930,O00840,Workshop
ACT011931,O02947,Workshop
ACT011932,O01604,Workshop
ACT011933,O03467,Call
ACT011934,O02435,Workshop
ACT011935,O00615,Demo
ACT011936,O03202,Workshop
ACT011937,O02751,Workshop
ACT011938,O02345,POC
ACT011939,O02869,Workshop
ACT011940,O03216,POC
ACT011941,O02669,Call
ACT011942,O02751,Demo
ACT011943,O00345,POC
ACT011944,O02218,Call
ACT011945,O00159,Email
ACT011946,O00760,POC
ACT011947,O03385,POC
ACT011948,O01427,Workshop
ACT011949,O01062,Call
ACT011950,O03445,Workshop
ACT011951,O00071,Demo
ACT011952,O02530,Call
ACT011953,O01629,Call
ACT011954,O00516,Email
ACT011955,O02054,POC
ACT011956,O03471,Workshop
ACT011957,O02277,Email
ACT011958,O03472,Workshop
ACT011959,O03360,Demo
ACT011960,O02865,Demo
ACT011961,O01025,Demo
ACT011962,O00086,Workshop
ACT011963,O00619,Email
ACT011964,O02490,Workshop
ACT011965,O03282,Call
ACT011966,O00704,Call
ACT011967,O01634,Email
ACT011968,O00444,POC
ACT011969,O01770,POC
ACT011970,O02779,Demo
ACT011971,O03187,POC
ACT011972,O01310,Workshop
ACT011973,O02376,POC
ACT011974,O01629,Call
ACT011975,O03424,Call
ACT011976,O03496,Email
ACT011977,O00203,Call
ACT011978,O02768,POC
ACT011979,O02126,Workshop
ACT011980,O01356,Workshop
ACT011981,O03468,Demo
ACT011982,O02317,Email
ACT011983,O01064,Call
ACT011984,O01947,Call
ACT011985,O02620,Call
ACT011986,O01314,Email
ACT011987,O00635,Demo
ACT011988,O00987,Workshop
ACT011989,O02359,Email
ACT011990,O02873,Workshop
ACT011991,O02630,POC
ACT011992,O01745,Email
ACT011993,O00376,Workshop
ACT011994,O03494,Demo
ACT011995,O01478,Workshop
ACT011996,O02210,POC
ACT011997,O02374,Workshop
ACT011998,O01034,POC
ACT011999,O01993,Call
ACT012000,O02354,Call
ACT012001,O03420,Workshop
ACT012002,O02857,Email
ACT012003,O02078,POC
ACT012004,O01171,Call
ACT012005,O00508,POC
ACT012006,O03202,Call
ACT012007,O02821,POC
ACT012008,O02193,Workshop
ACT012009,O02980,Workshop
ACT012010,O00816,Email
ACT012011,O02945,Call
ACT012012,O01511,Workshop
ACT012013,O00206,POC
ACT012014,O00759,Demo
ACT012015,O03279,Workshop
ACT012016,O03269,Workshop
ACT012017,O02512,Demo
ACT012018,O02209,Email
ACT012019,O02374,POC
ACT012020,O01655,Call
ACT012021,O00478,Demo
ACT012022,O00024,Workshop
ACT012023,O02448,Demo
ACT012024,O00383,Email
ACT012025,O02398,POC
ACT012026,O00429,Email
ACT012027,O02206,Call
ACT012028,O01008,Call
ACT012029,O03035,Demo
ACT012030,O00379,POC
ACT012031,O01119,POC
ACT012032,O00675,Workshop
ACT012033,O01900,Workshop
ACT012034,O00114,Demo
ACT012035,O02993,Workshop
ACT012036,O02151,Workshop
ACT012037,O00254,Workshop
ACT012038,O02782,Call
ACT012039,O00157,Workshop
ACT012040,O03013,Demo
ACT012041,O03129,Email
ACT012042,O01722,POC
ACT012043,O00405,Workshop
ACT012044,O01102,POC
ACT012045,O00154,Workshop
ACT012046,O02650,Demo
ACT012047,O02498,Workshop
ACT012048,O01672,Email
ACT012049,O03067,Workshop
ACT012050,O00399,Demo
ACT012051,O02178,Demo
ACT012052,O00281,POC
ACT012053,O01377,Email
ACT012054,O00400,Workshop
ACT012055,O00873,Email
ACT012056,O01893,Email
ACT012057,O01623,Demo
ACT012058,O02454,Call
ACT012059,O02611,Demo
ACT012060,O01860,POC
ACT012061,O01859,Demo
ACT012062,O00909,Demo
ACT012063,O00003,Email
ACT012064,O01293,Call
ACT012065,O03346,Call
ACT012066,O01716,POC
ACT012067,O01749,Workshop
ACT012068,O00933,Workshop
ACT012069,O03110,Demo
ACT012070,O01293,Call
ACT012071,O02587,POC
ACT012072,O03218,Workshop
ACT012073,O01640,Call
ACT012074,O00387,POC
ACT012075,O02540,Demo
ACT012076,O01013,Email
ACT012077,O02758,Call
ACT012078,O00439,Demo
ACT012079,O02343,Demo
ACT012080,O02492,POC
ACT012081,O01989,Demo
ACT012082,O02504,Call
ACT012083,O01558,Email
ACT012084,O00080,POC
ACT012085,O00166,POC
ACT012086,O03479,Demo
ACT012087,O03211,Workshop
ACT012088,O01968,Call
ACT012089,O00255,Workshop
ACT012090,O01308,Demo
ACT012091,O02518,POC
ACT012092,O00312,POC
ACT012093,O01579,Call
ACT012094,O01840,POC
ACT012095,O00265,Call
ACT012096,O01250,Email
ACT012097,O00448,Call
ACT012098,O01897,POC
ACT012099,O00770,Email
ACT012100,O00905,Demo
ACT012101,O01278,Workshop
ACT012102,O01651,POC
ACT012103,O00567,Demo
ACT012104,O00947,POC
ACT012105,O01154,Email
ACT012106,O02353,Workshop
ACT012107,O01528,POC
ACT012108,O03163,POC
ACT012109,O00961,POC
ACT012110,O00734,Workshop
ACT012111,O02114,Workshop
ACT012112,O01969,POC
ACT012113,O00292,POC
ACT012114,O02738,Demo
ACT012115,O02175,POC
ACT012116,O00749,Demo
ACT012117,O00859,Call
ACT012118,O03283,Email
ACT012119,O03156,Email
ACT012120,O00070,Email
ACT012121,O00041,Call
ACT012122,O02171,Workshop
ACT012123,O02793,Call
ACT012124,O02485,Call
ACT012125,O00721,Call
ACT012126,O01349,Demo
ACT012127,O02090,POC
ACT012128,O03045,POC
ACT012129,O00137,Email
ACT012130,O01229,Workshop
ACT012131,O02452,Workshop
ACT012132,O03170,Workshop
ACT012133,O00112,Demo
ACT012134,O00596,Email
ACT012135,O00947,Call
ACT012136,O01880,POC
ACT012137,O00433,Email
ACT012138,O00067,Call
ACT012139,O01845,Email
ACT012140,O03215,Call
ACT012141,O01508,Call
ACT012142,O00887,POC
ACT012143,O00341,Demo
ACT012144,O02017,Workshop
ACT012145,O00812,Email
ACT012146,O03437,Workshop
ACT012147,O03200,Call
ACT012148,O00386,Demo
ACT012149,O01205,POC
ACT012150,O03461,Workshop
ACT012151,O02485,Workshop
ACT012152,O02206,Email
ACT012153,O00468,Workshop
ACT012154,O00779,Email
ACT012155,O00647,Email
ACT012156,O01671,POC
ACT012157,O00025,Workshop
ACT012158,O01890,Call
ACT012159,O00862,Workshop
ACT012160,O01855,Workshop
ACT012161,O01754,Call
ACT012162,O01226,Workshop
ACT012163,O02086,Workshop
ACT012164,O03000,Call
ACT012165,O01680,Workshop
ACT012166,O03179,Call
ACT012167,O00431,Call
ACT012168,O03131,Demo
ACT012169,O01980,POC
ACT012170,O00306,Workshop
ACT012171,O00924,POC
ACT012172,O03297,Workshop
ACT012173,O00381,Email
ACT012174,O03479,Demo
ACT012175,O00140,Email
ACT012176,O00036,Workshop
ACT012177,O03496,Email
ACT012178,O02720,POC
ACT012179,O02840,Workshop
ACT012180,O00673,Call
ACT012181,O00862,Email
ACT012182,O03445,Demo
ACT012183,O02238,Call
ACT012184,O02073,Email
ACT012185,O01153,POC
ACT012186,O02824,Workshop
ACT012187,O00764,POC
ACT012188,O01083,Workshop
ACT012189,O03389,Call
ACT012190,O00061,Workshop
ACT012191,O00162,Demo
ACT012192,O00981,Call
ACT012193,O02915,Call
ACT012194,O02938,Email
ACT012195,O01612,POC
ACT012196,O01868,Workshop
ACT012197,O01761,Workshop
ACT012198,O01810,Workshop
ACT012199,O00111,POC
ACT012200,O00852,Workshop
ACT012201,O00421,POC
ACT012202,O01625,Call
ACT012203,O00542,Email
ACT012204,O03495,Call
ACT012205,O00519,Workshop
ACT012206,O00135,Email
ACT012207,O00638,Call
ACT012208,O02960,POC
ACT012209,O01783,POC
ACT012210,O00165,Email
ACT012211,O02267,Call
ACT012212,O00808,Demo
ACT012213,O01841,Workshop
ACT012214,O01911,POC
ACT012215,O00355,Workshop
ACT012216,O00947,Workshop
ACT012217,O02502,POC
ACT012218,O00120,POC
ACT012219,O03028,Email
ACT012220,O02252,Email
ACT012221,O02613,Workshop
ACT012222,O00163,POC
ACT012223,O02934,Email
ACT012224,O03067,Demo
ACT012225,O01829,Email
ACT012226,O02085,POC
ACT012227,O02121,POC
ACT012228,O01000,POC
ACT012229,O02582,Workshop
ACT012230,O01744,Workshop
ACT012231,O01491,Demo
ACT012232,O02923,Email
ACT012233,O01454,Workshop
ACT012234,O01472,Email
ACT012235,O00967,Demo
ACT012236,O00574,Demo
ACT012237,O02324,POC
ACT012238,O02163,Call
ACT012239,O01830,Email
ACT012240,O00068,POC
ACT012241,O01220,Call
ACT012242,O03255,Demo
ACT012243,O01670,Email
ACT012244,O02869,Demo
ACT012245,O02812,Workshop
ACT012246,O03144,Email
ACT012247,O01855,POC
ACT012248,O01142,Call
ACT012249,O01494,Call
ACT012250,O00679,POC
ACT012251,O03470,Workshop
ACT012252,O01454,Workshop
ACT012253,O01114,Email
ACT012254,O02768,Demo
ACT012255,O00838,Demo
ACT012256,O00723,Call
ACT012257,O00141,Demo
ACT012258,O00976,Call
ACT012259,O03478,Workshop
ACT012260,O02966,Email
ACT012261,O03382,POC
ACT012262,O02954,Call
ACT012263,O00010,Workshop
ACT012264,O01508,Call
ACT012265,O01188,Email
ACT012266,O00311,Demo
ACT012267,O03218,Call
ACT012268,O00075,Workshop
ACT012269,O01254,Call
ACT012270,O02401,POC
ACT012271,O03420,Demo
ACT012272,O01354,Email
ACT012273,O00315,Call
ACT012274,O02872,Workshop
ACT012275,O00525,Call
ACT012276,O01780,Email
ACT012277,O03079,Call
ACT012278,O02524,POC
ACT012279,O03361,Email
ACT012280,O01137,Email
ACT012281,O00818,Email
ACT012282,O00953,Email
ACT012283,O02705,Workshop
ACT012284,O01138,Call
ACT012285,O02112,Workshop
ACT012286,O01705,Demo
ACT012287,O02025,Workshop
ACT012288,O01806,Workshop
ACT012289,O00883,Demo
ACT012290,O00639,Call
ACT012291,O01868,Email
ACT012292,O00646,Email
ACT012293,O02101,Email
ACT012294,O00340,Call
ACT012295,O03351,Demo
ACT012296,O02356,POC
ACT012297,O02586,POC
ACT012298,O02696,Workshop
ACT012299,O02319,Email
ACT012300,O03172,Demo
ACT012301,O03326,Call
ACT012302,O02330,Email
ACT012303,O02437,Workshop
ACT012304,O01214,Call
ACT012305,O03305,POC
ACT012306,O00128,POC
ACT012307,O00394,POC
ACT012308,O01595,POC
ACT012309,O00574,POC
ACT012310,O00422,Email
ACT012311,O01324,Demo
ACT012312,O00580,Call
ACT012313,O03407,POC
ACT012314,O02991,Workshop
ACT012315,O02654,Call
ACT012316,O02607,Email
ACT012317,O02510,Call
ACT012318,O02108,Demo
ACT012319,O00572,POC
ACT012320,O01254,Call
ACT012321,O01820,Workshop
ACT012322,O02551,Call
ACT012323,O02591,Workshop
ACT012324,O02923,Workshop
ACT012325,O02735,Workshop
ACT012326,O01215,Call
ACT012327,O02928,POC
ACT012328,O01958,Call
ACT012329,O00480,Workshop
ACT012330,O02229,Call
ACT012331,O01709,Demo
ACT012332,O03471,POC
ACT012333,O02742,Demo
ACT012334,O00094,Workshop
ACT012335,O01076,Email
ACT012336,O01749,POC
ACT012337,O00409,Email
ACT012338,O01093,Demo
ACT012339,O01063,Call
ACT012340,O02890,Workshop
ACT012341,O01560,POC
ACT012342,O00904,Workshop
ACT012343,O02719,Email
ACT012344,O00838,Email
ACT012345,O00663,Email
ACT012346,O01012,Call
ACT012347,O00343,Email
ACT012348,O02738,Call
ACT012349,O02151,Email
ACT012350,O01012,Demo
ACT012351,O01718,Workshop
ACT012352,O02963,Call
ACT012353,O00394,Demo
ACT012354,O02923,Call
ACT012355,O02361,Email
ACT012356,O01258,Call
ACT012357,O00411,POC
ACT012358,O03125,Demo
ACT012359,O01555,Call
ACT012360,O02004,Email
ACT012361,O02862,POC
ACT012362,O01440,Call
ACT012363,O00778,POC
ACT012364,O01737,Demo
ACT012365,O00978,Workshop
ACT012366,O02940,Email
ACT012367,O02551,Email
ACT012368,O02935,Call
ACT012369,O02316,Call
ACT012370,O00618,Demo
ACT012371,O02931,POC
ACT012372,O03464,Demo
ACT012373,O01041,Email
ACT012374,O00875,Email
ACT012375,O02255,Demo
ACT012376,O03487,POC
ACT012377,O01304,Demo
ACT012378,O01682,Email
ACT012379,O01382,Demo
ACT012380,O01840,Workshop
ACT012381,O00894,Email
ACT012382,O01153,Call
ACT012383,O00250,Demo
ACT012384,O02185,Call
ACT012385,O03454,POC
ACT012386,O03097,Demo
ACT012387,O02167,Demo
ACT012388,O03197,POC
ACT012389,O01466,Demo
ACT012390,O00893,Demo
ACT012391,O01908,Call
ACT012392,O02280,POC
ACT012393,O02847,POC
ACT012394,O01219,Call
ACT012395,O02700,Call
ACT012396,O03392,Demo
ACT012397,O02651,Call
ACT012398,O00311,Call
ACT012399,O00695,POC
ACT012400,O01280,POC
ACT012401,O00576,Email
ACT012402,O01802,Call
ACT012403,O02963,Email
ACT012404,O01716,Call
ACT012405,O02699,POC
ACT012406,O01301,POC
ACT012407,O00152,Demo
ACT012408,O01488,POC
ACT012409,O01843,Demo
ACT012410,O02092,Email
ACT012411,O02837,Email
ACT012412,O02141,POC
ACT012413,O03428,Demo
ACT012414,O00653,Email
ACT012415,O01946,Email
ACT012416,O02925,Email
ACT012417,O02772,POC
ACT012418,O00894,POC
ACT012419,O02222,Workshop
ACT012420,O01884,Demo
ACT012421,O01582,Demo
ACT012422,O01318,Email
ACT012423,O02547,POC
ACT012424,O02732,POC
ACT012425,O02258,Call
ACT012426,O00364,Workshop
ACT012427,O03071,POC
ACT012428,O02847,Email
ACT012429,O03085,Demo
ACT012430,O00718,Call
ACT012431,O00003,POC
ACT012432,O02909,Demo
ACT012433,O01730,Workshop
ACT012434,O01293,Workshop
ACT012435,O02650,Call
ACT012436,O02970,Call
ACT012437,O01541,Email
ACT012438,O01650,Email
ACT012439,O01830,Demo
ACT012440,O03452,Workshop
ACT012441,O00310,Email
ACT012442,O03163,POC
ACT012443,O00477,Call
ACT012444,O00011,Email
ACT012445,O01931,Demo
ACT012446,O02116,POC
ACT012447,O03372,POC
ACT012448,O00614,Email
ACT012449,O02300,Workshop
ACT012450,O00992,Email
ACT012451,O00790,Email
ACT012452,O03075,Call
ACT012453,O02663,Call
ACT012454,O02822,Workshop
ACT012455,O02786,Email
ACT012456,O01543,Demo
ACT012457,O02621,Email
ACT012458,O01074,Workshop
ACT012459,O01790,Email
ACT012460,O01179,Call
ACT012461,O01713,Call
ACT012462,O01569,Workshop
ACT012463,O00905,Demo
ACT012464,O02223,Workshop
ACT012465,O01427,Call
ACT012466,O01511,Workshop
ACT012467,O01913,Email
ACT012468,O01286,POC
ACT012469,O02329,Call
ACT012470,O00259,Email
ACT012471,O02202,Call
ACT012472,O00704,Call
ACT012473,O00128,Demo
ACT012474,O03383,Email
ACT012475,O01992,POC
ACT012476,O01013,Workshop
ACT012477,O00048,Workshop
ACT012478,O00091,POC
ACT012479,O00010,POC
ACT012480,O00244,Call
ACT012481,O00280,Email
ACT012482,O02131,Workshop
ACT012483,O02256,Demo
ACT012484,O00259,Email
ACT012485,O00088,Demo
ACT012486,O02347,POC
ACT012487,O02695,Demo
ACT012488,O02067,Email
ACT012489,O01973,POC
ACT012490,O02045,Email
ACT012491,O01935,Workshop
ACT012492,O02549,Call
ACT012493,O00718,Demo
ACT012494,O01057,POC
ACT012495,O01295,Demo
ACT012496,O02834,Call
ACT012497,O01663,POC
ACT012498,O01580,Call
ACT012499,O03164,Call
ACT012500,O01907,Email
ACT012501,O00149,Workshop
ACT012502,O00677,Email
ACT012503,O02243,Workshop
ACT012504,O01685,Call
ACT012505,O00101,Email
ACT012506,O03318,Email
ACT012507,O00608,Demo
ACT012508,O01996,Email
ACT012509,O02162,Call
ACT012510,O01290,Call
ACT012511,O01100,Workshop
ACT012512,O02914,Workshop
ACT012513,O02502,Workshop
ACT012514,O02843,Email
ACT012515,O03280,POC
ACT012516,O02343,Call
ACT012517,O00387,POC
ACT012518,O02331,Email
ACT012519,O02372,Workshop
ACT012520,O02771,Call
ACT012521,O03325,Call
ACT012522,O02566,Email
ACT012523,O02641,Call
ACT012524,O02037,Email
ACT012525,O01753,Email
ACT012526,O01784,Workshop
ACT012527,O02877,Call
ACT012528,O00193,Demo
ACT012529,O01698,Email
ACT012530,O02572,Email
ACT012531,O01727,Demo
ACT012532,O00280,Call
ACT012533,O01880,Email
ACT012534,O01867,Demo
ACT012535,O00046,Demo
ACT012536,O01910,POC
ACT012537,O03374,Workshop
ACT012538,O02658,Demo
ACT012539,O00337,Demo
ACT012540,O03417,Email
ACT012541,O02647,Call
ACT012542,O00249,Demo
ACT012543,O00259,Demo
ACT012544,O02791,Workshop
ACT012545,O02849,Demo
ACT012546,O00107,Demo
ACT012547,O03362,Demo
ACT012548,O01443,Call
ACT012549,O02222,POC
ACT012550,O00906,Call
ACT012551,O01269,POC
ACT012552,O01973,POC
ACT012553,O00095,Email
ACT012554,O03450,Workshop
ACT012555,O00520,Workshop
ACT012556,O02793,POC
ACT012557,O01782,POC
ACT012558,O01605,POC
ACT012559,O00103,POC
ACT012560,O01816,Call
ACT012561,O00249,POC
ACT012562,O00790,Workshop
ACT012563,O03273,Demo
ACT012564,O03024,Email
ACT012565,O02151,Workshop
ACT012566,O01897,Call
ACT012567,O00307,POC
ACT012568,O00778,Workshop
ACT012569,O00577,Demo
ACT012570,O01041,Workshop
ACT012571,O03373,Email
ACT012572,O01354,Demo
ACT012573,O03401,Email
ACT012574,O03298,Call
ACT012575,O00408,POC
ACT012576,O00310,POC
ACT012577,O01076,POC
ACT012578,O00621,Demo
ACT012579,O00791,Demo
ACT012580,O03227,Workshop
ACT012581,O02601,Workshop
ACT012582,O00666,POC
ACT012583,O02594,Demo
ACT012584,O02153,Email
ACT012585,O01815,POC
ACT012586,O02013,Demo
ACT012587,O01113,Demo
ACT012588,O01330,Email
ACT012589,O02145,Email
ACT012590,O00233,Workshop
ACT012591,O02077,Email
ACT012592,O01532,Call
ACT012593,O00909,POC
ACT012594,O02776,Email
ACT012595,O01950,Email
ACT012596,O00190,Call
ACT012597,O02206,Workshop
ACT012598,O03299,Email
ACT012599,O00888,Demo
ACT012600,O01959,Demo
ACT012601,O00586,POC
ACT012602,O00562,POC
ACT012603,O01753,Demo
ACT012604,O03326,Demo
ACT012605,O00969,Call
ACT012606,O00399,Email
ACT012607,O00065,POC
ACT012608,O00275,Demo
ACT012609,O02976,POC
ACT012610,O02394,Workshop
ACT012611,O01704,POC
ACT012612,O02933,Workshop
ACT012613,O02905,Workshop
ACT012614,O03254,Workshop
ACT012615,O01337,Workshop
ACT012616,O00235,Workshop
ACT012617,O01612,Workshop
ACT012618,O02612,Email
ACT012619,O02743,Demo
ACT012620,O01562,Workshop
ACT012621,O02595,Demo
ACT012622,O02635,POC
ACT012623,O00926,Call
ACT012624,O02024,Email
ACT012625,O00855,Call
ACT012626,O01243,Workshop
ACT012627,O01647,Call
ACT012628,O01808,Demo
ACT012629,O00833,Email
ACT012630,O00132,Demo
ACT012631,O03481,Call
ACT012632,O01049,Demo
ACT012633,O02160,Demo
ACT012634,O01351,Call
ACT012635,O00723,Demo
ACT012636,O02266,POC
ACT012637,O00846,Email
ACT012638,O00127,Call
ACT012639,O00803,Email
ACT012640,O01749,Call
ACT012641,O00647,POC
ACT012642,O03291,POC
ACT012643,O00085,Email
ACT012644,O01162,Demo
ACT012645,O00108,Workshop
ACT012646,O03301,Demo
ACT012647,O01938,POC
ACT012648,O00916,Workshop
ACT012649,O01889,POC
ACT012650,O00328,Workshop
ACT012651,O00127,POC
ACT012652,O02671,POC
ACT012653,O01841,Workshop
ACT012654,O01292,Email
ACT012655,O01675,Email
ACT012656,O00170,Email
ACT012657,O02816,Workshop
ACT012658,O01786,Workshop
ACT012659,O03320,Email
ACT012660,O03319,POC
ACT012661,O03013,Workshop
ACT012662,O00760,Email
ACT012663,O00126,Workshop
ACT012664,O02009,Workshop
ACT012665,O02299,Email
ACT012666,O00383,POC
ACT012667,O02659,Workshop
ACT012668,O03373,Email
ACT012669,O01705,Call
ACT012670,O02142,POC
ACT012671,O00505,Call
ACT012672,O02397,Demo
ACT012673,O00855,Demo
ACT012674,O00464,Demo
ACT012675,O00260,Call
ACT012676,O02498,POC
ACT012677,O00953,POC
ACT012678,O02113,POC
ACT012679,O02361,POC
ACT012680,O00408,Demo
ACT012681,O02065,Email
ACT012682,O02641,Call
ACT012683,O02289,Call
ACT012684,O01935,Workshop
ACT012685,O01223,Workshop
ACT012686,O02904,Demo
ACT012687,O01323,Demo
ACT012688,O03363,Workshop
ACT012689,O02925,Email
ACT012690,O02412,Call
ACT012691,O01555,Demo
ACT012692,O01551,Demo
ACT012693,O01477,Email
ACT012694,O00254,Email
ACT012695,O00481,Call
ACT012696,O01653,Call
ACT012697,O02137,Call
ACT012698,O00158,Call
ACT012699,O01546,Workshop
ACT012700,O00036,POC
ACT012701,O00982,Demo
ACT012702,O02330,POC
ACT012703,O01606,POC
ACT012704,O02870,Call
ACT012705,O00567,Call
ACT012706,O01574,POC
ACT012707,O00127,Email
ACT012708,O01504,POC
ACT012709,O01376,Call
ACT012710,O02654,POC
ACT012711,O02872,Call
ACT012712,O02019,Call
ACT012713,O00788,Demo
ACT012714,O00978,Demo
ACT012715,O00778,POC
ACT012716,O03108,Email
ACT012717,O00359,Demo
ACT012718,O00759,Workshop
ACT012719,O02600,Demo
ACT012720,O00512,POC
ACT012721,O00272,Workshop
ACT012722,O00414,POC
ACT012723,O02191,Email
ACT012724,O02384,Call
ACT012725,O00881,POC
ACT012726,O00938,Call
ACT012727,O00836,POC
ACT012728,O00330,Workshop
ACT012729,O00049,Workshop
ACT012730,O00045,POC
ACT012731,O01124,Workshop
ACT012732,O00906,POC
ACT012733,O00463,Demo
ACT012734,O02671,Workshop
ACT012735,O01839,Workshop
ACT012736,O01541,Workshop
ACT012737,O03301,Email
ACT012738,O02569,Email
ACT012739,O02512,Workshop
ACT012740,O00874,Demo
ACT012741,O00322,Call
ACT012742,O02814,Demo
ACT012743,O01021,Call
ACT012744,O01839,Demo
ACT012745,O02139,Call
ACT012746,O01957,Workshop
ACT012747,O01898,Workshop
ACT012748,O00030,Email
ACT012749,O02934,Demo
ACT012750,O02154,Workshop
ACT012751,O01543,Demo
ACT012752,O02710,Email
ACT012753,O02250,Workshop
ACT012754,O00575,POC
ACT012755,O00030,Call
ACT012756,O02054,Email
ACT012757,O00913,Demo
ACT012758,O00511,Call
ACT012759,O02625,Demo
ACT012760,O03088,Workshop
ACT012761,O00455,Email
ACT012762,O02157,Demo
ACT012763,O02029,Workshop
ACT012764,O02379,Call
ACT012765,O01951,Email
ACT012766,O00500,Workshop
ACT012767,O01531,Call
ACT012768,O01473,Email
ACT012769,O00604,Call
ACT012770,O00370,Workshop
ACT012771,O02940,POC
ACT012772,O02589,Email
ACT012773,O00928,Email
ACT012774,O01932,Email
ACT012775,O00401,Email
ACT012776,O00522,Call
ACT012777,O00083,POC
ACT012778,O02482,POC
ACT012779,O02103,Demo
ACT012780,O00762,POC
ACT012781,O03419,Email
ACT012782,O00228,Demo
ACT012783,O02407,Demo
ACT012784,O03490,Call
ACT012785,O01470,POC
ACT012786,O03285,Call
ACT012787,O03084,Call
ACT012788,O00478,Workshop
ACT012789,O00020,Demo
ACT012790,O00139,Call
ACT012791,O00076,Demo
ACT012792,O01711,Demo
ACT012793,O00461,Workshop
ACT012794,O03068,Workshop
ACT012795,O01217,Workshop
ACT012796,O00869,Call
ACT012797,O00522,Workshop
ACT012798,O02895,Call
ACT012799,O02308,Workshop
ACT012800,O01844,Demo
ACT012801,O00786,Workshop
ACT012802,O00456,Email
ACT012803,O03247,Workshop
ACT012804,O00966,Call
ACT012805,O02765,Workshop
ACT012806,O00775,POC
ACT012807,O00448,Demo
ACT012808,O03304,Email
ACT012809,O00519,Demo
ACT012810,O03161,Call
ACT012811,O01291,Demo
ACT012812,O00269,POC
ACT012813,O01125,Workshop
ACT012814,O02231,POC
ACT012815,O01730,POC
ACT012816,O03279,Call
ACT012817,O03340,Workshop
ACT012818,O00563,Workshop
ACT012819,O01387,Email
ACT012820,O00232,Workshop
ACT012821,O02245,Call
ACT012822,O01631,Workshop
ACT012823,O00108,POC
ACT012824,O00835,Email
ACT012825,O01657,Demo
ACT012826,O00246,Workshop
ACT012827,O03196,Workshop
ACT012828,O01740,Email
ACT012829,O01608,Email
ACT012830,O00034,POC
ACT012831,O00442,POC
ACT012832,O00758,POC
ACT012833,O01079,Call
ACT012834,O02154,Email
ACT012835,O02183,Call
ACT012836,O00478,Workshop
ACT012837,O00094,Call
ACT012838,O01486,Demo
ACT012839,O02920,POC
ACT012840,O00955,Demo
ACT012841,O00377,Demo
ACT012842,O00390,Demo
ACT012843,O00543,Call
ACT012844,O01324,Workshop
ACT012845,O00043,Demo
ACT012846,O02236,Email
ACT012847,O01405,Demo
ACT012848,O01312,Workshop
ACT012849,O03363,Call
ACT012850,O03138,Email
ACT012851,O02351,POC
ACT012852,O03131,Workshop
ACT012853,O00869,Email
ACT012854,O02984,Demo
ACT012855,O00988,Workshop
ACT012856,O00990,POC
ACT012857,O00121,Email
ACT012858,O00561,Email
ACT012859,O01344,Demo
ACT012860,O03404,Call
ACT012861,O02624,POC
ACT012862,O01970,Call
ACT012863,O02934,POC
ACT012864,O00776,Workshop
ACT012865,O00252,POC
ACT012866,O01593,Demo
ACT012867,O03200,Demo
ACT012868,O01990,Call
ACT012869,O01422,Workshop
ACT012870,O00158,Workshop
ACT012871,O03310,Workshop
ACT012872,O03160,Email
ACT012873,O00373,Demo
ACT012874,O01765,POC
ACT012875,O01531,POC
ACT012876,O00654,Call
ACT012877,O03490,Demo
ACT012878,O00517,Demo
ACT012879,O02702,Email
ACT012880,O01824,Demo
ACT012881,O01027,Demo
ACT012882,O02078,POC
ACT012883,O01889,Call
ACT012884,O02500,Demo
ACT012885,O00046,Email
ACT012886,O00667,Demo
ACT012887,O01352,Email
ACT012888,O03467,Workshop
ACT012889,O00592,Demo
ACT012890,O02311,Call
ACT012891,O01838,POC
ACT012892,O02540,POC
ACT012893,O02417,POC
ACT012894,O01315,Email
ACT012895,O03208,POC
ACT012896,O00037,Workshop
ACT012897,O00069,Demo
ACT012898,O01806,Email
ACT012899,O01747,Workshop
ACT012900,O01995,Demo
ACT012901,O01806,Call
ACT012902,O01368,POC
ACT012903,O00555,POC
ACT012904,O01022,POC
ACT012905,O02269,Demo
ACT012906,O02151,Call
ACT012907,O02358,Workshop
ACT012908,O02862,Demo
ACT012909,O02376,Call
ACT012910,O02095,Workshop
ACT012911,O01234,Email
ACT012912,O02427,Email
ACT012913,O03099,Email
ACT012914,O00955,POC
ACT012915,O00358,Email
ACT012916,O02528,POC
ACT012917,O00994,POC
ACT012918,O02268,Email
ACT012919,O00258,Workshop
ACT012920,O02206,Email
ACT012921,O00516,Email
ACT012922,O01013,Demo
ACT012923,O02434,Email
ACT012924,O02306,Workshop
ACT012925,O02748,Demo
ACT012926,O02685,Email
ACT012927,O03000,POC
ACT012928,O02286,Workshop
ACT012929,O03279,Demo
ACT012930,O00486,Call
ACT012931,O00913,Demo
ACT012932,O02732,Email
ACT012933,O02200,POC
ACT012934,O00808,Call
ACT012935,O02812,Demo
ACT012936,O02439,Workshop
ACT012937,O00457,Email
ACT012938,O02074,Demo
ACT012939,O00056,Email
ACT012940,O02087,POC
ACT012941,O02164,POC
ACT012942,O01939,Email
ACT012943,O00193,POC
ACT012944,O02843,Demo
ACT012945,O03023,POC
ACT012946,O02807,Workshop
ACT012947,O00741,Demo
ACT012948,O01150,POC
ACT012949,O01888,Workshop
ACT012950,O03080,Demo
ACT012951,O03067,Workshop
ACT012952,O00062,Email
ACT012953,O01207,Workshop
ACT012954,O01314,Email
ACT012955,O01796,Email
ACT012956,O01976,Demo
ACT012957,O03315,POC
ACT012958,O03412,Workshop
ACT012959,O00760,Workshop
ACT012960,O03067,Workshop
ACT012961,O00546,POC
ACT012962,O00669,Demo
ACT012963,O02127,Workshop
ACT012964,O02057,Demo
ACT012965,O03237,Call
ACT012966,O01645,Workshop
ACT012967,O00625,Call
ACT012968,O02796,Email
ACT012969,O00504,Call
ACT012970,O03486,Email
ACT012971,O03379,Call
ACT012972,O01152,Call
ACT012973,O02026,Demo
ACT012974,O01157,POC
ACT012975,O01804,Workshop
ACT012976,O00480,Email
ACT012977,O00448,Email
ACT012978,O03155,Email
ACT012979,O02332,POC
ACT012980,O03279,Call
ACT012981,O02703,Call
ACT012982,O01694,Demo
ACT012983,O00534,Demo
ACT012984,O03422,Email
ACT012985,O03443,Demo
ACT012986,O02115,Call
ACT012987,O02296,Workshop
ACT012988,O00102,Call
ACT012989,O01331,Call
ACT012990,O00005,Email
ACT012991,O01187,Demo
ACT012992,O02989,Workshop
ACT012993,O00508,Demo
ACT012994,O01784,Workshop
ACT012995,O03245,POC
ACT012996,O01642,Demo
ACT012997,O00149,Call
ACT012998,O02120,Email
ACT012999,O01389,POC
ACT013000,O02991,Workshop
ACT013001,O02572,POC
ACT013002,O01434,POC
ACT013003,O02694,Email
ACT013004,O01806,Workshop
ACT013005,O02246,Email
ACT013006,O01714,POC
ACT013007,O02217,Email
ACT013008,O00939,POC
ACT013009,O02298,Workshop
ACT013010,O00434,Email
ACT013011,O03011,Email
ACT013012,O03096,POC
ACT013013,O03176,Workshop
ACT013014,O01267,Demo
ACT013015,O00991,Workshop
ACT013016,O01757,Call
ACT013017,O02049,Demo
ACT013018,O01489,POC
ACT013019,O00518,POC
ACT013020,O03291,Demo
ACT013021,O01755,Workshop
ACT013022,O02018,Workshop
ACT013023,O02352,Demo
ACT013024,O00978,Demo
ACT013025,O01546,Email
ACT013026,O01855,Email
ACT013027,O01637,POC
ACT013028,O02955,POC
ACT013029,O03259,POC
ACT013030,O00981,Workshop
ACT013031,O02702,Call
ACT013032,O01309,Demo
ACT013033,O00928,Call
ACT013034,O00620,Call
ACT013035,O00347,Demo
ACT013036,O03116,Email
ACT013037,O03076,Call
ACT013038,O00211,Demo
ACT013039,O00551,Call
ACT013040,O01098,Call
ACT013041,O02328,Email
ACT013042,O02734,Demo
ACT013043,O01631,Workshop
ACT013044,O02792,Email
ACT013045,O03467,Call
ACT013046,O00993,Workshop
ACT013047,O02775,Email
ACT013048,O00925,POC
ACT013049,O03460,Email
ACT013050,O03079,Workshop
ACT013051,O00321,Call
ACT013052,O03375,Email
ACT013053,O02058,Demo
ACT013054,O00613,Demo
ACT013055,O01095,Demo
ACT013056,O00604,Demo
ACT013057,O00610,Email
ACT013058,O01906,Demo
ACT013059,O03190,Demo
ACT013060,O00424,Call
ACT013061,O03487,Email
ACT013062,O01170,Demo
ACT013063,O00692,Call
ACT013064,O01007,Workshop
ACT013065,O01222,Workshop
ACT013066,O03346,Workshop
ACT013067,O02467,Demo
ACT013068,O02574,Email
ACT013069,O02551,Call
ACT013070,O01171,Email
ACT013071,O03243,Call
ACT013072,O00199,POC
ACT013073,O03083,Call
ACT013074,O00469,Email
ACT013075,O00144,POC
ACT013076,O01617,Email
ACT013077,O02311,POC
ACT013078,O01568,Workshop
ACT013079,O03219,POC
ACT013080,O02619,Workshop
ACT013081,O00922,Call
ACT013082,O00281,Email
ACT013083,O02223,Email
ACT013084,O01548,Demo
ACT013085,O01488,Call
ACT013086,O02734,Email
ACT013087,O01094,POC
ACT013088,O00993,Email
ACT013089,O01443,Demo
ACT013090,O01295,POC
ACT013091,O02251,Email
ACT013092,O00881,Workshop
ACT013093,O00125,Call
ACT013094,O00741,Workshop
ACT013095,O01807,Call
ACT013096,O01445,Demo
ACT013097,O00476,Call
ACT013098,O03104,Workshop
ACT013099,O02279,POC
ACT013100,O02447,Demo
ACT013101,O02307,Email
ACT013102,O02859,Email
ACT013103,O02080,Demo
ACT013104,O03086,Call
ACT013105,O00348,POC
ACT013106,O02794,Demo
ACT013107,O03325,Demo
ACT013108,O00598,Email
ACT013109,O01714,Email
ACT013110,O01060,Workshop
ACT013111,O00326,Email
ACT013112,O00420,Email
ACT013113,O01762,Email
ACT013114,O02228,Workshop
ACT013115,O03087,Demo
ACT013116,O01124,Call
ACT013117,O00030,Email
ACT013118,O01297,POC
ACT013119,O03092,Demo
ACT013120,O01607,Workshop
ACT013121,O01701,POC
ACT013122,O00496,POC
ACT013123,O02534,Email
ACT013124,O02859,Demo
ACT013125,O01487,Email
ACT013126,O00690,Demo
ACT013127,O01813,Demo
ACT013128,O02602,Workshop
ACT013129,O02336,Email
ACT013130,O02641,Email
ACT013131,O02553,Call
ACT013132,O00599,Email
ACT013133,O01657,POC
ACT013134,O02172,POC
ACT013135,O00087,POC
ACT013136,O03363,POC
ACT013137,O00552,Workshop
ACT013138,O00337,Workshop
ACT013139,O02427,Workshop
ACT013140,O01173,Email
ACT013141,O02071,Email
ACT013142,O00559,Demo
ACT013143,O02746,Workshop
ACT013144,O02251,Demo
ACT013145,O02563,Call
ACT013146,O02019,Workshop
ACT013147,O02795,Workshop
ACT013148,O00423,POC
ACT013149,O03092,Demo
ACT013150,O01962,Call
ACT013151,O02747,Call
ACT013152,O03204,Workshop
ACT013153,O03040,Demo
ACT013154,O03121,Demo
ACT013155,O01829,Workshop
ACT013156,O02564,Email
ACT013157,O02774,Workshop
ACT013158,O01938,Call
ACT013159,O03236,Call
ACT013160,O00944,Workshop
ACT013161,O03214,Workshop
ACT013162,O01774,Workshop
ACT013163,O00507,Demo
ACT013164,O02235,Demo
ACT013165,O00376,Workshop
ACT013166,O00764,Call
ACT013167,O00773,Call
ACT013168,O01538,POC
ACT013169,O03087,Call
ACT013170,O03060,Call
ACT013171,O02753,POC
ACT013172,O02243,Demo
ACT013173,O03348,Call
ACT013174,O01623,Email
ACT013175,O00241,Workshop
ACT013176,O00903,Email
ACT013177,O00376,Workshop
ACT013178,O02065,Workshop
ACT013179,O02176,Email
ACT013180,O00644,POC
ACT013181,O02940,Call
ACT013182,O00708,Email
ACT013183,O02652,Call
ACT013184,O01188,Call
ACT013185,O02959,POC
ACT013186,O01771,Workshop
ACT013187,O01848,Call
ACT013188,O00951,Demo
ACT013189,O01093,Workshop
ACT013190,O00486,Email
ACT013191,O02277,Workshop
ACT013192,O00195,Email
ACT013193,O01350,Email
ACT013194,O00062,POC
ACT013195,O03112,Email
ACT013196,O03203,POC
ACT013197,O02953,Email
ACT013198,O02493,POC
ACT013199,O03035,Workshop
ACT013200,O01058,Call
ACT013201,O03310,Call
ACT013202,O03061,Demo
ACT013203,O01086,Email
ACT013204,O00446,Call
ACT013205,O00275,Workshop
ACT013206,O01745,Call
ACT013207,O01462,POC
ACT013208,O00105,Call
ACT013209,O03231,POC
ACT013210,O00863,Email
ACT013211,O02690,Demo
ACT013212,O02988,Email
ACT013213,O00153,Workshop
ACT013214,O01017,Call
ACT013215,O00194,Demo
ACT013216,O02056,Demo
ACT013217,O01482,Workshop
ACT013218,O00901,POC
ACT013219,O03172,Workshop
ACT013220,O01590,Demo
ACT013221,O01138,Call
ACT013222,O03072,Demo
ACT013223,O01399,Demo
ACT013224,O01265,Call
ACT013225,O01554,POC
ACT013226,O02381,Demo
ACT013227,O02492,Workshop
ACT013228,O00022,Workshop
ACT013229,O00425,Email
ACT013230,O01404,Email
ACT013231,O01123,Email
ACT013232,O00828,Demo
ACT013233,O02648,Email
ACT013234,O03100,Demo
ACT013235,O03033,POC
ACT013236,O01425,Call
ACT013237,O00582,Demo
ACT013238,O01291,Email
ACT013239,O01255,Workshop
ACT013240,O02204,POC
ACT013241,O00563,Email
ACT013242,O02080,POC
ACT013243,O00557,POC
ACT013244,O03028,Call
ACT013245,O01263,Demo
ACT013246,O00143,Demo
ACT013247,O02165,Workshop
ACT013248,O00158,Email
ACT013249,O01163,Email
ACT013250,O01644,Workshop
ACT013251,O01415,Call
ACT013252,O01053,Workshop
ACT013253,O00079,Workshop
ACT013254,O02902,Demo
ACT013255,O02191,Email
ACT013256,O02858,Workshop
ACT013257,O02364,Workshop
ACT013258,O00821,POC
ACT013259,O03176,Email
ACT013260,O02672,Demo
ACT013261,O02985,POC
ACT013262,O01099,POC
ACT013263,O01980,Workshop
ACT013264,O01271,Demo
ACT013265,O02824,Email
ACT013266,O02375,Demo
ACT013267,O03415,Call
ACT013268,O02294,Email
ACT013269,O01236,Call
ACT013270,O01733,Email
ACT013271,O02868,Call
ACT013272,O01920,POC
ACT013273,O00457,Workshop
ACT013274,O01174,Call
ACT013275,O00374,Call
ACT013276,O01218,Email
ACT013277,O02290,Call
ACT013278,O02575,Email
ACT013279,O02567,Workshop
ACT013280,O01410,Demo
ACT013281,O01847,Email
ACT013282,O00263,POC
ACT013283,O03205,Demo
ACT013284,O03469,Workshop
ACT013285,O00298,Demo
ACT013286,O03005,Demo
ACT013287,O01288,Email
ACT013288,O02829,Email
ACT013289,O00118,Workshop
ACT013290,O01123,Email
ACT013291,O01568,Call
ACT013292,O02694,Workshop
ACT013293,O01676,POC
ACT013294,O00344,Email
ACT013295,O03320,Call
ACT013296,O02150,POC
ACT013297,O02713,Workshop
ACT013298,O00419,Call
ACT013299,O00049,Call
ACT013300,O00773,Call
ACT013301,O00823,Email
ACT013302,O00498,Workshop
ACT013303,O03148,Email
ACT013304,O01407,Call
ACT013305,O01546,Demo
ACT013306,O02624,Workshop
ACT013307,O01477,Workshop
ACT013308,O01651,Email
ACT013309,O03028,Call
ACT013310,O03013,Email
ACT013311,O00006,Workshop
ACT013312,O01824,Email
ACT013313,O02912,Call
ACT013314,O02104,Demo
ACT013315,O00932,POC
ACT013316,O01954,POC
ACT013317,O03323,Workshop
ACT013318,O00048,Call
ACT013319,O01544,Workshop
ACT013320,O03416,Demo
ACT013321,O02820,Email
ACT013322,O00288,Workshop
ACT013323,O00281,Workshop
ACT013324,O01979,Demo
ACT013325,O01870,POC
ACT013326,O01463,Demo
ACT013327,O01507,Demo
ACT013328,O03187,POC
ACT013329,O01260,Workshop
ACT013330,O01029,Call
ACT013331,O02705,Workshop
ACT013332,O03335,POC
ACT013333,O02984,Call
ACT013334,O03185,Email
ACT013335,O01130,POC
ACT013336,O02656,Email
ACT013337,O03201,Workshop
ACT013338,O02285,Workshop
ACT013339,O01954,Email
ACT013340,O00975,Call
ACT013341,O02802,Workshop
ACT013342,O02441,Call
ACT013343,O01282,POC
ACT013344,O00201,Email
ACT013345,O02606,Email
ACT013346,O00306,Demo
ACT013347,O00475,Call
ACT013348,O03222,Workshop
ACT013349,O02013,Email
ACT013350,O00880,Workshop
ACT013351,O02872,Call
ACT013352,O02820,POC
ACT013353,O02473,Demo
ACT013354,O01230,Call
ACT013355,O01765,Call
ACT013356,O01926,Demo
ACT013357,O00325,POC
ACT013358,O00608,Workshop
ACT013359,O03180,POC
ACT013360,O02748,Call
ACT013361,O00505,POC
ACT013362,O01494,Demo
ACT013363,O03309,Email
ACT013364,O01598,Workshop
ACT013365,O01850,Email
ACT013366,O02941,Email
ACT013367,O02768,Call
ACT013368,O02282,Workshop
ACT013369,O03253,Email
ACT013370,O03245,Call
ACT013371,O02878,Call
ACT013372,O00632,Workshop
ACT013373,O00980,Call
ACT013374,O02322,Call
ACT013375,O02795,Demo
ACT013376,O00147,Call
ACT013377,O01658,Workshop
ACT013378,O00500,Call
ACT013379,O03378,Call
ACT013380,O00543,Call
ACT013381,O00825,Email
ACT013382,O02861,Workshop
ACT013383,O01605,Workshop
ACT013384,O01924,Demo
ACT013385,O02795,Call
ACT013386,O02103,Call
ACT013387,O02305,Email
ACT013388,O01516,Workshop
ACT013389,O00913,POC
ACT013390,O02779,Email
ACT013391,O00444,Demo
ACT013392,O02391,Workshop
ACT013393,O01051,Call
ACT013394,O03019,POC
ACT013395,O00190,POC
ACT013396,O00186,Call
ACT013397,O01533,Call
ACT013398,O00813,Call
ACT013399,O00827,Call
ACT013400,O00834,POC
ACT013401,O03453,Demo
ACT013402,O01592,Call
ACT013403,O02532,Demo
ACT013404,O03077,Email
ACT013405,O03391,POC
ACT013406,O01015,Demo
ACT013407,O03479,Demo
ACT013408,O03157,Workshop
ACT013409,O02682,POC
ACT013410,O01744,POC
ACT013411,O00252,POC
ACT013412,O01661,Workshop
ACT013413,O00581,Email
ACT013414,O01429,POC
ACT013415,O01974,Email
ACT013416,O02946,POC
ACT013417,O00394,Call
ACT013418,O02939,POC
ACT013419,O00580,Email
ACT013420,O03137,POC
ACT013421,O01510,Email
ACT013422,O01623,Call
ACT013423,O03282,Call
ACT013424,O00520,POC
ACT013425,O02117,Email
ACT013426,O01118,Email
ACT013427,O01288,Workshop
ACT013428,O01464,Email
ACT013429,O02820,Email
ACT013430,O00921,Workshop
ACT013431,O01709,Workshop
ACT013432,O02139,Demo
ACT013433,O00359,Workshop
ACT013434,O02678,Email
ACT013435,O02089,Email
ACT013436,O01090,Workshop
ACT013437,O00638,Email
ACT013438,O00971,Email
ACT013439,O01402,Demo
ACT013440,O00877,Call
ACT013441,O02151,POC
ACT013442,O02540,Call
ACT013443,O03169,Email
ACT013444,O00043,Call
ACT013445,O00314,Email
ACT013446,O02460,Workshop
ACT013447,O01867,Call
ACT013448,O03255,Workshop
ACT013449,O00130,Demo
ACT013450,O02369,Call
ACT013451,O03043,Call
ACT013452,O02376,Workshop
ACT013453,O00402,Workshop
ACT013454,O03137,Demo
ACT013455,O02056,Email
ACT013456,O02987,Workshop
ACT013457,O03445,Email
ACT013458,O01783,Email
ACT013459,O01560,Workshop
ACT013460,O01645,Demo
ACT013461,O00719,Email
ACT013462,O02402,POC
ACT013463,O02182,POC
ACT013464,O00383,Call
ACT013465,O00275,Email
ACT013466,O01383,Email
ACT013467,O03435,Email
ACT013468,O00727,Call
ACT013469,O02366,Demo
ACT013470,O02893,Call
ACT013471,O01175,Email
ACT013472,O02815,Email
ACT013473,O01477,POC
ACT013474,O01548,Email
ACT013475,O00554,Call
ACT013476,O01160,Workshop
ACT013477,O03380,POC
ACT013478,O03184,Call
ACT013479,O01048,Call
ACT013480,O01928,Email
ACT013481,O00012,Call
ACT013482,O00373,Demo
ACT013483,O03423,Call
ACT013484,O02115,Demo
ACT013485,O01929,Email
ACT013486,O02997,Call
ACT013487,O01865,Demo
ACT013488,O00737,Call
ACT013489,O02854,Workshop
ACT013490,O02209,Demo
ACT013491,O00434,Workshop
ACT013492,O01079,Call
ACT013493,O00184,Call
ACT013494,O03189,Demo
ACT013495,O01597,Email
ACT013496,O00410,Demo
ACT013497,O02383,Demo
ACT013498,O01063,Workshop
ACT013499,O02677,Email
ACT013500,O02273,Email
ACT013501,O02150,Call
ACT013502,O02971,Workshop
ACT013503,O03079,POC
ACT013504,O01452,Workshop
ACT013505,O00082,Workshop
ACT013506,O00001,Email
ACT013507,O00119,POC
ACT013508,O03459,Demo
ACT013509,O02936,Call
ACT013510,O01678,Email
ACT013511,O01349,Call
ACT013512,O02174,Call
ACT013513,O03265,Workshop
ACT013514,O02570,Email
ACT013515,O03189,Email
ACT013516,O02002,Email
ACT013517,O00790,Demo
ACT013518,O00427,Email
ACT013519,O03140,Email
ACT013520,O01851,Email
ACT013521,O00018,Workshop
ACT013522,O02816,Email
ACT013523,O00927,Call
ACT013524,O02249,Call
ACT013525,O00957,Demo
ACT013526,O01566,Workshop
ACT013527,O00048,Workshop
ACT013528,O01180,Demo
ACT013529,O02862,Workshop
ACT013530,O00064,POC
ACT013531,O03166,Call
ACT013532,O00966,Workshop
ACT013533,O02371,Call
ACT013534,O01649,Email
ACT013535,O03319,Demo
ACT013536,O01369,Call
ACT013537,O03312,Workshop
ACT013538,O01965,Demo
ACT013539,O02472,Email
ACT013540,O00010,POC
ACT013541,O02771,Workshop
ACT013542,O00492,Email
ACT013543,O02162,Demo
ACT013544,O02061,Demo
ACT013545,O01837,Call
ACT013546,O03478,POC
ACT013547,O01614,Workshop
ACT013548,O01431,Workshop
ACT013549,O03236,Email
ACT013550,O02319,Workshop
ACT013551,O01639,Email
ACT013552,O01927,Demo
ACT013553,O02255,Demo
ACT013554,O02146,POC
ACT013555,O02541,POC
ACT013556,O03071,Email
ACT013557,O03472,Demo
ACT013558,O03156,Demo
ACT013559,O03105,POC
ACT013560,O01396,Workshop
ACT013561,O01470,Demo
ACT013562,O00841,Call
ACT013563,O01311,Demo
ACT013564,O01505,Workshop
ACT013565,O01280,Call
ACT013566,O02171,Demo
ACT013567,O03474,POC
ACT013568,O02457,POC
ACT013569,O02096,Email
ACT013570,O00004,Call
ACT013571,O01931,Call
ACT013572,O02546,Email
ACT013573,O02193,Call
ACT013574,O02707,POC
ACT013575,O02190,POC
ACT013576,O00925,Demo
ACT013577,O02018,POC
ACT013578,O02237,Email
ACT013579,O00792,Call
ACT013580,O01963,Email
ACT013581,O03115,POC
ACT013582,O03205,Email
ACT013583,O03176,Email
ACT013584,O02588,Demo
ACT013585,O02731,POC
ACT013586,O01623,Email
ACT013587,O00011,Demo
ACT013588,O01034,POC
ACT013589,O03446,Demo
ACT013590,O00226,Email
ACT013591,O00076,POC
ACT013592,O02925,Workshop
ACT013593,O02364,POC
ACT013594,O02463,Email
ACT013595,O00804,Workshop
ACT013596,O03065,Call
ACT013597,O02351,Call
ACT013598,O02412,Email
ACT013599,O02090,Email
ACT013600,O02328,Demo
ACT013601,O00342,Email
ACT013602,O01209,POC
ACT013603,O02833,POC
ACT013604,O02172,Call
ACT013605,O01320,Call
ACT013606,O02557,Demo
ACT013607,O01386,Call
ACT013608,O00411,Demo
ACT013609,O02176,Call
ACT013610,O00801,POC
ACT013611,O01311,Call
ACT013612,O00362,Call
ACT013613,O02564,Email
ACT013614,O02286,Email
ACT013615,O02712,Call
ACT013616,O01041,Call
ACT013617,O00601,Call
ACT013618,O00711,POC
ACT013619,O02181,Demo
ACT013620,O01897,Call
ACT013621,O01501,Email
ACT013622,O00722,Call
ACT013623,O00747,Workshop
ACT013624,O02257,Demo
ACT013625,O00069,Email
ACT013626,O01037,Workshop
ACT013627,O02442,POC
ACT013628,O02687,POC
ACT013629,O02496,Call
ACT013630,O01395,Email
ACT013631,O03459,Call
ACT013632,O00098,Workshop
ACT013633,O00238,Workshop
ACT013634,O01156,POC
ACT013635,O03241,POC
ACT013636,O00123,Workshop
ACT013637,O01870,Workshop
ACT013638,O02413,Call
ACT013639,O03123,Demo
ACT013640,O02548,Email
ACT013641,O03006,Email
ACT013642,O01860,POC
ACT013643,O02744,Workshop
ACT013644,O01520,Demo
ACT013645,O03052,Call
ACT013646,O01615,Call
ACT013647,O00697,Call
ACT013648,O00640,Call
ACT013649,O00743,Workshop
ACT013650,O02444,Call
ACT013651,O00752,Workshop
ACT013652,O00990,POC
ACT013653,O00320,Call
ACT013654,O02942,Call
ACT013655,O01260,Demo
ACT013656,O00562,Workshop
ACT013657,O00075,Email
ACT013658,O01020,Demo
ACT013659,O02234,POC
ACT013660,O00393,Workshop
ACT013661,O02247,Workshop
ACT013662,O02875,POC
ACT013663,O00878,Email
ACT013664,O00050,Demo
ACT013665,O03391,Call
ACT013666,O03371,POC
ACT013667,O01318,POC
ACT013668,O01834,Email
ACT013669,O00739,Call
ACT013670,O00147,Email
ACT013671,O01376,Demo
ACT013672,O01525,POC
ACT013673,O02131,Call
ACT013674,O00867,POC
ACT013675,O01049,Email
ACT013676,O03474,Workshop
ACT013677,O02979,Call
ACT013678,O00706,Demo
ACT013679,O03118,Workshop
ACT013680,O02908,POC
ACT013681,O03428,POC
ACT013682,O00767,Workshop
ACT013683,O01393,Email
ACT013684,O02045,POC
ACT013685,O01006,Call
ACT013686,O01636,Demo
ACT013687,O02818,Call
ACT013688,O01905,POC
ACT013689,O00704,POC
ACT013690,O02029,Workshop
ACT013691,O02337,Call
ACT013692,O00746,Call
ACT013693,O01802,Demo
ACT013694,O02552,Demo
ACT013695,O00959,Call
ACT013696,O00058,POC
ACT013697,O01717,Demo
ACT013698,O01453,Call
ACT013699,O00926,Email
ACT013700,O00706,Email
ACT013701,O02246,Call
ACT013702,O01150,Demo
ACT013703,O01468,POC
ACT013704,O00335,Demo
ACT013705,O00696,Workshop
ACT013706,O02491,Workshop
ACT013707,O00192,Workshop
ACT013708,O00881,Call
ACT013709,O03038,Workshop
ACT013710,O02124,Email
ACT013711,O01141,POC
ACT013712,O01601,Demo
ACT013713,O00554,Call
ACT013714,O02247,Workshop
ACT013715,O02192,Email
ACT013716,O02998,Call
ACT013717,O02269,Email
ACT013718,O03130,Email
ACT013719,O01647,Demo
ACT013720,O03244,Call
ACT013721,O01814,Demo
ACT013722,O01398,Call
ACT013723,O01436,Email
ACT013724,O01819,Call
ACT013725,O02737,Call
ACT013726,O01735,Demo
ACT013727,O00101,POC
ACT013728,O02574,Workshop
ACT013729,O03139,Demo
ACT013730,O02028,Demo
ACT013731,O00236,Call
ACT013732,O01721,Call
ACT013733,O01365,Workshop
ACT013734,O00573,Call
ACT013735,O01553,Call
ACT013736,O01024,POC
ACT013737,O02194,Workshop
ACT013738,O00316,Call
ACT013739,O02282,Workshop
ACT013740,O02249,POC
ACT013741,O00047,Email
ACT013742,O02894,Workshop
ACT013743,O02865,Call
ACT013744,O00394,Demo
ACT013745,O01923,Demo
ACT013746,O02969,Call
ACT013747,O03221,Email
ACT013748,O00433,Call
ACT013749,O02387,Call
ACT013750,O01317,Workshop
ACT013751,O00218,Email
ACT013752,O01350,POC
ACT013753,O01410,Workshop
ACT013754,O01773,Workshop
ACT013755,O00645,Email
ACT013756,O03083,Email
ACT013757,O01474,POC
ACT013758,O02395,Call
ACT013759,O00278,Workshop
ACT013760,O01124,Demo
ACT013761,O02746,Demo
ACT013762,O02023,Call
ACT013763,O02991,Workshop
ACT013764,O02293,Demo
ACT013765,O00006,Email
ACT013766,O01120,Email
ACT013767,O00159,Workshop
ACT013768,O00145,Workshop
ACT013769,O02077,Demo
ACT013770,O01607,Email
ACT013771,O02911,POC
ACT013772,O00660,Call
ACT013773,O01856,POC
ACT013774,O02411,Email
ACT013775,O00315,Demo
ACT013776,O03495,POC
ACT013777,O00854,Workshop
ACT013778,O00094,Demo
ACT013779,O02153,POC
ACT013780,O03492,Demo
ACT013781,O03468,POC
ACT013782,O02735,Demo
ACT013783,O00291,Email
ACT013784,O02435,Email
ACT013785,O00659,POC
ACT013786,O02095,Workshop
ACT013787,O00102,Call
ACT013788,O02642,POC
ACT013789,O01442,Email
ACT013790,O02075,POC
ACT013791,O00335,Call
ACT013792,O00963,Demo
ACT013793,O03078,Call
ACT013794,O02744,Demo
ACT013795,O01359,Demo
ACT013796,O01525,Workshop
ACT013797,O00201,POC
ACT013798,O00454,Demo
ACT013799,O03027,Call
ACT013800,O01103,Demo
ACT013801,O03289,Call
ACT013802,O01196,Email
ACT013803,O01825,Demo
ACT013804,O02458,Workshop
ACT013805,O02111,POC
ACT013806,O00923,Call
ACT013807,O03413,POC
ACT013808,O01240,Email
ACT013809,O03240,Call
ACT013810,O02367,Demo
ACT013811,O01130,Email
ACT013812,O00466,Demo
ACT013813,O00035,Email
ACT013814,O03191,POC
ACT013815,O03303,POC
ACT013816,O01843,Workshop
ACT013817,O00063,Workshop
ACT013818,O01565,Demo
ACT013819,O00458,Demo
ACT013820,O03178,Demo
ACT013821,O01216,POC
ACT013822,O01951,Workshop
ACT013823,O03164,Demo
ACT013824,O00851,Call
ACT013825,O01338,Demo
ACT013826,O02999,Workshop
ACT013827,O01504,POC
ACT013828,O00920,Workshop
ACT013829,O01532,Demo
ACT013830,O02633,Email
ACT013831,O01121,Call
ACT013832,O01777,Email
ACT013833,O00761,POC
ACT013834,O02659,Email
ACT013835,O01392,Demo
ACT013836,O01333,Email
ACT013837,O00708,Workshop
ACT013838,O00821,Email
ACT013839,O03157,Workshop
ACT013840,O01606,POC
ACT013841,O00828,Workshop
ACT013842,O01808,Workshop
ACT013843,O02009,Demo
ACT013844,O03412,POC
ACT013845,O01858,Demo
ACT013846,O01185,Workshop
ACT013847,O00342,Workshop
ACT013848,O02965,Demo
ACT013849,O00903,Email
ACT013850,O00537,Email
ACT013851,O02399,POC
ACT013852,O02418,POC
ACT013853,O00778,Call
ACT013854,O00575,Workshop
ACT013855,O02603,Email
ACT013856,O01865,Email
ACT013857,O02510,Workshop
ACT013858,O00399,Demo
ACT013859,O02437,Demo
ACT013860,O03071,Workshop
ACT013861,O00526,Call
ACT013862,O01592,Demo
ACT013863,O00380,Email
ACT013864,O02109,Workshop
ACT013865,O02327,Demo
ACT013866,O00781,Demo
ACT013867,O03298,Call
ACT013868,O03016,Workshop
ACT013869,O02160,Demo
ACT013870,O00633,Call
ACT013871,O00392,Workshop
ACT013872,O02260,POC
ACT013873,O01919,POC
ACT013874,O03172,POC
ACT013875,O01763,POC
ACT013876,O00726,POC
ACT013877,O00167,Demo
ACT013878,O02480,Workshop
ACT013879,O03316,Demo
ACT013880,O00984,Workshop
ACT013881,O01212,Demo
ACT013882,O01336,POC
ACT013883,O00059,Call
ACT013884,O02786,Email
ACT013885,O01270,Demo
ACT013886,O03417,POC
ACT013887,O03166,Workshop
ACT013888,O02252,Demo
ACT013889,O01035,Demo
ACT013890,O01020,Call
ACT013891,O01583,Demo
ACT013892,O00015,Demo
ACT013893,O02579,Call
ACT013894,O01038,Demo
ACT013895,O02426,Call
ACT013896,O01996,Workshop
ACT013897,O01393,Demo
ACT013898,O01971,Call
ACT013899,O02291,Email
ACT013900,O00806,Workshop
ACT013901,O00224,Call
ACT013902,O00849,Email
ACT013903,O03316,Email
ACT013904,O03452,Email
ACT013905,O01186,POC
ACT013906,O02916,POC
ACT013907,O02798,Email
ACT013908,O03236,Email
ACT013909,O01732,Call
ACT013910,O00687,Call
ACT013911,O01994,Call
ACT013912,O01490,Call
ACT013913,O01484,Demo
ACT013914,O02258,Email
ACT013915,O02845,Demo
ACT013916,O01671,Call
ACT013917,O01632,Email
ACT013918,O01653,Demo
ACT013919,O03237,POC
ACT013920,O01147,POC
ACT013921,O02306,Call
ACT013922,O01160,POC
ACT013923,O02012,Workshop
ACT013924,O02198,POC
ACT013925,O01708,Demo
ACT013926,O03369,Call
ACT013927,O03409,POC
ACT013928,O03237,Demo
ACT013929,O01622,Demo
ACT013930,O02263,Demo
ACT013931,O00112,Demo
ACT013932,O01233,POC
ACT013933,O00212,Workshop
ACT013934,O00047,Demo
ACT013935,O02335,POC
ACT013936,O01364,Email
ACT013937,O00953,Call
ACT013938,O02293,POC
ACT013939,O01931,Demo
ACT013940,O02468,Workshop
ACT013941,O01393,Call
ACT013942,O01326,Call
ACT013943,O02204,Workshop
ACT013944,O02389,Demo
ACT013945,O01137,Call
ACT013946,O01040,Demo
ACT013947,O02520,Call
ACT013948,O00643,Email
ACT013949,O03323,Workshop
ACT013950,O02862,Call
ACT013951,O03109,Email
ACT013952,O00749,POC
ACT013953,O01540,POC
ACT013954,O02081,Email
ACT013955,O03278,Call
ACT013956,O00591,Call
ACT013957,O03497,Workshop
ACT013958,O02973,POC
ACT013959,O00287,Demo
ACT013960,O03353,Demo
ACT013961,O00024,Call
ACT013962,O01210,POC
ACT013963,O01798,Workshop
ACT013964,O00242,Call
ACT013965,O00608,Demo
ACT013966,O02807,Demo
ACT013967,O00886,Workshop
ACT013968,O02407,Call
ACT013969,O02461,Demo
ACT013970,O01238,Call
ACT013971,O00732,Workshop
ACT013972,O02095,Demo
ACT013973,O02224,Email
ACT013974,O02443,POC
ACT013975,O01981,Workshop
ACT013976,O02702,POC
ACT013977,O02929,POC
ACT013978,O00214,Email
ACT013979,O02534,Call
ACT013980,O02192,Workshop
ACT013981,O02055,Email
ACT013982,O00497,Call
ACT013983,O00260,Call
ACT013984,O02813,POC
ACT013985,O00748,POC
ACT013986,O03264,POC
ACT013987,O00961,Email
ACT013988,O00815,Call
ACT013989,O02726,Demo
ACT013990,O02769,Email
ACT013991,O01544,POC
ACT013992,O01851,Email
ACT013993,O01388,POC
ACT013994,O02613,Workshop
ACT013995,O00701,Workshop
ACT013996,O01062,Call
ACT013997,O03431,Demo
ACT013998,O02889,Workshop
ACT013999,O01584,Demo
ACT014000,O00820,POC
ACT014001,O00823,POC
ACT014002,O03308,Email
ACT014003,O02325,Demo
ACT014004,O03079,Call
ACT014005,O01825,Call
ACT014006,O02304,POC
ACT014007,O01558,Workshop
ACT014008,O02366,Email
ACT014009,O03012,Workshop
ACT014010,O02162,Call
ACT014011,O01138,Demo
ACT014012,O03258,Email
ACT014013,O02836,Call
ACT014014,O01490,Workshop
ACT014015,O03207,Call
ACT014016,O00813,Email
ACT014017,O03072,Workshop
ACT014018,O00191,Workshop
ACT014019,O00276,Email
ACT014020,O03149,POC
ACT014021,O01161,POC
ACT014022,O02593,Call
ACT014023,O00134,Workshop
ACT014024,O01878,POC
ACT014025,O02228,Demo
ACT014026,O01167,POC
ACT014027,O01577,Workshop
ACT014028,O01204,Demo
ACT014029,O00947,Workshop
ACT014030,O00409,Email
ACT014031,O02430,POC
ACT014032,O02558,Call
ACT014033,O01289,Call
ACT014034,O02186,Demo
ACT014035,O01775,POC
ACT014036,O01480,Call
ACT014037,O03279,Demo
ACT014038,O01250,POC
ACT014039,O02274,POC
ACT014040,O01598,Workshop
ACT014041,O02292,POC
ACT014042,O02726,Call
ACT014043,O00204,Email
ACT014044,O01138,Workshop
ACT014045,O00654,Call
ACT014046,O01156,Email
ACT014047,O00757,POC
ACT014048,O01232,Call
ACT014049,O01342,Demo
ACT014050,O00602,POC
ACT014051,O00709,Workshop
ACT014052,O00413,Demo
ACT014053,O03129,Email
ACT014054,O00704,POC
ACT014055,O02783,Demo
ACT014056,O02540,Call
ACT014057,O01443,Email
ACT014058,O03314,POC
ACT014059,O01470,Workshop
ACT014060,O02453,Email
ACT014061,O00507,Demo
ACT014062,O01318,Workshop
ACT014063,O01340,Call
ACT014064,O01014,Email
ACT014065,O02502,Workshop
ACT014066,O01146,Call
ACT014067,O01389,Call
ACT014068,O02792,Email
ACT014069,O01260,Email
ACT014070,O01867,Email
ACT014071,O03194,Call
ACT014072,O00305,POC
ACT014073,O02635,Demo
ACT014074,O01115,Demo
ACT014075,O00968,Email
ACT014076,O03333,POC
ACT014077,O00271,Call
ACT014078,O01626,Email
ACT014079,O01322,Demo
ACT014080,O01406,POC
ACT014081,O01636,Workshop
ACT014082,O01417,Email
ACT014083,O01978,Workshop
ACT014084,O02642,Call
ACT014085,O01381,Demo
ACT014086,O01358,Email
ACT014087,O01878,POC
ACT014088,O01257,Email
ACT014089,O00756,Email
ACT014090,O01917,Workshop
ACT014091,O02003,Call
ACT014092,O02952,Email
ACT014093,O00569,Email
ACT014094,O01611,Workshop
ACT014095,O03317,Call
ACT014096,O02143,POC
ACT014097,O00247,Call
ACT014098,O01081,Call
ACT014099,O00208,Demo
ACT014100,O01982,Demo
ACT014101,O00656,Demo
ACT014102,O02598,Demo
ACT014103,O02820,Call
ACT014104,O03314,Workshop
ACT014105,O02743,Workshop
ACT014106,O01493,Workshop
ACT014107,O02701,Email
ACT014108,O01949,Call
ACT014109,O01056,Call
ACT014110,O00188,Demo
ACT014111,O00098,POC
ACT014112,O00299,Email
ACT014113,O02742,Call
ACT014114,O02743,POC
ACT014115,O00022,POC
ACT014116,O00348,Demo
ACT014117,O01243,Demo
ACT014118,O00765,Workshop
ACT014119,O00156,Call
ACT014120,O02813,Call
ACT014121,O01693,Demo
ACT014122,O01330,Workshop
ACT014123,O00537,POC
ACT014124,O03353,Call
ACT014125,O03500,Email
ACT014126,O01882,Workshop
ACT014127,O00057,Workshop
ACT014128,O01750,Demo
ACT014129,O03383,POC
ACT014130,O01341,POC
ACT014131,O02824,Workshop
ACT014132,O00122,Call
ACT014133,O00324,POC
ACT014134,O02950,Call
ACT014135,O03058,Demo
ACT014136,O02483,Workshop
ACT014137,O03383,Email
ACT014138,O03265,Workshop
ACT014139,O00913,Email
ACT014140,O02407,Email
ACT014141,O01884,Call
ACT014142,O03433,Email
ACT014143,O00224,Demo
ACT014144,O01539,Workshop
ACT014145,O00727,Call
ACT014146,O02249,POC
ACT014147,O03157,POC
ACT014148,O00565,Call
ACT014149,O01184,Demo
ACT014150,O02537,Workshop
ACT014151,O01451,Email
ACT014152,O03424,POC
ACT014153,O03124,Demo
ACT014154,O01117,Demo
ACT014155,O02588,POC
ACT014156,O03348,Call
ACT014157,O00344,Demo
ACT014158,O02800,Workshop
ACT014159,O03237,Call
ACT014160,O01885,Call
ACT014161,O01955,Demo
ACT014162,O02444,Call
ACT014163,O01547,POC
ACT014164,O02523,POC
ACT014165,O01918,Call
ACT014166,O02540,Demo
ACT014167,O00126,Workshop
ACT014168,O03208,Demo
ACT014169,O01137,Demo
ACT014170,O02575,POC
ACT014171,O01332,Demo
ACT014172,O01170,POC
ACT014173,O01605,Demo
ACT014174,O02589,Workshop
ACT014175,O03447,Workshop
ACT014176,O02941,Workshop
ACT014177,O03232,POC
ACT014178,O03424,Call
ACT014179,O01871,Workshop
ACT014180,O00116,Workshop
ACT014181,O02677,POC
ACT014182,O03245,Email
ACT014183,O00872,POC
ACT014184,O01994,Workshop
ACT014185,O02226,Workshop
ACT014186,O00323,Call
ACT014187,O02418,Call
ACT014188,O02971,POC
ACT014189,O02707,Demo
ACT014190,O02650,Demo
ACT014191,O02375,Call
ACT014192,O03026,Demo
ACT014193,O00994,Email
ACT014194,O02093,Call
ACT014195,O00031,POC
ACT014196,O00775,Workshop
ACT014197,O01090,Email
ACT014198,O03002,Demo
ACT014199,O01993,Call
ACT014200,O01717,Email
ACT014201,O02069,Workshop
ACT014202,O01249,Demo
ACT014203,O02360,Demo
ACT014204,O02669,Demo
ACT014205,O01857,Call
ACT014206,O02506,POC
ACT014207,O01542,Call
ACT014208,O02846,Call
ACT014209,O00112,POC
ACT014210,O01306,POC
ACT014211,O01969,Workshop
ACT014212,O02683,POC
ACT014213,O01238,Call
ACT014214,O00251,Call
ACT014215,O02092,Workshop
ACT014216,O01410,Email
ACT014217,O00620,Email
ACT014218,O01197,Email
ACT014219,O01617,Workshop
ACT014220,O02635,Demo
ACT014221,O00944,POC
ACT014222,O02795,Workshop
ACT014223,O03328,Email
ACT014224,O03002,Email
ACT014225,O00069,Email
ACT014226,O02161,Call
ACT014227,O01692,Email
ACT014228,O00507,Demo
ACT014229,O01598,POC
ACT014230,O02473,Demo
ACT014231,O00564,Email
ACT014232,O01500,Email
ACT014233,O00948,Workshop
ACT014234,O00990,Email
ACT014235,O02493,POC
ACT014236,O02258,POC
ACT014237,O03364,Email
ACT014238,O02778,Email
ACT014239,O00881,Demo
ACT014240,O02194,Workshop
ACT014241,O00828,Demo
ACT014242,O02576,Call
ACT014243,O03290,Call
ACT014244,O01694,Call
ACT014245,O00414,Call
ACT014246,O00756,Demo
ACT014247,O02967,Email
ACT014248,O00034,Demo
ACT014249,O02119,Email
ACT014250,O01641,Demo
ACT014251,O01169,Call
ACT014252,O01094,Email
ACT014253,O01507,Workshop
ACT014254,O01922,Workshop
ACT014255,O03236,Demo
ACT014256,O01786,Call
ACT014257,O01631,POC
ACT014258,O00211,POC
ACT014259,O00577,POC
ACT014260,O00661,Call
ACT014261,O01681,Demo
ACT014262,O01029,Email
ACT014263,O02661,POC
ACT014264,O03353,Email
ACT014265,O01473,POC
ACT014266,O02930,Workshop
ACT014267,O02878,POC
ACT014268,O00341,Call
ACT014269,O02666,Call
ACT014270,O00773,Demo
ACT014271,O00353,Call
ACT014272,O03311,Call
ACT014273,O02223,Workshop
ACT014274,O00288,Workshop
ACT014275,O00888,Workshop
ACT014276,O00126,Workshop
ACT014277,O01740,POC
ACT014278,O01263,Workshop
ACT014279,O02969,Call
ACT014280,O02484,Email
ACT014281,O02137,POC
ACT014282,O00327,POC
ACT014283,O02766,Demo
ACT014284,O02998,Email
ACT014285,O00299,Demo
ACT014286,O02589,Workshop
ACT014287,O01561,POC
ACT014288,O00707,Workshop
ACT014289,O00651,Demo
ACT014290,O01895,Email
ACT014291,O02924,POC
ACT014292,O00587,Demo
ACT014293,O00222,POC
ACT014294,O01868,POC
ACT014295,O01240,Workshop
ACT014296,O00549,POC
ACT014297,O01475,Workshop
ACT014298,O03494,Call
ACT014299,O00944,POC
ACT014300,O01967,Call
ACT014301,O02069,Demo
ACT014302,O00824,Demo
ACT014303,O02066,Email
ACT014304,O03197,Demo
ACT014305,O01598,Email
ACT014306,O01430,Workshop
ACT014307,O03322,POC
ACT014308,O02971,Workshop
ACT014309,O00438,Workshop
ACT014310,O02094,Workshop
ACT014311,O00948,Call
ACT014312,O01632,Demo
ACT014313,O02671,POC
ACT014314,O01195,Workshop
ACT014315,O02376,Email
ACT014316,O00101,Demo
ACT014317,O01439,Email
ACT014318,O02716,Workshop
ACT014319,O02928,Demo
ACT014320,O02092,Email
ACT014321,O03298,Email
ACT014322,O00320,Email
ACT014323,O00752,Email
ACT014324,O00304,POC
ACT014325,O00469,Call
ACT014326,O01046,Email
ACT014327,O01439,POC
ACT014328,O00014,Email
ACT014329,O00033,POC
ACT014330,O00741,Call
ACT014331,O01796,Demo
ACT014332,O00078,Call
ACT014333,O02738,Demo
ACT014334,O03478,Workshop
ACT014335,O02137,Demo
ACT014336,O02512,Email
ACT014337,O02447,POC
ACT014338,O00603,Workshop
ACT014339,O02037,POC
ACT014340,O01279,Demo
ACT014341,O01860,Call
ACT014342,O02863,POC
ACT014343,O00407,Demo
ACT014344,O00664,Demo
ACT014345,O01711,Demo
ACT014346,O00483,Demo
ACT014347,O01341,POC
ACT014348,O03219,Call
ACT014349,O01053,Email
ACT014350,O00373,Workshop
ACT014351,O03267,Workshop
ACT014352,O02249,Email
ACT014353,O02341,Workshop
ACT014354,O02113,POC
ACT014355,O02742,Call
ACT014356,O03271,Workshop
ACT014357,O01081,Demo
ACT014358,O01046,Workshop
ACT014359,O02087,Demo
ACT014360,O00796,POC
ACT014361,O02351,Email
ACT014362,O02981,Email
ACT014363,O01647,Workshop
ACT014364,O01851,Demo
ACT014365,O01232,Workshop
ACT014366,O00841,Call
ACT014367,O02767,Email
ACT014368,O02710,Email
ACT014369,O02825,POC
ACT014370,O00291,Demo
ACT014371,O01809,Demo
ACT014372,O03411,Demo
ACT014373,O00301,POC
ACT014374,O02454,Email
ACT014375,O02193,Call
ACT014376,O00443,Workshop
ACT014377,O00603,Email
ACT014378,O02633,Call
ACT014379,O01300,Email
ACT014380,O01300,Workshop
ACT014381,O02265,Demo
ACT014382,O01977,Email
ACT014383,O02195,Workshop
ACT014384,O00001,Workshop
ACT014385,O02716,POC
ACT014386,O00335,POC
ACT014387,O00339,Call
ACT014388,O02335,Email
ACT014389,O02815,Call
ACT014390,O02823,Demo
ACT014391,O01732,Demo
ACT014392,O03406,Email
ACT014393,O01337,Call
ACT014394,O02951,Workshop
ACT014395,O02013,Call
ACT014396,O02439,Email
ACT014397,O02207,Workshop
ACT014398,O03175,Workshop
ACT014399,O03457,Call
ACT014400,O02991,Email
ACT014401,O02726,Call
ACT014402,O03156,Demo
ACT014403,O01043,Call
ACT014404,O01762,POC
ACT014405,O02823,Workshop
ACT014406,O01291,POC
ACT014407,O01285,Workshop
ACT014408,O02010,Workshop
ACT014409,O02915,Email
ACT014410,O02135,POC
ACT014411,O00819,Email
ACT014412,O01809,Demo
ACT014413,O00039,Email
ACT014414,O01700,Demo
ACT014415,O02737,Workshop
ACT014416,O00213,Workshop
ACT014417,O02195,Workshop
ACT014418,O00034,Demo
ACT014419,O01198,Demo
ACT014420,O02027,Workshop
ACT014421,O03441,Workshop
ACT014422,O02181,Demo
ACT014423,O00017,Workshop
ACT014424,O02686,Call
ACT014425,O01816,Workshop
ACT014426,O03207,Call
ACT014427,O00291,Call
ACT014428,O02900,Demo
ACT014429,O01757,POC
ACT014430,O02391,Demo
ACT014431,O03005,Call
ACT014432,O00295,POC
ACT014433,O03133,Call
ACT014434,O00052,Call
ACT014435,O01296,POC
ACT014436,O02552,Email
ACT014437,O01673,Demo
ACT014438,O00773,Email
ACT014439,O03053,Workshop
ACT014440,O00221,Demo
ACT014441,O03119,POC
ACT014442,O02863,POC
ACT014443,O03453,POC
ACT014444,O01373,Email
ACT014445,O03062,POC
ACT014446,O02660,Workshop
ACT014447,O00736,POC
ACT014448,O02720,Call
ACT014449,O01851,POC
ACT014450,O02712,Workshop
ACT014451,O00536,Demo
ACT014452,O01049,Workshop
ACT014453,O01644,POC
ACT014454,O00168,Email
ACT014455,O02688,Workshop
ACT014456,O00592,Workshop
ACT014457,O00873,Demo
ACT014458,O01547,Email
ACT014459,O01036,POC
ACT014460,O01750,Demo
ACT014461,O00381,POC
ACT014462,O02330,Email
ACT014463,O03245,Demo
ACT014464,O02239,POC
ACT014465,O02068,POC
ACT014466,O03060,Workshop
ACT014467,O02377,Workshop
ACT014468,O02753,Workshop
ACT014469,O01644,Demo
ACT014470,O02175,Demo
ACT014471,O03339,Demo
ACT014472,O00202,Call
ACT014473,O02196,Email
ACT014474,O02512,POC
ACT014475,O00626,Call
ACT014476,O02845,POC
ACT014477,O00081,Call
ACT014478,O01049,Demo
ACT014479,O02329,Email
ACT014480,O00114,POC
ACT014481,O02961,POC
ACT014482,O01157,Demo
ACT014483,O02315,Email
ACT014484,O01415,POC
ACT014485,O00956,Email
ACT014486,O01751,Workshop
ACT014487,O01376,Workshop
ACT014488,O03211,Workshop
ACT014489,O00532,Workshop
ACT014490,O02135,Workshop
ACT014491,O01179,Demo
ACT014492,O01015,Email
ACT014493,O02339,Workshop
ACT014494,O02973,Call
ACT014495,O00562,Email
ACT014496,O01342,Demo
ACT014497,O00926,Demo
ACT014498,O00831,POC
ACT014499,O01123,Workshop
ACT014500,O03010,Demo
ACT014501,O01847,Demo
ACT014502,O01899,Demo
ACT014503,O01389,Demo
ACT014504,O02292,POC
ACT014505,O02323,POC
ACT014506,O00648,Workshop
ACT014507,O01158,Call
ACT014508,O03462,Email
ACT014509,O02454,Email
ACT014510,O03135,Demo
ACT014511,O03374,Call
ACT014512,O03377,Workshop
ACT014513,O02036,POC
ACT014514,O03036,Email
ACT014515,O00120,Call
ACT014516,O00141,POC
ACT014517,O01109,Call
ACT014518,O02654,POC
ACT014519,O02550,Call
ACT014520,O00987,POC
ACT014521,O03386,Demo
ACT014522,O00619,Call
ACT014523,O01070,Call
ACT014524,O02677,Call
ACT014525,O01286,POC
ACT014526,O02239,Workshop
ACT014527,O01585,Workshop
ACT014528,O00245,POC
ACT014529,O02639,Email
ACT014530,O00039,Call
ACT014531,O02953,POC
ACT014532,O03020,Email
ACT014533,O00358,Workshop
ACT014534,O02931,Email
ACT014535,O02680,Email
ACT014536,O01680,Email
ACT014537,O02881,Demo
ACT014538,O02223,Call
ACT014539,O02687,Demo
ACT014540,O02047,Email
ACT014541,O00268,Workshop
ACT014542,O02876,POC
ACT014543,O00242,Demo
ACT014544,O01491,Workshop
ACT014545,O02388,POC
ACT014546,O03244,Call
ACT014547,O00875,Email
ACT014548,O02886,Email
ACT014549,O02535,Email
ACT014550,O03094,Call
ACT014551,O01888,Email
ACT014552,O00456,Call
ACT014553,O00468,Demo
ACT014554,O00787,Call
ACT014555,O00761,Email
ACT014556,O00860,Workshop
ACT014557,O02849,Workshop
ACT014558,O01868,Workshop
ACT014559,O03428,Workshop
ACT014560,O03102,Workshop
ACT014561,O01019,Call
ACT014562,O03077,Call
ACT014563,O02587,POC
ACT014564,O03440,POC
ACT014565,O00412,POC
ACT014566,O00927,POC
ACT014567,O03397,POC
ACT014568,O01477,POC
ACT014569,O03486,Call
ACT014570,O02589,Demo
ACT014571,O01126,Email
ACT014572,O00012,POC
ACT014573,O00061,Workshop
ACT014574,O01942,Demo
ACT014575,O00772,Workshop
ACT014576,O00295,Call
ACT014577,O00455,Demo
ACT014578,O02555,Demo
ACT014579,O02322,Workshop
ACT014580,O00143,Email
ACT014581,O02195,Workshop
ACT014582,O00619,Workshop
ACT014583,O00251,Demo
ACT014584,O03216,Call
ACT014585,O00440,Email
ACT014586,O03040,Call
ACT014587,O02564,Workshop
ACT014588,O02701,Demo
ACT014589,O02768,POC
ACT014590,O01202,POC
ACT014591,O01093,Email
ACT014592,O01071,Workshop
ACT014593,O02797,Email
ACT014594,O00581,POC
ACT014595,O01905,POC
ACT014596,O01782,POC
ACT014597,O01992,Email
ACT014598,O00339,Call
ACT014599,O01742,POC
ACT014600,O01175,Call
ACT014601,O03223,POC
ACT014602,O01989,Call
ACT014603,O02343,Workshop
ACT014604,O01181,Email
ACT014605,O00420,POC
ACT014606,O03224,Email
ACT014607,O00300,POC
ACT014608,O01727,Call
ACT014609,O00488,Demo
ACT014610,O03455,POC
ACT014611,O01372,Call
ACT014612,O01140,Workshop
ACT014613,O01292,POC
ACT014614,O02990,Email
ACT014615,O01108,Workshop
ACT014616,O00218,Email
ACT014617,O01859,POC
ACT014618,O00230,POC
ACT014619,O00364,POC
ACT014620,O00206,Email
ACT014621,O01117,Demo
ACT014622,O02982,Email
ACT014623,O00758,Demo
ACT014624,O01729,POC
ACT014625,O03233,POC
ACT014626,O01212,Email
ACT014627,O00951,Demo
ACT014628,O01899,Email
ACT014629,O02584,Call
ACT014630,O02326,Workshop
ACT014631,O02272,Workshop
ACT014632,O02589,Workshop
ACT014633,O00362,Workshop
ACT014634,O01706,Call
ACT014635,O02997,POC
ACT014636,O00937,Email
ACT014637,O00852,Email
ACT014638,O01353,Workshop
ACT014639,O00057,Demo
ACT014640,O01123,POC
ACT014641,O00925,Email
ACT014642,O02380,POC
ACT014643,O02820,Call
ACT014644,O01843,POC
ACT014645,O01705,Call
ACT014646,O03272,POC
ACT014647,O02633,Demo
ACT014648,O00568,Email
ACT014649,O00013,Demo
ACT014650,O00384,Workshop
ACT014651,O02646,POC
ACT014652,O01984,Demo
ACT014653,O02169,Email
ACT014654,O02073,Call
ACT014655,O01042,Email
ACT014656,O03323,Email
ACT014657,O01083,Call
ACT014658,O02115,Demo
ACT014659,O01481,POC
ACT014660,O02280,Email
ACT014661,O01466,Call
ACT014662,O00682,Email
ACT014663,O00612,Email
ACT014664,O02622,Workshop
ACT014665,O02337,Email
ACT014666,O02782,Email
ACT014667,O01934,Workshop
ACT014668,O01102,POC
ACT014669,O02469,POC
ACT014670,O03460,POC
ACT014671,O00443,Email
ACT014672,O01085,Email
ACT014673,O00631,Call
ACT014674,O01773,Call
ACT014675,O00564,Demo
ACT014676,O01115,Demo
ACT014677,O02495,Workshop
ACT014678,O02734,Workshop
ACT014679,O01199,Demo
ACT014680,O00644,Email
ACT014681,O01480,Email
ACT014682,O00303,Call
ACT014683,O02422,POC
ACT014684,O01462,Demo
ACT014685,O03128,Workshop
ACT014686,O02015,Call
ACT014687,O01117,POC
ACT014688,O02931,Email
ACT014689,O00818,Email
ACT014690,O00536,POC
ACT014691,O01555,POC
ACT014692,O02394,Email
ACT014693,O03053,Call
ACT014694,O02509,Demo
ACT014695,O01425,Workshop
ACT014696,O00020,Workshop
ACT014697,O02617,Email
ACT014698,O00808,Workshop
ACT014699,O00140,Call
ACT014700,O00546,Workshop
ACT014701,O01915,Call
ACT014702,O02740,Email
ACT014703,O00030,Demo
ACT014704,O02174,Workshop
ACT014705,O02101,Email
ACT014706,O01019,POC
ACT014707,O02485,Call
ACT014708,O01302,Demo
ACT014709,O00170,Workshop
ACT014710,O03030,Call
ACT014711,O01214,Email
ACT014712,O00061,Email
ACT014713,O03328,Workshop
ACT014714,O00740,Email
ACT014715,O01609,Email
ACT014716,O02068,Demo
ACT014717,O02410,Call
ACT014718,O02277,Email
ACT014719,O03472,Email
ACT014720,O01093,Workshop
ACT014721,O02635,Workshop
ACT014722,O03385,Email
ACT014723,O03187,Email
ACT014724,O01183,Call
ACT014725,O03465,Workshop
ACT014726,O00804,Demo
ACT014727,O00110,Call
ACT014728,O00834,Email
ACT014729,O02133,POC
ACT014730,O02086,POC
ACT014731,O03193,Email
ACT014732,O01241,Workshop
ACT014733,O02916,POC
ACT014734,O00467,Call
ACT014735,O02994,Demo
ACT014736,O01083,Workshop
ACT014737,O01503,Workshop
ACT014738,O02834,Call
ACT014739,O02655,Workshop
ACT014740,O02741,Demo
ACT014741,O02292,Workshop
ACT014742,O00459,Email
ACT014743,O01908,Call
ACT014744,O00906,Workshop
ACT014745,O01466,Email
ACT014746,O00999,Demo
ACT014747,O03250,Call
ACT014748,O02507,POC
ACT014749,O03283,POC
ACT014750,O00417,POC
ACT014751,O00980,Workshop
ACT014752,O01530,Email
ACT014753,O01819,Workshop
ACT014754,O00610,Demo
ACT014755,O00807,POC
ACT014756,O02440,Email
ACT014757,O00103,Email
ACT014758,O01330,POC
ACT014759,O00290,POC
ACT014760,O01264,POC
ACT014761,O01198,Demo
ACT014762,O02362,Call
ACT014763,O01359,Workshop
ACT014764,O01337,Workshop
ACT014765,O01559,Call
ACT014766,O02838,Email
ACT014767,O00563,Workshop
ACT014768,O00700,Email
ACT014769,O02413,Call
ACT014770,O00710,POC
ACT014771,O00818,Workshop
ACT014772,O01718,POC
ACT014773,O02401,POC
ACT014774,O01180,Call
ACT014775,O03445,Email
ACT014776,O03318,POC
ACT014777,O01007,POC
ACT014778,O00890,Email
ACT014779,O00350,Workshop
ACT014780,O00873,Demo
ACT014781,O03137,Email
ACT014782,O00894,POC
ACT014783,O01277,Email
ACT014784,O01245,Email
ACT014785,O03441,POC
ACT014786,O02867,Call
ACT014787,O03280,Email
ACT014788,O01277,POC
ACT014789,O02935,POC
ACT014790,O02462,Demo
ACT014791,O03455,Email
ACT014792,O00925,Demo
ACT014793,O02325,Call
ACT014794,O01406,Workshop
ACT014795,O02077,Workshop
ACT014796,O01150,Call
ACT014797,O00046,Call
ACT014798,O00814,Call
ACT014799,O01855,Call
ACT014800,O02903,Email
ACT014801,O03303,Demo
ACT014802,O00381,Email
ACT014803,O00864,POC
ACT014804,O02662,Call
ACT014805,O02416,POC
ACT014806,O01020,Call
ACT014807,O00008,Email
ACT014808,O00021,POC
ACT014809,O03421,Workshop
ACT014810,O02440,Demo
ACT014811,O01636,Demo
ACT014812,O01985,Email
ACT014813,O00641,Call
ACT014814,O02522,Call
ACT014815,O01814,Call
ACT014816,O02465,Demo
ACT014817,O02534,Demo
ACT014818,O01892,Email
ACT014819,O01381,Demo
ACT014820,O01346,Call
ACT014821,O01208,Email
ACT014822,O03278,Call
ACT014823,O03343,Call
ACT014824,O02155,Demo
ACT014825,O01788,Demo
ACT014826,O01175,Workshop
ACT014827,O02288,Call
ACT014828,O00109,POC
ACT014829,O02882,Demo
ACT014830,O02775,Call
ACT014831,O03495,Email
ACT014832,O01260,Email
ACT014833,O03205,Email
ACT014834,O01092,Call
ACT014835,O03129,Call
ACT014836,O02295,Workshop
ACT014837,O02274,Demo
ACT014838,O02893,Call
ACT014839,O00439,Demo
ACT014840,O02818,POC
ACT014841,O01806,Call
ACT014842,O00716,Workshop
ACT014843,O00566,Workshop
ACT014844,O00884,Demo
ACT014845,O00611,Call
ACT014846,O03194,Email
ACT014847,O02869,Email
ACT014848,O00845,Email
ACT014849,O03254,Call
ACT014850,O01955,Demo
ACT014851,O02969,Demo
ACT014852,O01824,Workshop
ACT014853,O02571,Workshop
ACT014854,O01443,Workshop
ACT014855,O02633,POC
ACT014856,O01251,Workshop
ACT014857,O03058,Email
ACT014858,O01458,POC
ACT014859,O03132,Demo
ACT014860,O02191,Workshop
ACT014861,O02061,Call
ACT014862,O01710,Workshop
ACT014863,O02670,Call
ACT014864,O00724,Workshop
ACT014865,O01954,POC
ACT014866,O01217,POC
ACT014867,O02567,Call
ACT014868,O01157,Call
ACT014869,O01721,Email
ACT014870,O00943,Workshop
ACT014871,O00695,Demo
ACT014872,O03261,Demo
ACT014873,O01303,Email
ACT014874,O01005,Call
ACT014875,O00569,Workshop
ACT014876,O00889,POC
ACT014877,O02469,Workshop
ACT014878,O00934,Demo
ACT014879,O01757,POC
ACT014880,O00609,Call
ACT014881,O00206,Call
ACT014882,O02881,Demo
ACT014883,O03400,Demo
ACT014884,O02435,Workshop
ACT014885,O02099,POC
ACT014886,O00030,Call
ACT014887,O00217,Email
ACT014888,O01284,Demo
ACT014889,O01208,Workshop
ACT014890,O03355,POC
ACT014891,O03434,Workshop
ACT014892,O01228,Demo
ACT014893,O03011,Demo
ACT014894,O00927,Call
ACT014895,O03342,POC
ACT014896,O00682,Call
ACT014897,O03472,Email
ACT014898,O00508,Email
ACT014899,O00729,Call
ACT014900,O00586,Demo
ACT014901,O02616,POC
ACT014902,O02896,Call
ACT014903,O00984,Email
ACT014904,O01809,Email
ACT014905,O02288,Email
ACT014906,O00096,Email
ACT014907,O02076,Email
ACT014908,O03256,Demo
ACT014909,O03019,Demo
ACT014910,O01119,Demo
ACT014911,O00369,POC
ACT014912,O00434,Call
ACT014913,O01846,Workshop
ACT014914,O02509,Workshop
ACT014915,O02127,Workshop
ACT014916,O03245,Demo
ACT014917,O02021,POC
ACT014918,O02395,Workshop
ACT014919,O02460,POC
ACT014920,O00951,Workshop
ACT014921,O02975,Demo
ACT014922,O02148,Demo
ACT014923,O00841,Call
ACT014924,O01490,Workshop
ACT014925,O01927,Email
ACT014926,O00579,Demo
ACT014927,O01981,Workshop
ACT014928,O00504,Demo
ACT014929,O02953,Call
ACT014930,O03203,Call
ACT014931,O03057,Workshop
ACT014932,O02302,Workshop
ACT014933,O02418,Demo
ACT014934,O01548,Workshop
ACT014935,O00346,POC
ACT014936,O03364,Demo
ACT014937,O03344,Demo
ACT014938,O00124,Demo
ACT014939,O01805,Workshop
ACT014940,O03318,Workshop
ACT014941,O00458,Workshop
ACT014942,O02270,POC
ACT014943,O00029,Demo
ACT014944,O02294,Demo
ACT014945,O00041,Demo
ACT014946,O01855,Workshop
ACT014947,O02584,Demo
ACT014948,O02611,Demo
ACT014949,O03005,Demo
ACT014950,O01606,Email
ACT014951,O00652,POC
ACT014952,O01490,Demo
ACT014953,O02047,Workshop
ACT014954,O01392,Email
ACT014955,O01221,Demo
ACT014956,O02107,Email
ACT014957,O01652,POC
ACT014958,O01601,Call
ACT014959,O01570,Workshop
ACT014960,O00399,Email
ACT014961,O01416,Workshop
ACT014962,O00121,POC
ACT014963,O02631,Call
ACT014964,O01858,Email
ACT014965,O03054,POC
ACT014966,O01555,POC
ACT014967,O02292,POC
ACT014968,O01793,Email
ACT014969,O02781,Workshop
ACT014970,O00399,Demo
ACT014971,O01210,POC
ACT014972,O02559,Call
ACT014973,O01290,Email
ACT014974,O00396,Workshop
ACT014975,O01453,POC
ACT014976,O00370,Email
ACT014977,O00164,Workshop
ACT014978,O00562,Demo
ACT014979,O01789,Call
ACT014980,O00629,Call
ACT014981,O03469,POC
ACT014982,O00313,Email
ACT014983,O00988,Call
ACT014984,O01538,POC
ACT014985,O02410,Email
ACT014986,O01172,Demo
ACT014987,O01681,Workshop
ACT014988,O02132,Call
ACT014989,O01598,Demo
ACT014990,O03378,Demo
ACT014991,O01293,Workshop
ACT014992,O00926,Email
ACT014993,O02739,Email
ACT014994,O01604,Call
ACT014995,O00234,Call
ACT014996,O01648,Email
ACT014997,O00169,Call
ACT014998,O00563,Workshop
ACT014999,O01847,Workshop
ACT015000,O00818,Workshop
ACT015001,O02108,Demo
ACT015002,O01479,POC
ACT015003,O00219,POC
ACT015004,O02445,Demo
ACT015005,O01869,Call
ACT015006,O00977,POC
ACT015007,O00410,Call
ACT015008,O02294,Workshop
ACT015009,O01956,Email
ACT015010,O00142,Demo
ACT015011,O00375,Call
ACT015012,O00872,POC
ACT015013,O01232,Workshop
ACT015014,O01748,Call
ACT015015,O00226,Demo
ACT015016,O00713,Email
ACT015017,O03433,Call
ACT015018,O00238,Call
ACT015019,O01862,Workshop
ACT015020,O01757,Email
ACT015021,O03161,Email
ACT015022,O01358,Call
ACT015023,O03101,Call
ACT015024,O02829,POC
ACT015025,O02523,Workshop
ACT015026,O02092,POC
ACT015027,O01217,Workshop
ACT015028,O01325,Email
ACT015029,O02025,Call
ACT015030,O02617,Email
ACT015031,O00169,Demo
ACT015032,O02343,Workshop
ACT015033,O01022,Email
ACT015034,O00799,Workshop
ACT015035,O00705,Workshop
ACT015036,O01987,Email
ACT015037,O00235,Email
ACT015038,O02747,POC
ACT015039,O01914,Email
ACT015040,O00577,Email
ACT015041,O02725,Call
ACT015042,O01738,Call
ACT015043,O01726,Email
ACT015044,O01083,Email
ACT015045,O02633,Workshop
ACT015046,O01513,POC
ACT015047,O03095,Workshop
ACT015048,O01836,POC
ACT015049,O01054,Call
ACT015050,O02602,POC
ACT015051,O01380,Workshop
ACT015052,O00497,POC
ACT015053,O02338,Workshop
ACT015054,O02117,POC
ACT015055,O03208,Workshop
ACT015056,O02987,Call
ACT015057,O00621,Call
ACT015058,O02292,Demo
ACT015059,O03001,Demo
ACT015060,O02875,Workshop
ACT015061,O01195,Email
ACT015062,O01695,Email
ACT015063,O00978,Call
ACT015064,O02684,POC
ACT015065,O03036,POC
ACT015066,O02224,Call
ACT015067,O02844,Call
ACT015068,O01267,Call
ACT015069,O00188,POC
ACT015070,O00620,Demo
ACT015071,O01584,POC
ACT015072,O02468,Demo
ACT015073,O01089,POC
ACT015074,O02522,Call
ACT015075,O02294,Email
ACT015076,O01330,Demo
ACT015077,O02293,Workshop
ACT015078,O00520,Workshop
ACT015079,O01082,Workshop
ACT015080,O02828,POC
ACT015081,O02428,Workshop
ACT015082,O02061,POC
ACT015083,O00660,Call
ACT015084,O02483,Demo
ACT015085,O00998,Call
ACT015086,O01469,Email
ACT015087,O00605,Workshop
ACT015088,O02409,Demo
ACT015089,O02742,POC
ACT015090,O02311,Email
ACT015091,O02530,Call
ACT015092,O00725,Workshop
ACT015093,O01731,Workshop
ACT015094,O03141,Call
ACT015095,O00170,Demo
ACT015096,O01860,POC
ACT015097,O02019,POC
ACT015098,O02672,Email
ACT015099,O00296,POC
ACT015100,O00837,Email
ACT015101,O03220,Email
ACT015102,O02790,Email
ACT015103,O02485,Call
ACT015104,O01997,POC
ACT015105,O00620,Demo
ACT015106,O03170,Call
ACT015107,O01170,Demo
ACT015108,O01220,Workshop
ACT015109,O02343,Demo
ACT015110,O02753,Demo
ACT015111,O03391,Demo
ACT015112,O03181,POC
ACT015113,O01800,Email
ACT015114,O00883,Email
ACT015115,O00772,Call
ACT015116,O00666,Email
ACT015117,O02212,POC
ACT015118,O02868,POC
ACT015119,O01704,Workshop
ACT015120,O01062,Workshop
ACT015121,O01615,Email
ACT015122,O00933,Workshop
ACT015123,O01413,Workshop
ACT015124,O01382,Workshop
ACT015125,O03340,Workshop
ACT015126,O02104,Call
ACT015127,O02572,Email
ACT015128,O01422,Demo
ACT015129,O01062,Call
ACT015130,O00338,Demo
ACT015131,O00073,Call
ACT015132,O02179,Email
ACT015133,O02605,Call
ACT015134,O00632,POC
ACT015135,O03452,POC
ACT015136,O00993,Email
ACT015137,O01126,Call
ACT015138,O00578,Call
ACT015139,O02429,Call
ACT015140,O02873,Workshop
ACT015141,O02208,Workshop
ACT015142,O03078,Email
ACT015143,O01516,Demo
ACT015144,O02722,Email
ACT015145,O01238,Demo
ACT015146,O02965,Call
ACT015147,O02623,Email
ACT015148,O03132,Call
ACT015149,O01911,Email
ACT015150,O02728,Email
ACT015151,O00807,POC
ACT015152,O00545,Demo
ACT015153,O01513,Email
ACT015154,O01894,POC
ACT015155,O01871,POC
ACT015156,O01334,Demo
ACT015157,O03126,POC
ACT015158,O01480,POC
ACT015159,O01840,Workshop
ACT015160,O01358,Demo
ACT015161,O00601,Call
ACT015162,O03057,Workshop
ACT015163,O03365,Call
ACT015164,O02546,Demo
ACT015165,O02261,POC
ACT015166,O00779,Call
ACT015167,O02956,Call
ACT015168,O02269,Email
ACT015169,O02455,Demo
ACT015170,O03113,Demo
ACT015171,O02004,Call
ACT015172,O03221,POC
ACT015173,O01439,Workshop
ACT015174,O00858,Call
ACT015175,O03192,Demo
ACT015176,O00858,Call
ACT015177,O02481,POC
ACT015178,O01595,Call
ACT015179,O01792,POC
ACT015180,O01305,Demo
ACT015181,O02800,Email
ACT015182,O00985,Email
ACT015183,O01876,Demo
ACT015184,O02734,Email
ACT015185,O01296,Call
ACT015186,O03000,Workshop
ACT015187,O01933,Call
ACT015188,O03111,Call
ACT015189,O00151,POC
ACT015190,O02378,Call
ACT015191,O01362,Demo
ACT015192,O03179,Demo
ACT015193,O00202,Email
ACT015194,O02536,Email
ACT015195,O00690,Email
ACT015196,O02157,Demo
ACT015197,O03174,Demo
ACT015198,O02447,Workshop
ACT015199,O00192,Demo
ACT015200,O01485,Call
ACT015201,O02754,Call
ACT015202,O02932,Call
ACT015203,O03125,Workshop
ACT015204,O01573,Demo
ACT015205,O00040,Workshop
ACT015206,O03166,Call
ACT015207,O02531,Call
ACT015208,O02269,Demo
ACT015209,O00022,Workshop
ACT015210,O01603,Workshop
ACT015211,O02481,Call
ACT015212,O00378,Email
ACT015213,O00078,POC
ACT015214,O02613,Workshop
ACT015215,O00800,Demo
ACT015216,O00209,Workshop
ACT015217,O01552,Email
ACT015218,O02682,POC
ACT015219,O02804,Workshop
ACT015220,O01541,POC
ACT015221,O02947,Call
ACT015222,O02923,Workshop
ACT015223,O00879,Email
ACT015224,O01893,Workshop
ACT015225,O03057,Demo
ACT015226,O00495,Call
ACT015227,O00524,Call
ACT015228,O00041,Call
ACT015229,O03393,Call
ACT015230,O00154,Email
ACT015231,O03131,Demo
ACT015232,O03161,Demo
ACT015233,O02518,Demo
ACT015234,O00768,Call
ACT015235,O00640,Demo
ACT015236,O02597,Demo
ACT015237,O03321,POC
ACT015238,O01022,Demo
ACT015239,O02750,Email
ACT015240,O01733,Demo
ACT015241,O03168,Workshop
ACT015242,O02551,Workshop
ACT015243,O00069,Workshop
ACT015244,O02095,Workshop
ACT015245,O02162,Email
ACT015246,O00396,Workshop
ACT015247,O00080,Email
ACT015248,O03500,Workshop
ACT015249,O00180,Workshop
ACT015250,O02214,Email
ACT015251,O03431,Demo
ACT015252,O02902,Workshop
ACT015253,O02261,POC
ACT015254,O00313,Email
ACT015255,O01117,Email
ACT015256,O00427,Workshop
ACT015257,O00041,POC
ACT015258,O01863,Email
ACT015259,O01800,Email
ACT015260,O00051,Demo
ACT015261,O03114,Call
ACT015262,O00534,Call
ACT015263,O00852,POC
ACT015264,O01635,Email
ACT015265,O01043,POC
ACT015266,O02051,POC
ACT015267,O02852,Call
ACT015268,O00201,Demo
ACT015269,O00181,Email
ACT015270,O03201,Workshop
ACT015271,O00535,Call
ACT015272,O00305,Workshop
ACT015273,O00505,POC
ACT015274,O02747,Email
ACT015275,O00166,Call
ACT015276,O01702,Workshop
ACT015277,O02453,Call
ACT015278,O01027,Demo
ACT015279,O02983,Call
ACT015280,O01414,Email
ACT015281,O03267,Workshop
ACT015282,O00905,Workshop
ACT015283,O02122,POC
ACT015284,O03288,Demo
ACT015285,O00567,Call
ACT015286,O02958,POC
ACT015287,O02464,Call
ACT015288,O02272,POC
ACT015289,O00172,Demo
ACT015290,O00939,Call
ACT015291,O01682,Demo
ACT015292,O01973,Workshop
ACT015293,O02085,Demo
ACT015294,O01372,Call
ACT015295,O01863,Call
ACT015296,O02071,Email
ACT015297,O00068,Email
ACT015298,O03000,Workshop
ACT015299,O03185,Workshop
ACT015300,O01331,Email
ACT015301,O02711,POC
ACT015302,O00001,Call
ACT015303,O01585,Email
ACT015304,O00541,Demo
ACT015305,O03220,Call
ACT015306,O03170,Call
ACT015307,O00079,Demo
ACT015308,O02036,Demo
ACT015309,O01517,Call
ACT015310,O02041,POC
ACT015311,O01076,Call
ACT015312,O03033,Email
ACT015313,O00394,POC
ACT015314,O01404,Workshop
ACT015315,O01222,Call
ACT015316,O00067,Call
ACT015317,O01867,Call
ACT015318,O01211,Demo
ACT015319,O01201,Demo
ACT015320,O01846,Demo
ACT015321,O00913,Call
ACT015322,O00963,Call
ACT015323,O02349,Email
ACT015324,O02752,Email
ACT015325,O01631,Email
ACT015326,O00729,Workshop
ACT015327,O01226,Workshop
ACT015328,O02872,Call
ACT015329,O01563,Call
ACT015330,O03391,Demo
ACT015331,O00552,POC
ACT015332,O01218,Demo
ACT015333,O00316,Demo
ACT015334,O01487,POC
ACT015335,O01799,Call
ACT015336,O01112,Workshop
ACT015337,O00305,Call
ACT015338,O01219,Demo
ACT015339,O03073,Call
ACT015340,O00778,POC
ACT015341,O01062,Demo
ACT015342,O01623,Workshop
ACT015343,O00570,Workshop
ACT015344,O01213,Workshop
ACT015345,O02656,Email
ACT015346,O02243,Workshop
ACT015347,O01945,Workshop
ACT015348,O03347,Demo
ACT015349,O02364,Email
ACT015350,O00715,POC
ACT015351,O01779,Email
ACT015352,O00329,Email
ACT015353,O00864,Demo
ACT015354,O02756,POC
ACT015355,O00280,POC
ACT015356,O00895,Call
ACT015357,O00010,POC
ACT015358,O02996,Demo
ACT015359,O01589,Workshop
ACT015360,O00056,Email
ACT015361,O00757,POC
ACT015362,O03301,Workshop
ACT015363,O02090,Call
ACT015364,O01519,Demo
ACT015365,O00609,Workshop
ACT015366,O02389,POC
ACT015367,O02440,Call
ACT015368,O01837,POC
ACT015369,O03143,Demo
ACT015370,O02108,Call
ACT015371,O02913,Workshop
ACT015372,O02619,Email
ACT015373,O01389,POC
ACT015374,O00971,POC
ACT015375,O00652,Email
ACT015376,O01334,Call
ACT015377,O00455,Workshop
ACT015378,O02411,Workshop
ACT015379,O00569,Workshop
ACT015380,O01891,Call
ACT015381,O02647,Call
ACT015382,O00661,Workshop
ACT015383,O03465,Call
ACT015384,O01969,Demo
ACT015385,O00837,Email
ACT015386,O01713,Workshop
ACT015387,O01315,POC
ACT015388,O03332,Email
ACT015389,O02897,POC
ACT015390,O01282,Email
ACT015391,O00680,Workshop
ACT015392,O03432,Demo
ACT015393,O03186,POC
ACT015394,O02137,Email
ACT015395,O02394,Demo
ACT015396,O01647,Email
ACT015397,O00061,POC
ACT015398,O02642,Workshop
ACT015399,O03285,Workshop
ACT015400,O03402,POC
ACT015401,O00056,Email
ACT015402,O02655,Workshop
ACT015403,O01177,POC
ACT015404,O03311,Email
ACT015405,O00848,Email
ACT015406,O02676,Email
ACT015407,O02998,Call
ACT015408,O03335,POC
ACT015409,O02612,Email
ACT015410,O02526,Workshop
ACT015411,O03383,Email
ACT015412,O01306,Call
ACT015413,O03471,Call
ACT015414,O00962,Call
ACT015415,O01242,POC
ACT015416,O00559,Demo
ACT015417,O00091,Workshop
ACT015418,O02336,Demo
ACT015419,O01168,Workshop
ACT015420,O01040,Workshop
ACT015421,O00768,Demo
ACT015422,O02891,Workshop
ACT015423,O00841,Workshop
ACT015424,O00429,Workshop
ACT015425,O02842,Email
ACT015426,O00671,Demo
ACT015427,O03036,Email
ACT015428,O01893,Email
ACT015429,O01225,Demo
ACT015430,O03404,Demo
ACT015431,O02414,Workshop
ACT015432,O00974,POC
ACT015433,O03085,Demo
ACT015434,O01310,Workshop
ACT015435,O02258,Call
ACT015436,O00595,Workshop
ACT015437,O00285,Demo
ACT015438,O01674,Workshop
ACT015439,O01236,Call
ACT015440,O02126,Demo
ACT015441,O02065,Email
ACT015442,O01376,Demo
ACT015443,O02270,Workshop
ACT015444,O03389,Demo
ACT015445,O02119,POC
ACT015446,O01525,Workshop
ACT015447,O02325,Demo
ACT015448,O01511,Workshop
ACT015449,O03214,Workshop
ACT015450,O01864,POC
ACT015451,O00375,Call
ACT015452,O03458,Call
ACT015453,O01959,Call
ACT015454,O02957,Call
ACT015455,O02915,POC
ACT015456,O00963,Demo
ACT015457,O03289,Workshop
ACT015458,O00515,Email
ACT015459,O00561,POC
ACT015460,O00344,Demo
ACT015461,O02595,Email
ACT015462,O00398,Workshop
ACT015463,O03456,Workshop
ACT015464,O01788,POC
ACT015465,O02889,Workshop
ACT015466,O01987,Workshop
ACT015467,O02068,Demo
ACT015468,O00238,Workshop
ACT015469,O01131,Workshop
ACT015470,O01276,POC
ACT015471,O00355,POC
ACT015472,O02599,Workshop
ACT015473,O00971,Workshop
ACT015474,O03228,Call
ACT015475,O00967,Call
ACT015476,O01160,Call
ACT015477,O02877,Call
ACT015478,O03478,Call
ACT015479,O01454,Demo
ACT015480,O01983,POC
ACT015481,O00395,Call
ACT015482,O01449,Demo
ACT015483,O01080,POC
ACT015484,O01478,Email
ACT015485,O01573,Demo
ACT015486,O01116,Email
ACT015487,O02786,Email
ACT015488,O01845,Workshop
ACT015489,O01224,Workshop
ACT015490,O00048,POC
ACT015491,O02435,Demo
ACT015492,O00776,POC
ACT015493,O01097,Demo
ACT015494,O00408,Call
ACT015495,O00236,Email
ACT015496,O02455,Workshop
ACT015497,O01002,Email
ACT015498,O00389,Email
ACT015499,O01275,Demo
ACT015500,O00789,Workshop
ACT015501,O02524,Workshop
ACT015502,O02833,Email
ACT015503,O02336,Email
ACT015504,O00873,Demo
ACT015505,O02050,Workshop
ACT015506,O00867,POC
ACT015507,O00070,Workshop
ACT015508,O01317,POC
ACT015509,O03271,Email
ACT015510,O03375,Workshop
ACT015511,O00140,POC
ACT015512,O01479,Demo
ACT015513,O03151,Call
ACT015514,O01034,Email
ACT015515,O03094,Demo
ACT015516,O01685,Workshop
ACT015517,O02609,Email
ACT015518,O03103,POC
ACT015519,O02376,Email
ACT015520,O00404,POC
ACT015521,O01104,Demo
ACT015522,O02478,Call
ACT015523,O03340,POC
ACT015524,O02642,Call
ACT015525,O02343,Call
ACT015526,O03208,Demo
ACT015527,O01342,POC
ACT015528,O01740,POC
ACT015529,O00137,Call
ACT015530,O02664,Email
ACT015531,O00591,Workshop
ACT015532,O02161,Workshop
ACT015533,O01577,Email
ACT015534,O01078,Workshop
ACT015535,O00206,POC
ACT015536,O01483,Workshop
ACT015537,O02554,Workshop
ACT015538,O00911,Workshop
ACT015539,O02037,Call
ACT015540,O00528,Call
ACT015541,O01131,Call
ACT015542,O03314,POC
ACT015543,O02762,Email
ACT015544,O01250,Email
ACT015545,O01019,Demo
ACT015546,O03449,Demo
ACT015547,O00718,Demo
ACT015548,O01974,Workshop
ACT015549,O00563,POC
ACT015550,O02889,Call
ACT015551,O03245,POC
ACT015552,O03484,Demo
ACT015553,O02373,Demo
ACT015554,O00727,POC
ACT015555,O00658,Demo
ACT015556,O03028,Email
ACT015557,O02148,Workshop
ACT015558,O00974,Demo
ACT015559,O02808,POC
ACT015560,O01502,Call
ACT015561,O03269,POC
ACT015562,O00913,Demo
ACT015563,O02830,Demo
ACT015564,O00248,Workshop
ACT015565,O00966,Demo
ACT015566,O00869,Workshop
ACT015567,O00643,POC
ACT015568,O02797,POC
ACT015569,O01835,Workshop
ACT015570,O03347,Workshop
ACT015571,O02486,POC
ACT015572,O01906,Workshop
ACT015573,O01686,Workshop
ACT015574,O02066,Call
ACT015575,O02575,Workshop
ACT015576,O02066,Demo
ACT015577,O01064,Call
ACT015578,O00014,Demo
ACT015579,O00841,Workshop
ACT015580,O03318,Demo
ACT015581,O02787,Workshop
ACT015582,O03303,Email
ACT015583,O03103,Call
ACT015584,O02083,Email
ACT015585,O00923,Call
ACT015586,O03452,Demo
ACT015587,O00340,Call
ACT015588,O01388,Workshop
ACT015589,O02683,Call
ACT015590,O02680,Demo
ACT015591,O01999,Call
ACT015592,O01278,Email
ACT015593,O02880,POC
ACT015594,O01995,Email
ACT015595,O00686,Workshop
ACT015596,O01297,Call
ACT015597,O03211,Email
ACT015598,O01948,Demo
ACT015599,O00408,Email
ACT015600,O01547,Call
ACT015601,O03313,Workshop
ACT015602,O02565,Workshop
ACT015603,O00413,Demo
ACT015604,O02588,POC
ACT015605,O01149,Workshop
ACT015606,O01038,Workshop
ACT015607,O01593,Demo
ACT015608,O00547,POC
ACT015609,O02791,Email
ACT015610,O03343,Email
ACT015611,O02434,Email
ACT015612,O00896,POC
ACT015613,O00651,Workshop
ACT015614,O02546,POC
ACT015615,O01373,Email
ACT015616,O01184,Email
ACT015617,O00900,Demo
ACT015618,O01654,POC
ACT015619,O02824,Workshop
ACT015620,O00920,Email
ACT015621,O00273,Email
ACT015622,O01698,Workshop
ACT015623,O02440,Demo
ACT015624,O01824,Call
ACT015625,O00969,POC
ACT015626,O01963,POC
ACT015627,O02335,Workshop
ACT015628,O00584,Email
ACT015629,O01781,Email
ACT015630,O00426,Call
ACT015631,O03430,Email
ACT015632,O03425,Demo
ACT015633,O00752,Workshop
ACT015634,O00789,POC
ACT015635,O03007,Email
ACT015636,O03191,Email
ACT015637,O01233,Workshop
ACT015638,O01344,Email
ACT015639,O02622,POC
ACT015640,O02918,Demo
ACT015641,O01580,Call
ACT015642,O03311,Email
ACT015643,O00270,Email
ACT015644,O02130,Workshop
ACT015645,O02778,Demo
ACT015646,O00715,Demo
ACT015647,O00246,POC
ACT015648,O01927,Workshop
ACT015649,O01723,Call
ACT015650,O00805,Email
ACT015651,O02403,Workshop
ACT015652,O02287,POC
ACT015653,O00840,POC
ACT015654,O02474,Demo
ACT015655,O00520,Workshop
ACT015656,O00648,Demo
ACT015657,O02282,Demo
ACT015658,O03441,Email
ACT015659,O02111,Demo
ACT015660,O01101,Workshop
ACT015661,O03264,Email
ACT015662,O01324,POC
ACT015663,O03203,Call
ACT015664,O03049,POC
ACT015665,O03364,Workshop
ACT015666,O03396,Call
ACT015667,O02534,Demo
ACT015668,O02735,Call
ACT015669,O02697,Demo
ACT015670,O00609,Demo
ACT015671,O01042,Call
ACT015672,O00854,Call
ACT015673,O00492,Email
ACT015674,O02289,Email
ACT015675,O01338,POC
ACT015676,O00574,Call
ACT015677,O03070,Demo
ACT015678,O00751,Email
ACT015679,O00737,Email
ACT015680,O00796,POC
ACT015681,O01044,Workshop
ACT015682,O00841,Demo
ACT015683,O00827,Demo
ACT015684,O02351,Email
ACT015685,O00616,Email
ACT015686,O00823,Call
ACT015687,O01722,Email
ACT015688,O02307,Workshop
ACT015689,O01905,Email
ACT015690,O00445,Email
ACT015691,O02944,POC
ACT015692,O03001,Workshop
ACT015693,O02510,Demo
ACT015694,O00547,Demo
ACT015695,O02860,Email
ACT015696,O01030,Demo
ACT015697,O01072,Email
ACT015698,O02861,Demo
ACT015699,O02869,Call
ACT015700,O00880,Workshop
ACT015701,O01164,Workshop
ACT015702,O01371,Workshop
ACT015703,O01700,Workshop
ACT015704,O02315,Call
ACT015705,O02435,Email
ACT015706,O01404,Workshop
ACT015707,O01835,Call
ACT015708,O01104,Call
ACT015709,O00005,Demo
ACT015710,O00561,Demo
ACT015711,O02446,Call
ACT015712,O02566,Workshop
ACT015713,O01407,Workshop
ACT015714,O03223,Email
ACT015715,O01404,Workshop
ACT015716,O02083,POC
ACT015717,O03014,POC
ACT015718,O03467,POC
ACT015719,O01552,POC
ACT015720,O02425,Workshop
ACT015721,O01458,Demo
ACT015722,O03017,Call
ACT015723,O02382,Demo
ACT015724,O03453,Call
ACT015725,O03228,Call
ACT015726,O01384,POC
ACT015727,O01560,Call
ACT015728,O01454,Workshop
ACT015729,O00069,Demo
ACT015730,O00346,Workshop
ACT015731,O02380,Demo
ACT015732,O03056,Call
ACT015733,O03409,Workshop
ACT015734,O03386,Email
ACT015735,O03273,Email
ACT015736,O01459,Demo
ACT015737,O02609,POC
ACT015738,O02814,Email
ACT015739,O01881,Call
ACT015740,O00947,Workshop
ACT015741,O00921,Call
ACT015742,O00757,Demo
ACT015743,O00312,Demo
ACT015744,O02121,Call
ACT015745,O00823,Demo
ACT015746,O01172,Workshop
ACT015747,O02185,Email
ACT015748,O00414,Workshop
ACT015749,O00686,POC
ACT015750,O02516,Email
ACT015751,O02477,Workshop
ACT015752,O02865,Workshop
ACT015753,O01873,POC
ACT015754,O02643,Email
ACT015755,O02890,Demo
ACT015756,O00712,Call
ACT015757,O00567,POC
ACT015758,O01446,POC
ACT015759,O01356,Workshop
ACT015760,O02327,Email
ACT015761,O02005,POC
ACT015762,O03338,Workshop
ACT015763,O01369,POC
ACT015764,O01836,Email
ACT015765,O01072,Workshop
ACT015766,O01434,Workshop
ACT015767,O00350,Email
ACT015768,O03197,Demo
ACT015769,O02897,POC
ACT015770,O00465,Call
ACT015771,O01821,Workshop
ACT015772,O02135,Call
ACT015773,O02370,Workshop
ACT015774,O00374,Workshop
ACT015775,O01193,Workshop
ACT015776,O03014,Workshop
ACT015777,O03339,Call
ACT015778,O02387,POC
ACT015779,O01975,POC
ACT015780,O00722,Workshop
ACT015781,O00048,Demo
ACT015782,O01550,Email
ACT015783,O01244,POC
ACT015784,O01770,Call
ACT015785,O00111,Email
ACT015786,O03449,POC
ACT015787,O00073,Email
ACT015788,O02113,Email
ACT015789,O00645,Call
ACT015790,O01451,POC
ACT015791,O00394,Demo
ACT015792,O02380,POC
ACT015793,O02417,Email
ACT015794,O02711,Workshop
ACT015795,O02040,Workshop
ACT015796,O03166,Demo
ACT015797,O02188,Demo
ACT015798,O02555,Email
ACT015799,O02866,Call
ACT015800,O02345,Workshop
ACT015801,O00944,Demo
ACT015802,O01593,Email
ACT015803,O00329,Demo
ACT015804,O02640,Workshop
ACT015805,O00617,Workshop
ACT015806,O01163,Demo
ACT015807,O00984,Email
ACT015808,O00531,Demo
ACT015809,O02910,Email
ACT015810,O03405,POC
ACT015811,O03325,Call
ACT015812,O03378,Workshop
ACT015813,O01384,POC
ACT015814,O01546,Workshop
ACT015815,O01964,Call
ACT015816,O00902,Demo
ACT015817,O02052,Email
ACT015818,O02593,Demo
ACT015819,O03181,POC
ACT015820,O00083,POC
ACT015821,O00093,Email
ACT015822,O02467,Workshop
ACT015823,O00821,POC
ACT015824,O00851,Call
ACT015825,O02819,Email
ACT015826,O03285,Call
ACT015827,O02096,Email
ACT015828,O00640,POC
ACT015829,O01693,Call
ACT015830,O02676,Email
ACT015831,O02247,Call
ACT015832,O02701,POC
ACT015833,O02129,Workshop
ACT015834,O00816,Call
ACT015835,O00822,Call
ACT015836,O01850,POC
ACT015837,O01355,POC
ACT015838,O02832,Email
ACT015839,O01386,Workshop
ACT015840,O02583,Demo
ACT015841,O02846,POC
ACT015842,O00198,Demo
ACT015843,O01784,POC
ACT015844,O02355,Call
ACT015845,O02475,Workshop
ACT015846,O01674,Demo
ACT015847,O01439,Call
ACT015848,O01792,POC
ACT015849,O01485,Workshop
ACT015850,O03226,Call
ACT015851,O02825,Workshop
ACT015852,O02937,POC
ACT015853,O02532,Workshop
ACT015854,O01261,POC
ACT015855,O01640,Workshop
ACT015856,O03263,Email
ACT015857,O02594,POC
ACT015858,O00157,POC
ACT015859,O03018,Demo
ACT015860,O01735,Email
ACT015861,O03354,Call
ACT015862,O00548,Email
ACT015863,O00197,Email
ACT015864,O00572,Email
ACT015865,O02523,POC
ACT015866,O00286,Demo
ACT015867,O01735,Call
ACT015868,O00927,Demo
ACT015869,O00456,Workshop
ACT015870,O01414,Workshop
ACT015871,O02490,Workshop
ACT015872,O01687,POC
ACT015873,O01301,Call
ACT015874,O00924,Call
ACT015875,O02329,Email
ACT015876,O00537,POC
ACT015877,O00802,Workshop
ACT015878,O00466,Demo
ACT015879,O02835,Demo
ACT015880,O00391,Workshop
ACT015881,O01874,Call
ACT015882,O01048,Email
ACT015883,O00302,Demo
ACT015884,O01417,Call
ACT015885,O01647,POC
ACT015886,O00175,POC
ACT015887,O00751,Demo
ACT015888,O03372,Call
ACT015889,O00006,Email
ACT015890,O02044,Workshop
ACT015891,O03439,Workshop
ACT015892,O02064,POC
ACT015893,O01442,POC
ACT015894,O00975,Email
ACT015895,O00226,Demo
ACT015896,O02983,Email
ACT015897,O00177,Workshop
ACT015898,O02480,Call
ACT015899,O02181,Workshop
ACT015900,O00436,Email
ACT015901,O01292,POC
ACT015902,O01825,POC
ACT015903,O02206,POC
ACT015904,O00815,Demo
ACT015905,O01561,Call
ACT015906,O03395,Workshop
ACT015907,O01500,Demo
ACT015908,O02888,Email
ACT015909,O00143,Workshop
ACT015910,O03425,POC
ACT015911,O01150,Workshop
ACT015912,O03021,Email
ACT015913,O01081,Demo
ACT015914,O00105,Email
ACT015915,O02110,Demo
ACT015916,O03460,Email
ACT015917,O01488,Workshop
ACT015918,O02348,Workshop
ACT015919,O02278,Workshop
ACT015920,O00582,Demo
ACT015921,O02337,Demo
ACT015922,O03178,Demo
ACT015923,O02016,Workshop
ACT015924,O01977,Demo
ACT015925,O00972,Email
ACT015926,O01942,POC
ACT015927,O03055,Call
ACT015928,O00978,Email
ACT015929,O01956,Email
ACT015930,O02239,Demo
ACT015931,O01837,Workshop
ACT015932,O00952,Workshop
ACT015933,O01381,Demo
ACT015934,O01853,Workshop
ACT015935,O01124,Email
ACT015936,O02760,Demo
ACT015937,O01798,Call
ACT015938,O00244,Workshop
ACT015939,O00795,Call
ACT015940,O02360,POC
ACT015941,O00582,POC
ACT015942,O02277,POC
ACT015943,O00664,Email
ACT015944,O03181,Email
ACT015945,O01674,Workshop
ACT015946,O00613,POC
ACT015947,O01145,Demo
ACT015948,O00902,POC
ACT015949,O03412,Call
ACT015950,O02976,POC
ACT015951,O00456,Workshop
ACT015952,O02888,Demo
ACT015953,O00663,Email
ACT015954,O01870,Demo
ACT015955,O00156,Workshop
ACT015956,O02456,Demo
ACT015957,O00602,Workshop
ACT015958,O00017,Call
ACT015959,O00857,Demo
ACT015960,O01582,POC
ACT015961,O01266,Call
ACT015962,O03372,Email
ACT015963,O00988,Workshop
ACT015964,O00714,POC
ACT015965,O01207,POC
ACT015966,O01249,POC
ACT015967,O00708,POC
ACT015968,O01088,Email
ACT015969,O02481,POC
ACT015970,O02336,Demo
ACT015971,O01570,POC
ACT015972,O01431,Workshop
ACT015973,O03267,Workshop
ACT015974,O01133,Demo
ACT015975,O03246,Workshop
ACT015976,O03073,Email
ACT015977,O01877,Demo
ACT015978,O00025,POC
ACT015979,O01544,POC
ACT015980,O00414,Demo
ACT015981,O02448,POC
ACT015982,O02936,Call
ACT015983,O02479,Call
ACT015984,O01139,Workshop
ACT015985,O00082,Email
ACT015986,O01582,Workshop
ACT015987,O00227,Workshop
ACT015988,O03456,Email
ACT015989,O00699,Workshop
ACT015990,O00297,POC
ACT015991,O00646,Email
ACT015992,O02594,Demo
ACT015993,O01201,Email
ACT015994,O02184,Workshop
ACT015995,O02884,Workshop
ACT015996,O01025,Call
ACT015997,O00745,Demo
ACT015998,O02589,Workshop
ACT015999,O01696,Email
ACT016000,O01791,Call
ACT016001,O00526,Email
ACT016002,O00928,POC
ACT016003,O02948,Workshop
ACT016004,O01412,Email
ACT016005,O02489,Email
ACT016006,O02450,Email
ACT016007,O03210,POC
ACT016008,O01606,Email
ACT016009,O02986,POC
ACT016010,O01039,Email
ACT016011,O00912,Workshop
ACT016012,O01842,POC
ACT016013,O00523,Call
ACT016014,O02163,Email
ACT016015,O02696,Demo
ACT016016,O03286,Call
ACT016017,O00600,POC
ACT016018,O03067,Call
ACT016019,O00490,Demo
ACT016020,O02657,Call
ACT016021,O02042,POC
ACT016022,O02576,Workshop
ACT016023,O03446,Email
ACT016024,O01023,Call
ACT016025,O02645,Demo
ACT016026,O01638,POC
ACT016027,O03034,Call
ACT016028,O00908,Workshop
ACT016029,O02188,Call
ACT016030,O01394,POC
ACT016031,O01345,Workshop
ACT016032,O00083,Call
ACT016033,O00042,Email
ACT016034,O01482,Email
ACT016035,O00567,Call
ACT016036,O02873,Call
ACT016037,O03156,Demo
ACT016038,O03134,Call
ACT016039,O01021,Call
ACT016040,O00862,Workshop
ACT016041,O03353,Demo
ACT016042,O02682,Demo
ACT016043,O02363,Email
ACT016044,O01748,Workshop
ACT016045,O02566,POC
ACT016046,O00448,Email
ACT016047,O02115,Demo
ACT016048,O00989,Email
ACT016049,O02381,Email
ACT016050,O03345,Demo
ACT016051,O01203,Email
ACT016052,O03228,Email
ACT016053,O01905,POC
ACT016054,O03269,Email
ACT016055,O03034,POC
ACT016056,O02120,POC
ACT016057,O00766,Call
ACT016058,O02317,Demo
ACT016059,O01185,Demo
ACT016060,O01358,Demo
ACT016061,O00373,Call
ACT016062,O01206,Call
ACT016063,O02216,Workshop
ACT016064,O03184,Email
ACT016065,O00829,Demo
ACT016066,O01776,Demo
ACT016067,O03300,POC
ACT016068,O02397,Demo
ACT016069,O00836,Call
ACT016070,O02260,POC
ACT016071,O00330,Workshop
ACT016072,O02836,POC
ACT016073,O01649,Workshop
ACT016074,O01262,POC
ACT016075,O01793,Workshop
ACT016076,O01830,Email
ACT016077,O02950,Demo
ACT016078,O02418,Demo
ACT016079,O01172,Call
ACT016080,O02649,Workshop
ACT016081,O00311,POC
ACT016082,O00436,Email
ACT016083,O01710,Demo
ACT016084,O01006,Demo
ACT016085,O01651,Call
ACT016086,O03198,Workshop
ACT016087,O02777,POC
ACT016088,O00237,Email
ACT016089,O02509,Call
ACT016090,O02759,POC
ACT016091,O01082,Demo
ACT016092,O00089,Email
ACT016093,O00460,Workshop
ACT016094,O02997,Email
ACT016095,O01843,Workshop
ACT016096,O01199,POC
ACT016097,O01528,Workshop
ACT016098,O01405,Demo
ACT016099,O01120,POC
ACT016100,O00273,Email
ACT016101,O00882,Email
ACT016102,O02607,Demo
ACT016103,O02909,Email
ACT016104,O01035,Email
ACT016105,O00542,Demo
ACT016106,O00909,POC
ACT016107,O02599,Call
ACT016108,O00475,Call
ACT016109,O01974,Demo
ACT016110,O00415,Demo
ACT016111,O02321,Email
ACT016112,O02732,POC
ACT016113,O00677,Demo
ACT016114,O01962,Call
ACT016115,O01956,POC
ACT016116,O01315,Demo
ACT016117,O01446,Call
ACT016118,O03232,POC
ACT016119,O02377,Call
ACT016120,O03242,Email
ACT016121,O02884,Workshop
ACT016122,O01218,POC
ACT016123,O00612,Workshop
ACT016124,O02825,POC
ACT016125,O01425,Email
ACT016126,O01878,Workshop
ACT016127,O02234,Workshop
ACT016128,O02121,Email
ACT016129,O00594,Email
ACT016130,O01788,POC
ACT016131,O02621,Demo
ACT016132,O01991,Demo
ACT016133,O00947,Demo
ACT016134,O00865,Demo
ACT016135,O00853,Email
ACT016136,O00643,Demo
ACT016137,O02522,Email
ACT016138,O02502,POC
ACT016139,O03135,Demo
ACT016140,O01582,Email
ACT016141,O01186,Email
ACT016142,O00002,Email
ACT016143,O03261,Email
ACT016144,O01734,Workshop
ACT016145,O01304,Demo
ACT016146,O02011,Call
ACT016147,O02557,Demo
ACT016148,O01986,Workshop
ACT016149,O01509,Demo
ACT016150,O00220,Demo
ACT016151,O02885,Demo
ACT016152,O00487,Email
ACT016153,O03027,Workshop
ACT016154,O00091,Workshop
ACT016155,O00154,POC
ACT016156,O02872,Email
ACT016157,O01400,Email
ACT016158,O02878,Workshop
ACT016159,O00892,POC
ACT016160,O02831,Demo
ACT016161,O00339,Call
ACT016162,O01564,POC
ACT016163,O01227,Demo
ACT016164,O02999,POC
ACT016165,O00964,Demo
ACT016166,O00118,Call
ACT016167,O00733,Demo
ACT016168,O02137,Demo
ACT016169,O00112,POC
ACT016170,O02957,Demo
ACT016171,O03085,Workshop
ACT016172,O03228,Demo
ACT016173,O02300,Call
ACT016174,O02725,Call
ACT016175,O02133,POC
ACT016176,O03034,Workshop
ACT016177,O01278,Demo
ACT016178,O01013,Workshop
ACT016179,O00519,POC
ACT016180,O01763,Demo
ACT016181,O02699,Workshop
ACT016182,O00264,Demo
ACT016183,O02458,Workshop
ACT016184,O00673,Email
ACT016185,O01709,Call
ACT016186,O01854,POC
ACT016187,O03181,Demo
ACT016188,O02653,Call
ACT016189,O01535,Workshop
ACT016190,O00879,POC
ACT016191,O00228,POC
ACT016192,O01011,Email
ACT016193,O01130,Call
ACT016194,O02843,Demo
ACT016195,O01097,Email
ACT016196,O01391,Workshop
ACT016197,O02151,Workshop
ACT016198,O01577,Workshop
ACT016199,O03188,Workshop
ACT016200,O00282,Email
ACT016201,O01411,Email
ACT016202,O02275,Demo
ACT016203,O00112,Call
ACT016204,O02855,POC
ACT016205,O01370,Demo
ACT016206,O01838,POC
ACT016207,O00478,Demo
ACT016208,O02025,Workshop
ACT016209,O03102,Email
ACT016210,O01929,Workshop
ACT016211,O01049,Demo
ACT016212,O01259,Workshop
ACT016213,O02699,Demo
ACT016214,O02998,Call
ACT016215,O02957,POC
ACT016216,O01430,Call
ACT016217,O02221,Call
ACT016218,O01316,Call
ACT016219,O01010,Call
ACT016220,O01236,Email
ACT016221,O01841,Call
ACT016222,O02796,Call
ACT016223,O02910,POC
ACT016224,O00390,Workshop
ACT016225,O00508,Call
ACT016226,O01277,Demo
ACT016227,O00209,Workshop
ACT016228,O03428,Call
ACT016229,O02079,Email
ACT016230,O03199,Call
ACT016231,O02670,Demo
ACT016232,O02118,Email
ACT016233,O00185,Workshop
ACT016234,O02674,Workshop
ACT016235,O00955,Workshop
ACT016236,O00346,POC
ACT016237,O02730,POC
ACT016238,O01635,Demo
ACT016239,O02451,Workshop
ACT016240,O02015,Demo
ACT016241,O00734,POC
ACT016242,O03150,Workshop
ACT016243,O00682,Email
ACT016244,O00590,Demo
ACT016245,O02187,Email
ACT016246,O02560,Demo
ACT016247,O00589,Email
ACT016248,O00388,Email
ACT016249,O01825,Demo
ACT016250,O01960,POC
ACT016251,O00807,Email
ACT016252,O00417,Email
ACT016253,O03107,Call
ACT016254,O03490,Call
ACT016255,O01838,Demo
ACT016256,O01711,POC
ACT016257,O00416,Call
ACT016258,O02872,POC
ACT016259,O03144,Demo
ACT016260,O03499,Demo
ACT016261,O02164,POC
ACT016262,O00935,Demo
ACT016263,O00022,Email
ACT016264,O02629,Workshop
ACT016265,O00925,Workshop
ACT016266,O01572,Demo
ACT016267,O02396,Call
ACT016268,O01162,Email
ACT016269,O01958,Email
ACT016270,O00272,Email
ACT016271,O02519,Demo
ACT016272,O02698,Email
ACT016273,O00979,Workshop
ACT016274,O00867,Call
ACT016275,O02464,Demo
ACT016276,O02251,Workshop
ACT016277,O01563,Call
ACT016278,O00873,Demo
ACT016279,O00639,Demo
ACT016280,O01628,Email
ACT016281,O00943,Demo
ACT016282,O02830,Workshop
ACT016283,O01900,Demo
ACT016284,O03491,POC
ACT016285,O00295,Demo
ACT016286,O02013,Demo
ACT016287,O01424,Demo
ACT016288,O00807,POC
ACT016289,O01190,Demo
ACT016290,O02786,Email
ACT016291,O01895,Email
ACT016292,O02500,POC
ACT016293,O00337,Email
ACT016294,O02783,POC
ACT016295,O00602,Email
ACT016296,O00649,Workshop
ACT016297,O02262,POC
ACT016298,O01580,Call
ACT016299,O01353,Workshop
ACT016300,O03364,Email
ACT016301,O00621,Call
ACT016302,O02610,POC
ACT016303,O00949,Demo
ACT016304,O00408,Workshop
ACT016305,O02824,Email
ACT016306,O02731,Call
ACT016307,O01832,POC
ACT016308,O02304,POC
ACT016309,O02398,Workshop
ACT016310,O00551,Call
ACT016311,O00826,Email
ACT016312,O01413,Email
ACT016313,O00270,Demo
ACT016314,O01914,Call
ACT016315,O01443,Workshop
ACT016316,O01791,Call
ACT016317,O02213,Workshop
ACT016318,O01895,Demo
ACT016319,O00388,Call
ACT016320,O02297,Workshop
ACT016321,O02774,Demo
ACT016322,O02323,Workshop
ACT016323,O01388,POC
ACT016324,O02747,Call
ACT016325,O00844,POC
ACT016326,O01281,Workshop
ACT016327,O01760,POC
ACT016328,O02354,Call
ACT016329,O03478,POC
ACT016330,O01959,POC
ACT016331,O01744,Demo
ACT016332,O00442,POC
ACT016333,O01466,Email
ACT016334,O01135,Email
ACT016335,O00017,Call
ACT016336,O01029,Demo
ACT016337,O01034,Workshop
ACT016338,O02826,Email
ACT016339,O03307,Call
ACT016340,O00984,Call
ACT016341,O00766,Demo
ACT016342,O02748,Call
ACT016343,O02651,Call
ACT016344,O01622,Call
ACT016345,O01303,Email
ACT016346,O01095,Email
ACT016347,O00020,Email
ACT016348,O01761,Demo
ACT016349,O01701,Call
ACT016350,O00204,Demo
ACT016351,O01661,Demo
ACT016352,O03459,POC
ACT016353,O03107,Call
ACT016354,O02096,Call
ACT016355,O02232,Email
ACT016356,O01057,Workshop
ACT016357,O03108,Workshop
ACT016358,O00709,POC
ACT016359,O00244,Call
ACT016360,O00352,Demo
ACT016361,O00219,Email
ACT016362,O01086,Call
ACT016363,O02373,Demo
ACT016364,O02427,Workshop
ACT016365,O01477,Email
ACT016366,O01925,POC
ACT016367,O02949,Email
ACT016368,O03242,Demo
ACT016369,O03016,Email
ACT016370,O02683,Email
ACT016371,O03373,Call
ACT016372,O02407,Workshop
ACT016373,O01098,Demo
ACT016374,O02946,Demo
ACT016375,O01788,Demo
ACT016376,O00694,POC
ACT016377,O00291,POC
ACT016378,O02049,POC
ACT016379,O02618,POC
ACT016380,O01449,POC
ACT016381,O00280,Demo
ACT016382,O02409,Call
ACT016383,O01850,Demo
ACT016384,O00153,POC
ACT016385,O02021,Demo
ACT016386,O01999,Workshop
ACT016387,O01846,Email
ACT016388,O00090,Workshop
ACT016389,O00810,Demo
ACT016390,O01682,Workshop
ACT016391,O02317,Email
ACT016392,O00200,Workshop
ACT016393,O03228,POC
ACT016394,O00117,POC
ACT016395,O01647,Demo
ACT016396,O02425,Workshop
ACT016397,O01175,Demo
ACT016398,O02016,Call
ACT016399,O00944,POC
ACT016400,O03376,Workshop
ACT016401,O01131,POC
ACT016402,O01644,Email
ACT016403,O00898,POC
ACT016404,O01718,Workshop
ACT016405,O01586,Demo
ACT016406,O02071,Call
ACT016407,O01532,Workshop
ACT016408,O02201,Call
ACT016409,O02980,Workshop
ACT016410,O03190,Email
ACT016411,O00918,Call
ACT016412,O03291,POC
ACT016413,O00352,POC
ACT016414,O01682,Call
ACT016415,O02503,Demo
ACT016416,O02762,Workshop
ACT016417,O01955,Workshop
ACT016418,O00162,Workshop
ACT016419,O03359,Demo
ACT016420,O01262,Email
ACT016421,O01590,POC
ACT016422,O01945,POC
ACT016423,O02680,POC
ACT016424,O02395,Call
ACT016425,O00175,Demo
ACT016426,O02437,Workshop
ACT016427,O02541,Workshop
ACT016428,O00600,Email
ACT016429,O01112,Call
ACT016430,O01636,POC
ACT016431,O03242,Email
ACT016432,O01492,POC
ACT016433,O02982,Call
ACT016434,O00442,Demo
ACT016435,O01634,Demo
ACT016436,O01715,Workshop
ACT016437,O03365,POC
ACT016438,O01734,Workshop
ACT016439,O01405,Email
ACT016440,O02096,Workshop
ACT016441,O02275,POC
ACT016442,O01415,POC
ACT016443,O02204,Call
ACT016444,O01005,Email
ACT016445,O01972,POC
ACT016446,O01418,Workshop
ACT016447,O01642,Demo
ACT016448,O00620,Demo
ACT016449,O03488,Workshop
ACT016450,O00463,Workshop
ACT016451,O01618,Demo
ACT016452,O00393,Workshop
ACT016453,O01463,Email
ACT016454,O02083,Email
ACT016455,O00597,Call
ACT016456,O01209,Call
ACT016457,O00595,Call
ACT016458,O00119,Demo
ACT016459,O02398,POC
ACT016460,O01860,Call
ACT016461,O02258,POC
ACT016462,O02689,Call
ACT016463,O02375,Call
ACT016464,O01447,POC
ACT016465,O02538,Workshop
ACT016466,O01854,POC
ACT016467,O01606,POC
ACT016468,O00836,POC
ACT016469,O02040,Workshop
ACT016470,O00732,Demo
ACT016471,O00012,Demo
ACT016472,O00352,Workshop
ACT016473,O02932,POC
ACT016474,O03292,Workshop
ACT016475,O00125,POC
ACT016476,O03063,POC
ACT016477,O01046,Email
ACT016478,O00567,Call
ACT016479,O02232,Email
ACT016480,O01137,Demo
ACT016481,O03004,POC
ACT016482,O00156,Email
ACT016483,O00312,Workshop
ACT016484,O01216,Demo
ACT016485,O01412,Workshop
ACT016486,O02516,Email
ACT016487,O00315,Workshop
ACT016488,O01561,Email
ACT016489,O00011,Call
ACT016490,O00076,Workshop
ACT016491,O01174,Demo
ACT016492,O00761,Workshop
ACT016493,O02745,Email
ACT016494,O02717,Call
ACT016495,O02204,POC
ACT016496,O02935,Email
ACT016497,O01642,Demo
ACT016498,O02705,Call
ACT016499,O01749,Demo
ACT016500,O02090,Call
ACT016501,O02642,Demo
ACT016502,O03390,POC
ACT016503,O02309,Call
ACT016504,O03063,POC
ACT016505,O01629,POC
ACT016506,O00385,Email
ACT016507,O00441,Workshop
ACT016508,O00317,Demo
ACT016509,O02439,Call
ACT016510,O01120,POC
ACT016511,O02487,Demo
ACT016512,O01780,POC
ACT016513,O02247,Demo
ACT016514,O03434,Demo
ACT016515,O02836,Workshop
ACT016516,O02489,POC
ACT016517,O03382,Email
ACT016518,O00431,Email
ACT016519,O02066,POC
ACT016520,O00131,POC
ACT016521,O02048,Demo
ACT016522,O02782,Email
ACT016523,O00944,Demo
ACT016524,O00518,POC
ACT016525,O03154,Call
ACT016526,O01165,POC
ACT016527,O00597,Email
ACT016528,O02046,Email
ACT016529,O02685,Email
ACT016530,O02367,Email
ACT016531,O01932,Workshop
ACT016532,O03251,POC
ACT016533,O02947,Email
ACT016534,O00740,POC
ACT016535,O01886,Workshop
ACT016536,O01169,POC
ACT016537,O01390,Call
ACT016538,O02449,POC
ACT016539,O00854,Email
ACT016540,O02272,Workshop
ACT016541,O02518,POC
ACT016542,O00455,Call
ACT016543,O02263,POC
ACT016544,O00165,Workshop
ACT016545,O00183,POC
ACT016546,O00781,POC
ACT016547,O01367,Workshop
ACT016548,O02032,Email
ACT016549,O01497,Demo
ACT016550,O02087,Workshop
ACT016551,O01147,Email
ACT016552,O00974,Email
ACT016553,O03399,Demo
ACT016554,O02188,Demo
ACT016555,O01133,Demo
ACT016556,O00996,Workshop
ACT016557,O00920,Email
ACT016558,O02192,POC
ACT016559,O01832,POC
ACT016560,O01180,Call
ACT016561,O03329,Email
ACT016562,O00175,Demo
ACT016563,O00050,POC
ACT016564,O00545,POC
ACT016565,O01814,POC
ACT016566,O03057,Demo
ACT016567,O03047,POC
ACT016568,O02647,Workshop
ACT016569,O00553,Call
ACT016570,O01115,Demo
ACT016571,O03404,Email
ACT016572,O03045,Email
ACT016573,O02829,Workshop
ACT016574,O02470,Call
ACT016575,O01423,Email
ACT016576,O03256,Workshop
ACT016577,O01774,Demo
ACT016578,O02557,Call
ACT016579,O01472,Call
ACT016580,O00364,Call
ACT016581,O01750,Demo
ACT016582,O02936,Workshop
ACT016583,O00172,Email
ACT016584,O00343,Call
ACT016585,O01283,Call
ACT016586,O01513,Workshop
ACT016587,O02397,Call
ACT016588,O02271,Workshop
ACT016589,O00814,POC
ACT016590,O01626,Email
ACT016591,O03413,Email
ACT016592,O01813,Email
ACT016593,O01299,POC
ACT016594,O00621,Workshop
ACT016595,O00750,Demo
ACT016596,O00149,Workshop
ACT016597,O03151,Workshop
ACT016598,O02748,Demo
ACT016599,O01106,Workshop
ACT016600,O01267,Email
ACT016601,O02801,POC
ACT016602,O01181,Call
ACT016603,O03352,Email
ACT016604,O02545,POC
ACT016605,O03409,Workshop
ACT016606,O01497,Demo
ACT016607,O02873,POC
ACT016608,O00390,Call
ACT016609,O02796,Demo
ACT016610,O01241,POC
ACT016611,O02847,POC
ACT016612,O01198,Workshop
ACT016613,O02844,Workshop
ACT016614,O00060,Call
ACT016615,O01802,Call
ACT016616,O02695,POC
ACT016617,O00283,Demo
ACT016618,O01722,Workshop
ACT016619,O02834,POC
ACT016620,O00309,Demo
ACT016621,O00777,Call
ACT016622,O00352,Workshop
ACT016623,O01225,Email
ACT016624,O01612,Demo
ACT016625,O01547,Call
ACT016626,O02793,Email
ACT016627,O00840,Workshop
ACT016628,O01263,Email
ACT016629,O00260,POC
ACT016630,O02646,POC
ACT016631,O01213,Workshop
ACT016632,O01178,Email
ACT016633,O01183,POC
ACT016634,O00458,Email
ACT016635,O03478,Workshop
ACT016636,O03426,Workshop
ACT016637,O02429,Call
ACT016638,O02814,Email
ACT016639,O00058,Workshop
ACT016640,O02013,Workshop
ACT016641,O02844,Demo
ACT016642,O00229,Call
ACT016643,O03181,POC
ACT016644,O03267,POC
ACT016645,O00774,Demo
ACT016646,O02599,Call
ACT016647,O00579,Demo
ACT016648,O03089,Call
ACT016649,O01311,Call
ACT016650,O01070,Workshop
ACT016651,O01446,Workshop
ACT016652,O03428,Workshop
ACT016653,O02604,Workshop
ACT016654,O02509,Email
ACT016655,O01106,Workshop
ACT016656,O02713,POC
ACT016657,O03482,Demo
ACT016658,O02176,Demo
ACT016659,O03409,Workshop
ACT016660,O03182,Call
ACT016661,O01848,Call
ACT016662,O03161,Workshop
ACT016663,O03086,Email
ACT016664,O00663,Demo
ACT016665,O02607,Call
ACT016666,O00700,Demo
ACT016667,O01260,Email
ACT016668,O00404,Workshop
ACT016669,O03097,Call
ACT016670,O01319,Demo
ACT016671,O02674,Workshop
ACT016672,O01347,Workshop
ACT016673,O02611,Call
ACT016674,O01345,Call
ACT016675,O01357,Email
ACT016676,O01199,Demo
ACT016677,O00436,Demo
ACT016678,O01419,Workshop
ACT016679,O02320,Email
ACT016680,O02034,Email
ACT016681,O02017,Demo
ACT016682,O01508,Call
ACT016683,O01343,Call
ACT016684,O03179,POC
ACT016685,O00998,Demo
ACT016686,O00111,Workshop
ACT016687,O03097,Workshop
ACT016688,O00280,POC
ACT016689,O00640,POC
ACT016690,O01010,POC
ACT016691,O01445,Workshop
ACT016692,O01612,POC
ACT016693,O03000,POC
ACT016694,O00177,Demo
ACT016695,O03282,Demo
ACT016696,O00439,Call
ACT016697,O03081,Call
ACT016698,O02256,Email
ACT016699,O01025,Email
ACT016700,O00286,POC
ACT016701,O01476,Call
ACT016702,O01038,Email
ACT016703,O02092,Demo
ACT016704,O03230,Demo
ACT016705,O01053,Workshop
ACT016706,O02163,POC
ACT016707,O00529,Call
ACT016708,O02948,Demo
ACT016709,O01556,POC
ACT016710,O03185,Call
ACT016711,O00910,Workshop
ACT016712,O01263,Workshop
ACT016713,O01910,Call
ACT016714,O03324,Call
ACT016715,O01838,POC
ACT016716,O03389,Email
ACT016717,O03470,Workshop
ACT016718,O00899,Workshop
ACT016719,O00380,POC
ACT016720,O01649,Call
ACT016721,O00784,POC
ACT016722,O00110,Workshop
ACT016723,O01376,POC
ACT016724,O00687,Demo
ACT016725,O03012,POC
ACT016726,O01299,Demo
ACT016727,O00346,Call
ACT016728,O02394,Call
ACT016729,O03300,POC
ACT016730,O01164,Demo
ACT016731,O02186,Call
ACT016732,O01566,Demo
ACT016733,O00364,Call
ACT016734,O03104,POC
ACT016735,O02105,Demo
ACT016736,O02268,Email
ACT016737,O00577,POC
ACT016738,O02688,Call
ACT016739,O00751,Email
ACT016740,O00226,Call
ACT016741,O03077,Call
ACT016742,O02371,Email
ACT016743,O02221,Email
ACT016744,O01307,Workshop
ACT016745,O00121,Call
ACT016746,O01197,Workshop
ACT016747,O03104,POC
ACT016748,O03233,Call
ACT016749,O03362,Email
ACT016750,O03500,Call
ACT016751,O00237,POC
ACT016752,O00607,Demo
ACT016753,O02966,POC
ACT016754,O02951,Email
ACT016755,O02992,Workshop
ACT016756,O00793,Demo
ACT016757,O03180,Workshop
ACT016758,O02059,Workshop
ACT016759,O02943,Call
ACT016760,O03028,Email
ACT016761,O01429,Demo
ACT016762,O00669,Workshop
ACT016763,O02125,Email
ACT016764,O03012,POC
ACT016765,O01281,Demo
ACT016766,O00022,Call
ACT016767,O02752,Demo
ACT016768,O01434,Demo
ACT016769,O01290,Call
ACT016770,O02288,Call
ACT016771,O00501,POC
ACT016772,O02027,Workshop
ACT016773,O01054,POC
ACT016774,O00902,Demo
ACT016775,O00791,Email
ACT016776,O02222,Email
ACT016777,O03262,Demo
ACT016778,O02340,Demo
ACT016779,O00250,POC
ACT016780,O03056,Call
ACT016781,O02507,POC
ACT016782,O02112,Workshop
ACT016783,O02060,Demo
ACT016784,O01723,Email
ACT016785,O00317,Call
ACT016786,O00056,Workshop
ACT016787,O00696,POC
ACT016788,O00669,Call
ACT016789,O02535,Workshop
ACT016790,O00122,Email
ACT016791,O03498,Workshop
ACT016792,O00146,Call
ACT016793,O01329,Email
ACT016794,O00011,POC
ACT016795,O00773,Call
ACT016796,O02569,Call
ACT016797,O02695,Email
ACT016798,O02783,POC
ACT016799,O01481,POC
ACT016800,O02985,POC
ACT016801,O00755,Workshop
ACT016802,O00138,Workshop
ACT016803,O02819,Email
ACT016804,O01355,Email
ACT016805,O03357,Email
ACT016806,O02344,Email
ACT016807,O00370,Email
ACT016808,O02552,Workshop
ACT016809,O01239,Workshop
ACT016810,O02692,Call
ACT016811,O01931,POC
ACT016812,O00484,Demo
ACT016813,O01855,Call
ACT016814,O02496,Call
ACT016815,O00065,Demo
ACT016816,O00260,Email
ACT016817,O00200,Demo
ACT016818,O02428,POC
ACT016819,O02566,Email
ACT016820,O01559,Email
ACT016821,O02483,POC
ACT016822,O00372,Email
ACT016823,O03287,POC
ACT016824,O02118,Call
ACT016825,O01152,Call
ACT016826,O00889,Workshop
ACT016827,O00588,Call
ACT016828,O03249,Call
ACT016829,O01779,Demo
ACT016830,O01397,Call
ACT016831,O01164,Call
ACT016832,O02086,Demo
ACT016833,O02255,Workshop
ACT016834,O01033,Email
ACT016835,O01033,Call
ACT016836,O00362,Workshop
ACT016837,O00274,Call
ACT016838,O03115,POC
ACT016839,O01343,Email
ACT016840,O02146,Demo
ACT016841,O03046,Email
ACT016842,O02249,Call
ACT016843,O00294,Call
ACT016844,O02113,Demo
ACT016845,O02889,Demo
ACT016846,O01834,POC
ACT016847,O02701,Demo
ACT016848,O00694,Workshop
ACT016849,O02086,Demo
ACT016850,O02607,Demo
ACT016851,O00104,POC
ACT016852,O01399,Workshop
ACT016853,O03464,Demo
ACT016854,O01042,Workshop
ACT016855,O01066,Email
ACT016856,O03363,Workshop
ACT016857,O00830,Email
ACT016858,O01786,Call
ACT016859,O02902,Workshop
ACT016860,O02389,Demo
ACT016861,O00073,POC
ACT016862,O02568,Email
ACT016863,O03257,Call
ACT016864,O03116,Demo
ACT016865,O03335,POC
ACT016866,O02725,Workshop
ACT016867,O00501,Demo
ACT016868,O00468,POC
ACT016869,O01286,Call
ACT016870,O02974,Call
ACT016871,O01548,Demo
ACT016872,O01237,Email
ACT016873,O00172,Call
ACT016874,O00949,Workshop
ACT016875,O01048,POC
ACT016876,O02269,Workshop
ACT016877,O03444,POC
ACT016878,O01045,POC
ACT016879,O02074,POC
ACT016880,O02039,Call
ACT016881,O01348,Demo
ACT016882,O02840,Email
ACT016883,O03256,Email
ACT016884,O00790,Call
ACT016885,O03263,Email
ACT016886,O03367,POC
ACT016887,O00144,POC
ACT016888,O01743,Email
ACT016889,O02329,Workshop
ACT016890,O03434,Call
ACT016891,O02327,POC
ACT016892,O01358,Demo
ACT016893,O01188,Email
ACT016894,O01368,Demo
ACT016895,O00378,Workshop
ACT016896,O02008,Email
ACT016897,O02106,Email
ACT016898,O02518,Workshop
ACT016899,O01320,Workshop
ACT016900,O01778,Workshop
ACT016901,O03373,POC
ACT016902,O00583,POC
ACT016903,O01361,Demo
ACT016904,O01603,Email
ACT016905,O01197,POC
ACT016906,O00448,POC
ACT016907,O01471,Demo
ACT016908,O01925,Workshop
ACT016909,O02082,Call
ACT016910,O01176,Email
ACT016911,O00253,Call
ACT016912,O02458,Demo
ACT016913,O00847,Email
ACT016914,O00157,Demo
ACT016915,O03169,POC
ACT016916,O02942,POC
ACT016917,O00258,Email
ACT016918,O02131,POC
ACT016919,O01892,Workshop
ACT016920,O01002,Call
ACT016921,O03303,Email
ACT016922,O00244,Demo
ACT016923,O02021,Workshop
ACT016924,O02543,Call
ACT016925,O02002,Workshop
ACT016926,O03101,Call
ACT016927,O02535,Email
ACT016928,O03371,Workshop
ACT016929,O01065,POC
ACT016930,O00424,Demo
ACT016931,O01027,POC
ACT016932,O03136,Email
ACT016933,O00824,Call
ACT016934,O01823,Email
ACT016935,O00366,Call
ACT016936,O02508,Workshop
ACT016937,O01094,Call
ACT016938,O03196,Workshop
ACT016939,O01810,Workshop
ACT016940,O00480,Demo
ACT016941,O03381,Call
ACT016942,O01474,Demo
ACT016943,O01356,Email
ACT016944,O00085,POC
ACT016945,O00224,Demo
ACT016946,O01207,Demo
ACT016947,O02492,Call
ACT016948,O00781,Demo
ACT016949,O01683,Call
ACT016950,O00370,POC
ACT016951,O03116,Call
ACT016952,O03390,POC
ACT016953,O03125,Call
ACT016954,O03056,Call
ACT016955,O02878,Email
ACT016956,O01090,Workshop
ACT016957,O02148,Workshop
ACT016958,O03491,Call
ACT016959,O00131,Call
ACT016960,O00667,Workshop
ACT016961,O01791,Email
ACT016962,O01348,Workshop
ACT016963,O00009,Demo
ACT016964,O00831,Call
ACT016965,O00416,Workshop
ACT016966,O00855,Workshop
ACT016967,O02018,Workshop
ACT016968,O02910,POC
ACT016969,O01057,Workshop
ACT016970,O03124,Call
ACT016971,O00440,POC
ACT016972,O03405,Demo
ACT016973,O00417,Workshop
ACT016974,O03217,Workshop
ACT016975,O01872,Email
ACT016976,O01269,POC
ACT016977,O02642,Workshop
ACT016978,O03380,Demo
ACT016979,O01407,Workshop
ACT016980,O02696,Email
ACT016981,O00915,Call
ACT016982,O00524,Call
ACT016983,O00106,Email
ACT016984,O03234,Demo
ACT016985,O00877,Demo
ACT016986,O00759,Demo
ACT016987,O00959,Demo
ACT016988,O00358,Demo
ACT016989,O01086,Call
ACT016990,O03003,Call
ACT016991,O01316,Email
ACT016992,O02768,Workshop
ACT016993,O01684,Email
ACT016994,O01223,Demo
ACT016995,O01053,Workshop
ACT016996,O00281,Demo
ACT016997,O02950,Email
ACT016998,O03094,Workshop
ACT016999,O02653,Email
ACT017000,O02455,Workshop
ACT017001,O01815,Email
ACT017002,O03360,POC
ACT017003,O01174,POC
ACT017004,O03102,Workshop
ACT017005,O00966,Email
ACT017006,O01689,Workshop
ACT017007,O01445,Call
ACT017008,O00212,Demo
ACT017009,O00550,Email
ACT017010,O02362,Demo
ACT017011,O00271,POC
ACT017012,O00128,Demo
ACT017013,O00457,Demo
ACT017014,O00134,Email
ACT017015,O00967,Workshop
ACT017016,O00743,Call
ACT017017,O03035,POC
ACT017018,O00077,Demo
ACT017019,O00811,Email
ACT017020,O03204,Demo
ACT017021,O01456,Workshop
ACT017022,O00978,Call
ACT017023,O01064,Workshop
ACT017024,O00553,Workshop
ACT017025,O00215,Email
ACT017026,O02655,Demo
ACT017027,O02587,Workshop
ACT017028,O02881,Email
ACT017029,O02325,Demo
ACT017030,O00810,Email
ACT017031,O02944,Workshop
ACT017032,O01828,Workshop
ACT017033,O03418,POC
ACT017034,O02342,Email
ACT017035,O00338,Call
ACT017036,O01287,Workshop
ACT017037,O01464,Email
ACT017038,O02391,Call
ACT017039,O03174,Call
ACT017040,O00363,Email
ACT017041,O03321,Demo
ACT017042,O03409,Call
ACT017043,O00763,Email
ACT017044,O03008,Workshop
ACT017045,O02265,Call
ACT017046,O02900,POC
ACT017047,O00654,POC
ACT017048,O01827,Email
ACT017049,O02152,Call
ACT017050,O03106,Email
ACT017051,O00734,POC
ACT017052,O02992,Demo
ACT017053,O01586,Demo
ACT017054,O01604,POC
ACT017055,O01928,Demo
ACT017056,O01351,Email
ACT017057,O01542,Workshop
ACT017058,O01154,Workshop
ACT017059,O02556,Demo
ACT017060,O00810,Call
ACT017061,O00063,POC
ACT017062,O03163,Call
ACT017063,O02538,Demo
ACT017064,O01536,Demo
ACT017065,O01440,POC
ACT017066,O01541,POC
ACT017067,O02475,Email
ACT017068,O00982,Demo
ACT017069,O01328,Call
ACT017070,O01673,Call
ACT017071,O01381,Workshop
ACT017072,O00598,Demo
ACT017073,O03495,Email
ACT017074,O02814,POC
ACT017075,O01703,Email
ACT017076,O03351,Demo
ACT017077,O01692,Email
ACT017078,O00103,Demo
ACT017079,O01027,Call
ACT017080,O01091,POC
ACT017081,O00469,Demo
ACT017082,O02832,POC
ACT017083,O00436,Call
ACT017084,O00745,Workshop
ACT017085,O02675,Workshop
ACT017086,O02901,POC
ACT017087,O00411,Email
ACT017088,O00377,Workshop
ACT017089,O00900,Email
ACT017090,O03064,Email
ACT017091,O03353,Workshop
ACT017092,O01376,Email
ACT017093,O01503,POC
ACT017094,O02877,Workshop
ACT017095,O02614,Call
ACT017096,O02953,Workshop
ACT017097,O00860,Email
ACT017098,O01218,POC
ACT017099,O00839,Email
ACT017100,O02327,POC
ACT017101,O02992,Demo
ACT017102,O01419,Demo
ACT017103,O01433,Email
ACT017104,O00039,Demo
ACT017105,O00298,Call
ACT017106,O00625,Demo
ACT017107,O02085,Demo
ACT017108,O02133,POC
ACT017109,O00503,Workshop
ACT017110,O02403,Call
ACT017111,O01200,Workshop
ACT017112,O00954,Demo
ACT017113,O01933,Call
ACT017114,O02419,POC
ACT017115,O03371,Call
ACT017116,O03256,Demo
ACT017117,O00238,Call
ACT017118,O01298,Call
ACT017119,O02200,POC
ACT017120,O01753,Workshop
ACT017121,O02645,Email
ACT017122,O00846,Email
ACT017123,O00247,POC
ACT017124,O01379,POC
ACT017125,O00893,POC
ACT017126,O00611,Workshop
ACT017127,O02659,Email
ACT017128,O01839,POC
ACT017129,O03358,Call
ACT017130,O02515,POC
ACT017131,O02939,Call
ACT017132,O00346,Email
ACT017133,O02626,POC
ACT017134,O02419,Workshop
ACT017135,O03425,Call
ACT017136,O01014,Demo
ACT017137,O02147,Email
ACT017138,O00954,Call
ACT017139,O01167,Call
ACT017140,O00196,POC
ACT017141,O00153,Workshop
ACT017142,O01563,Workshop
ACT017143,O00167,POC
ACT017144,O00326,Email
ACT017145,O03068,Email
ACT017146,O02640,Demo
ACT017147,O00971,POC
ACT017148,O00363,Email
ACT017149,O02263,Workshop
ACT017150,O03180,Demo
ACT017151,O01010,Workshop
ACT017152,O00698,Workshop
ACT017153,O00854,Email
ACT017154,O01748,Workshop
ACT017155,O02746,Email
ACT017156,O01390,Workshop
ACT017157,O00957,POC
ACT017158,O00182,Email
ACT017159,O00001,Demo
ACT017160,O02103,Demo
ACT017161,O00956,Demo
ACT017162,O03243,POC
ACT017163,O00347,Email
ACT017164,O01316,Demo
ACT017165,O02097,Email
ACT017166,O02068,Workshop
ACT017167,O00948,Demo
ACT017168,O03077,Workshop
ACT017169,O01404,POC
ACT017170,O03249,POC
ACT017171,O00259,POC
ACT017172,O03003,Call
ACT017173,O00982,POC
ACT017174,O02290,POC
ACT017175,O03245,Demo
ACT017176,O02492,Email
ACT017177,O01718,Demo
ACT017178,O00430,Workshop
ACT017179,O00568,Email
ACT017180,O01474,Workshop
ACT017181,O00408,POC
ACT017182,O02555,Email
ACT017183,O02293,POC
ACT017184,O02373,Email
ACT017185,O03335,Call
ACT017186,O03478,Workshop
ACT017187,O03272,POC
ACT017188,O00216,Email
ACT017189,O01913,Demo
ACT017190,O02122,Workshop
ACT017191,O03291,Email
ACT017192,O02957,Email
ACT017193,O02925,POC
ACT017194,O01870,Demo
ACT017195,O00396,Workshop
ACT017196,O03030,Workshop
ACT017197,O03470,Workshop
ACT017198,O02553,POC
ACT017199,O02041,POC
ACT017200,O02841,Email
ACT017201,O01192,Call
ACT017202,O02830,Call
ACT017203,O03199,Workshop
ACT017204,O02209,POC
ACT017205,O02546,Demo
ACT017206,O02055,Demo
ACT017207,O02900,Call
ACT017208,O00843,Call
ACT017209,O01647,Call
ACT017210,O00784,Demo
ACT017211,O01146,Demo
ACT017212,O00885,Email
ACT017213,O02746,Demo
ACT017214,O02471,Workshop
ACT017215,O00891,Workshop
ACT017216,O00114,POC
ACT017217,O00294,Workshop
ACT017218,O03306,Workshop
ACT017219,O00859,Workshop
ACT017220,O00922,Email
ACT017221,O01702,POC
ACT017222,O02187,POC
ACT017223,O02907,Call
ACT017224,O02142,POC
ACT017225,O00031,Call
ACT017226,O01312,Demo
ACT017227,O00751,Email
ACT017228,O02315,Call
ACT017229,O01198,Email
ACT017230,O03049,Call
ACT017231,O02327,Demo
ACT017232,O01730,Workshop
ACT017233,O02478,POC
ACT017234,O03390,Workshop
ACT017235,O02509,Demo
ACT017236,O03053,Demo
ACT017237,O01225,Workshop
ACT017238,O01005,Demo
ACT017239,O03451,Call
ACT017240,O02476,Workshop
ACT017241,O01207,Email
ACT017242,O02030,Workshop
ACT017243,O01138,POC
ACT017244,O01130,Email
ACT017245,O01125,Email
ACT017246,O00878,Call
ACT017247,O01317,Email
ACT017248,O00833,POC
ACT017249,O00574,Workshop
ACT017250,O00455,Call
ACT017251,O02353,Email
ACT017252,O01772,Demo
ACT017253,O01628,POC
ACT017254,O03196,Call
ACT017255,O01852,Workshop
ACT017256,O01379,Demo
ACT017257,O00360,Workshop
ACT017258,O01792,Workshop
ACT017259,O00694,Call
ACT017260,O02543,Call
ACT017261,O02092,Email
ACT017262,O00427,Email
ACT017263,O02161,Workshop
ACT017264,O01955,Email
ACT017265,O01491,POC
ACT017266,O00400,Workshop
ACT017267,O02179,Call
ACT017268,O02420,Email
ACT017269,O02299,Workshop
ACT017270,O01767,POC
ACT017271,O03346,Email
ACT017272,O01777,Workshop
ACT017273,O01260,Workshop
ACT017274,O01936,Demo
ACT017275,O01582,Demo
ACT017276,O00043,Call
ACT017277,O00375,Call
ACT017278,O00244,Call
ACT017279,O01454,Workshop
ACT017280,O00960,Call
ACT017281,O03417,Demo
ACT017282,O01692,Workshop
ACT017283,O02769,Email
ACT017284,O01092,Call
ACT017285,O02404,POC
ACT017286,O00792,Email
ACT017287,O01154,Workshop
ACT017288,O00792,Email
ACT017289,O01486,Email
ACT017290,O01696,Email
ACT017291,O00717,Workshop
ACT017292,O02215,Demo
ACT017293,O03291,Workshop
ACT017294,O01163,POC
ACT017295,O01254,Demo
ACT017296,O02314,POC
ACT017297,O01642,Demo
ACT017298,O00945,Call
ACT017299,O03238,Email
ACT017300,O02703,Email
ACT017301,O01520,Demo
ACT017302,O03147,Demo
ACT017303,O02965,POC
ACT017304,O02348,POC
ACT017305,O02201,Demo
ACT017306,O01286,Call
ACT017307,O00432,Email
ACT017308,O00067,Workshop
ACT017309,O00872,Call
ACT017310,O01574,Workshop
ACT017311,O01045,Email
ACT017312,O02524,POC
ACT017313,O02115,Demo
ACT017314,O00048,Call
ACT017315,O01576,Call
ACT017316,O02851,POC
ACT017317,O01592,Call
ACT017318,O01413,Call
ACT017319,O00319,Call
ACT017320,O02203,Workshop
ACT017321,O02645,Workshop
ACT017322,O01567,Workshop
ACT017323,O02328,Workshop
ACT017324,O03412,Demo
ACT017325,O03019,POC
ACT017326,O02255,POC
ACT017327,O02562,Demo
ACT017328,O02902,Call
ACT017329,O02633,Demo
ACT017330,O00570,Email
ACT017331,O02547,Demo
ACT017332,O02080,Email
ACT017333,O00489,POC
ACT017334,O02438,POC
ACT017335,O02872,Email
ACT017336,O00132,POC
ACT017337,O02744,POC
ACT017338,O03011,Email
ACT017339,O01861,Workshop
ACT017340,O03160,Email
ACT017341,O03415,Demo
ACT017342,O01522,Workshop
ACT017343,O01279,Call
ACT017344,O01162,POC
ACT017345,O01726,POC
ACT017346,O00203,Call
ACT017347,O00895,POC
ACT017348,O00901,Call
ACT017349,O03280,Call
ACT017350,O02604,Demo
ACT017351,O02143,Email
ACT017352,O01460,POC
ACT017353,O02382,POC
ACT017354,O00703,POC
ACT017355,O02571,Email
ACT017356,O03431,POC
ACT017357,O03101,Workshop
ACT017358,O01702,Email
ACT017359,O03028,Workshop
ACT017360,O01645,Email
ACT017361,O01694,Demo
ACT017362,O00650,Call
ACT017363,O02545,POC
ACT017364,O03275,Demo
ACT017365,O01994,POC
ACT017366,O01823,Demo
ACT017367,O00169,Email
ACT017368,O03037,Email
ACT017369,O00471,Workshop
ACT017370,O00158,POC
ACT017371,O02915,POC
ACT017372,O03437,POC
ACT017373,O00449,POC
ACT017374,O02908,POC
ACT017375,O03134,Demo
ACT017376,O02438,Call
ACT017377,O00269,Call
ACT017378,O02654,Call
ACT017379,O00891,Workshop
ACT017380,O00080,Email
ACT017381,O01134,Workshop
ACT017382,O01379,Demo
ACT017383,O02435,Email
ACT017384,O03371,Call
ACT017385,O00418,Email
ACT017386,O01701,Demo
ACT017387,O01232,Email
ACT017388,O02952,Email
ACT017389,O02749,POC
ACT017390,O01450,Demo
ACT017391,O00343,Workshop
ACT017392,O01326,POC
ACT017393,O01359,Workshop
ACT017394,O02959,POC
ACT017395,O00276,Email
ACT017396,O01687,Demo
ACT017397,O00785,Email
ACT017398,O00457,Workshop
ACT017399,O01165,Workshop
ACT017400,O02829,Workshop
ACT017401,O03436,Workshop
ACT017402,O00453,POC
ACT017403,O02553,Demo
ACT017404,O00912,POC
ACT017405,O01893,Email
ACT017406,O01020,Workshop
ACT017407,O01733,Workshop
ACT017408,O00783,Workshop
ACT017409,O01349,POC
ACT017410,O03078,Email
ACT017411,O02427,POC
ACT017412,O00874,Call
ACT017413,O01485,Email
ACT017414,O01449,POC
ACT017415,O01398,Call
ACT017416,O02275,POC
ACT017417,O00817,Email
ACT017418,O01108,Demo
ACT017419,O01495,Email
ACT017420,O00610,Workshop
ACT017421,O00450,Email
ACT017422,O00796,Email
ACT017423,O00295,Demo
ACT017424,O01465,POC
ACT017425,O01636,Call
ACT017426,O01438,Demo
ACT017427,O01361,Email
ACT017428,O00093,POC
ACT017429,O00134,Call
ACT017430,O03267,Workshop
ACT017431,O02917,Email
ACT017432,O00085,Email
ACT017433,O02500,Workshop
ACT017434,O00598,Email
ACT017435,O03362,POC
ACT017436,O02255,Workshop
ACT017437,O01595,Workshop
ACT017438,O01978,Call
ACT017439,O02929,Workshop
ACT017440,O02758,Workshop
ACT017441,O00498,Email
ACT017442,O02770,Workshop
ACT017443,O00378,POC
ACT017444,O01891,Call
ACT017445,O01949,Email
ACT017446,O01210,Email
ACT017447,O01783,Email
ACT017448,O01763,Call
ACT017449,O02954,Workshop
ACT017450,O01310,Workshop
ACT017451,O00707,Demo
ACT017452,O01265,Call
ACT017453,O03357,Demo
ACT017454,O03444,POC
ACT017455,O00060,Call
ACT017456,O00528,Workshop
ACT017457,O01660,Demo
ACT017458,O02863,Demo
ACT017459,O03022,Workshop
ACT017460,O01712,POC
ACT017461,O00878,Workshop
ACT017462,O02504,Demo
ACT017463,O00948,Demo
ACT017464,O01238,Workshop
ACT017465,O01445,Workshop
ACT017466,O00632,Workshop
ACT017467,O02173,Workshop
ACT017468,O02101,Call
ACT017469,O01350,POC
ACT017470,O02503,POC
ACT017471,O03336,Email
ACT017472,O00758,Email
ACT017473,O00921,Demo
ACT017474,O01835,Call
ACT017475,O03025,Email
ACT017476,O03191,Demo
ACT017477,O01078,Call
ACT017478,O02357,POC
ACT017479,O00113,Call
ACT017480,O00450,Demo
ACT017481,O02614,Workshop
ACT017482,O02053,Demo
ACT017483,O03150,Workshop
ACT017484,O01868,Workshop
ACT017485,O01792,POC
ACT017486,O01881,Demo
ACT017487,O02239,POC
ACT017488,O02982,Call
ACT017489,O01797,Demo
ACT017490,O01453,POC
ACT017491,O02031,POC
ACT017492,O01905,Call
ACT017493,O03242,Email
ACT017494,O02748,Demo
ACT017495,O02303,Email
ACT017496,O03367,POC
ACT017497,O00381,POC
ACT017498,O02675,Email
ACT017499,O02105,POC
ACT017500,O00440,POC
ACT017501,O02956,Call
ACT017502,O02254,Demo
ACT017503,O00303,Email
ACT017504,O02900,Call
ACT017505,O02489,Demo
ACT017506,O03443,Demo
ACT017507,O02819,Call
ACT017508,O02158,Call
ACT017509,O00136,POC
ACT017510,O00527,Demo
ACT017511,O02225,POC
ACT017512,O01320,Workshop
ACT017513,O02651,Demo
ACT017514,O01450,Call
ACT017515,O00701,Workshop
ACT017516,O00800,Call
ACT017517,O00297,Workshop
ACT017518,O02040,POC
ACT017519,O02999,Workshop
ACT017520,O01468,Email
ACT017521,O01566,Email
ACT017522,O03062,Workshop
ACT017523,O01070,Email
ACT017524,O01696,Demo
ACT017525,O03311,Workshop
ACT017526,O01134,Call
ACT017527,O02103,Workshop
ACT017528,O01195,Call
ACT017529,O02468,Email
ACT017530,O01726,Workshop
ACT017531,O00734,Email
ACT017532,O00075,Workshop
ACT017533,O01666,Email
ACT017534,O03199,Call
ACT017535,O00031,Email
ACT017536,O02334,Workshop
ACT017537,O00848,Email
ACT017538,O00807,Call
ACT017539,O00138,Call
ACT017540,O01856,POC
ACT017541,O02596,POC
ACT017542,O01860,POC
ACT017543,O00493,POC
ACT017544,O02761,Email
ACT017545,O00606,Call
ACT017546,O00761,POC
ACT017547,O01626,Workshop
ACT017548,O01233,Call
ACT017549,O03231,POC
ACT017550,O01860,Workshop
ACT017551,O01041,Call
ACT017552,O02973,Email
ACT017553,O01898,Demo
ACT017554,O01270,POC
ACT017555,O01976,POC
ACT017556,O02974,Call
ACT017557,O02736,Demo
ACT017558,O02877,POC
ACT017559,O01401,Demo
ACT017560,O01940,Email
ACT017561,O00324,Workshop
ACT017562,O01987,POC
ACT017563,O01110,Demo
ACT017564,O00747,Call
ACT017565,O02954,Workshop
ACT017566,O03253,Workshop
ACT017567,O01858,Call
ACT017568,O00149,Email
ACT017569,O01436,Call
ACT017570,O03410,Call
ACT017571,O00756,Workshop
ACT017572,O00684,Workshop
ACT017573,O03094,Demo
ACT017574,O02231,POC
ACT017575,O00636,Email
ACT017576,O01328,Workshop
ACT017577,O00300,Email
ACT017578,O01357,POC
ACT017579,O03262,Demo
ACT017580,O01494,Call
ACT017581,O00759,Demo
ACT017582,O00344,POC
ACT017583,O01779,Demo
ACT017584,O00337,Call
ACT017585,O01698,Demo
ACT017586,O01521,Demo
ACT017587,O00826,Demo
ACT017588,O01349,Email
ACT017589,O02863,Call
ACT017590,O02900,POC
ACT017591,O02430,Call
ACT017592,O01602,Demo
ACT017593,O01997,POC
ACT017594,O01467,Demo
ACT017595,O02202,Call
ACT017596,O02517,Workshop
ACT017597,O01064,Workshop
ACT017598,O03107,Email
ACT017599,O01768,POC
ACT017600,O01338,Call
ACT017601,O01472,Email
ACT017602,O01995,POC
ACT017603,O00701,Demo
ACT017604,O00973,Workshop
ACT017605,O02860,Email
ACT017606,O01900,Demo
ACT017607,O00720,Workshop
ACT017608,O00442,Email
ACT017609,O00137,Workshop
ACT017610,O00876,Email
ACT017611,O03058,Workshop
ACT017612,O02007,Call
ACT017613,O02796,Workshop
ACT017614,O00746,POC
ACT017615,O00226,POC
ACT017616,O02370,Workshop
ACT017617,O03401,Call
ACT017618,O02883,Demo
ACT017619,O01135,Demo
ACT017620,O00036,POC
ACT017621,O01031,Workshop
ACT017622,O02384,POC
ACT017623,O02377,Email
ACT017624,O02886,POC
ACT017625,O01670,Workshop
ACT017626,O01011,Call
ACT017627,O03132,Workshop
ACT017628,O01777,Email
ACT017629,O01684,Demo
ACT017630,O00720,Call
ACT017631,O01580,Demo
ACT017632,O03049,POC
ACT017633,O02559,Demo
ACT017634,O03213,Call
ACT017635,O00001,Workshop
ACT017636,O03481,Workshop
ACT017637,O03467,Workshop
ACT017638,O00890,Email
ACT017639,O03440,Call
ACT017640,O03394,Demo
ACT017641,O01780,POC
ACT017642,O00902,Email
ACT017643,O01061,Call
ACT017644,O00031,Demo
ACT017645,O02932,Email
ACT017646,O02106,POC
ACT017647,O01598,Email
ACT017648,O01001,Workshop
ACT017649,O01689,Email
ACT017650,O01677,Workshop
ACT017651,O02062,Email
ACT017652,O02285,Demo
ACT017653,O01677,POC
ACT017654,O00829,Demo
ACT017655,O02632,Call
ACT017656,O02633,Demo
ACT017657,O02971,Email
ACT017658,O00567,Email
ACT017659,O02625,POC
ACT017660,O01214,Call
ACT017661,O02757,Call
ACT017662,O00373,Call
ACT017663,O02935,Email
ACT017664,O00382,Workshop
ACT017665,O02022,Demo
ACT017666,O02806,Email
ACT017667,O00968,POC
ACT017668,O01034,Demo
ACT017669,O02597,Workshop
ACT017670,O00090,POC
ACT017671,O00653,POC
ACT017672,O00899,POC
ACT017673,O00004,Email
ACT017674,O01965,Workshop
ACT017675,O01577,Demo
ACT017676,O00741,Demo
ACT017677,O00110,Call
ACT017678,O03477,Demo
ACT017679,O01362,Workshop
ACT017680,O01118,POC
ACT017681,O01891,Demo
ACT017682,O00846,Workshop
ACT017683,O02300,Demo
ACT017684,O02198,Call
ACT017685,O00934,Demo
ACT017686,O00297,Call
ACT017687,O02388,Workshop
ACT017688,O02723,Email
ACT017689,O01655,Email
ACT017690,O03294,Workshop
ACT017691,O00181,Workshop
ACT017692,O03055,Email
ACT017693,O01134,Demo
ACT017694,O00102,Workshop
ACT017695,O00124,POC
ACT017696,O02808,Call
ACT017697,O03262,Demo
ACT017698,O02632,POC
ACT017699,O00155,Call
ACT017700,O01792,Workshop
ACT017701,O01990,POC
ACT017702,O00742,Email
ACT017703,O02948,POC
ACT017704,O02021,Workshop
ACT017705,O01073,Workshop
ACT017706,O01892,POC
ACT017707,O02073,Workshop
ACT017708,O01942,Workshop
ACT017709,O02967,Demo
ACT017710,O00923,Workshop
ACT017711,O02716,Call
ACT017712,O01474,Call
ACT017713,O01578,POC
ACT017714,O02432,Demo
ACT017715,O02356,Email
ACT017716,O00968,Email
ACT017717,O03329,Call
ACT017718,O02659,Call
ACT017719,O00119,Demo
ACT017720,O01198,Workshop
ACT017721,O01690,POC
ACT017722,O03358,Workshop
ACT017723,O03001,Demo
ACT017724,O01535,Demo
ACT017725,O01991,Email
ACT017726,O00214,POC
ACT017727,O00072,Workshop
ACT017728,O01093,Email
ACT017729,O00693,Workshop
ACT017730,O00592,Workshop
ACT017731,O02813,Workshop
ACT017732,O01931,Call
ACT017733,O00250,Call
ACT017734,O03402,Workshop
ACT017735,O01148,Call
ACT017736,O03136,POC
ACT017737,O02058,Workshop
ACT017738,O01030,POC
ACT017739,O03227,Demo
ACT017740,O03011,Email
ACT017741,O02326,POC
ACT017742,O01813,Email
ACT017743,O00394,Workshop
ACT017744,O00359,Call
ACT017745,O03447,Workshop
ACT017746,O03231,POC
ACT017747,O00604,Email
ACT017748,O00417,Email
ACT017749,O02586,Email
ACT017750,O00017,Demo
ACT017751,O02742,POC
ACT017752,O02272,Email
ACT017753,O00654,Workshop
ACT017754,O01769,Workshop
ACT017755,O00317,Call
ACT017756,O01188,POC
ACT017757,O00549,Demo
ACT017758,O00196,Demo
ACT017759,O00978,Email
ACT017760,O01568,Call
ACT017761,O03477,Workshop
ACT017762,O01475,Demo
ACT017763,O01763,Call
ACT017764,O02018,POC
ACT017765,O03032,Workshop
ACT017766,O00624,Demo
ACT017767,O02461,Workshop
ACT017768,O02800,Call
ACT017769,O02426,Email
ACT017770,O02380,Email
ACT017771,O01767,Demo
ACT017772,O00072,Workshop
ACT017773,O00854,POC
ACT017774,O01349,Email
ACT017775,O00314,Workshop
ACT017776,O00063,Workshop
ACT017777,O02641,Call
ACT017778,O01822,Workshop
ACT017779,O02034,Email
ACT017780,O02555,Email
ACT017781,O00523,Demo
ACT017782,O02700,Email
ACT017783,O02335,Workshop
ACT017784,O02826,Workshop
ACT017785,O02694,POC
ACT017786,O02309,Call
ACT017787,O02138,Call
ACT017788,O02168,Workshop
ACT017789,O01439,Email
ACT017790,O00484,Demo
ACT017791,O01494,Demo
ACT017792,O00010,POC
ACT017793,O00770,Call
ACT017794,O02740,Workshop
ACT017795,O01766,POC
ACT017796,O01545,POC
ACT017797,O00777,Call
ACT017798,O00510,Email
ACT017799,O02786,POC
ACT017800,O02463,Demo
ACT017801,O01398,Call
ACT017802,O01894,POC
ACT017803,O00315,Demo
ACT017804,O01495,Demo
ACT017805,O01092,Demo
ACT017806,O01481,Workshop
ACT017807,O02662,Email
ACT017808,O02353,Email
ACT017809,O03257,Call
ACT017810,O03021,POC
ACT017811,O02382,Email
ACT017812,O01122,Demo
ACT017813,O01063,POC
ACT017814,O00658,Demo
ACT017815,O00910,POC
ACT017816,O01031,Email
ACT017817,O01011,POC
ACT017818,O03377,Workshop
ACT017819,O00188,Workshop
ACT017820,O01824,Email
ACT017821,O01489,Call
ACT017822,O03306,Email
ACT017823,O02865,POC
ACT017824,O01699,Workshop
ACT017825,O02478,POC
ACT017826,O02486,Workshop
ACT017827,O01004,Email
ACT017828,O01450,Demo
ACT017829,O01087,POC
ACT017830,O02090,Email
ACT017831,O00447,Workshop
ACT017832,O01861,Workshop
ACT017833,O01778,POC
ACT017834,O01293,Demo
ACT017835,O00096,POC
ACT017836,O02055,Demo
ACT017837,O00965,Call
ACT017838,O02445,Call
ACT017839,O00262,Call
ACT017840,O03280,POC
ACT017841,O00346,Demo
ACT017842,O02030,Demo
ACT017843,O02924,Call
ACT017844,O02509,Workshop
ACT017845,O00478,Call
ACT017846,O02233,Workshop
ACT017847,O00326,Workshop
ACT017848,O02960,Demo
ACT017849,O02021,Workshop
ACT017850,O03412,Call
ACT017851,O01033,Workshop
ACT017852,O01527,Call
ACT017853,O03165,Demo
ACT017854,O02334,Call
ACT017855,O01300,POC
ACT017856,O01190,Workshop
ACT017857,O01369,POC
ACT017858,O00227,Call
ACT017859,O02689,Demo
ACT017860,O02984,Call
ACT017861,O00547,Demo
ACT017862,O03374,Call
ACT017863,O02064,Call
ACT017864,O02018,Workshop
ACT017865,O00659,Workshop
ACT017866,O02833,Workshop
ACT017867,O01699,Call
ACT017868,O00389,Email
ACT017869,O02281,POC
ACT017870,O01614,Call
ACT017871,O01630,Email
ACT017872,O00834,Email
ACT017873,O00631,Email
ACT017874,O00659,POC
ACT017875,O02675,Call
ACT017876,O01319,Call
ACT017877,O03248,Call
ACT017878,O01337,Workshop
ACT017879,O00179,Demo
ACT017880,O01481,Call
ACT017881,O02031,Email
ACT017882,O00776,Email
ACT017883,O01375,Workshop
ACT017884,O03095,Workshop
ACT017885,O00777,Workshop
ACT017886,O00438,Email
ACT017887,O02623,Email
ACT017888,O01848,Email
ACT017889,O02782,Email
ACT017890,O03478,Call
ACT017891,O00238,POC
ACT017892,O00749,Demo
ACT017893,O02359,Workshop
ACT017894,O02752,Email
ACT017895,O01764,Workshop
ACT017896,O03175,Demo
ACT017897,O03293,Demo
ACT017898,O02706,POC
ACT017899,O02189,POC
ACT017900,O01419,POC
ACT017901,O02300,Email
ACT017902,O01009,Call
ACT017903,O01567,Call
ACT017904,O01336,Email
ACT017905,O00799,Demo
ACT017906,O01592,Workshop
ACT017907,O00568,Email
ACT017908,O00963,Demo
ACT017909,O02054,Demo
ACT017910,O01317,POC
ACT017911,O02996,Email
ACT017912,O00929,Demo
ACT017913,O02188,Email
ACT017914,O02895,Demo
ACT017915,O00659,Demo
ACT017916,O00214,Demo
ACT017917,O01530,POC
ACT017918,O01118,Call
ACT017919,O02968,Call
ACT017920,O01616,Workshop
ACT017921,O02101,POC
ACT017922,O02634,Workshop
ACT017923,O00526,POC
ACT017924,O01295,Workshop
ACT017925,O02229,POC
ACT017926,O02797,Demo
ACT017927,O03065,Demo
ACT017928,O02061,Workshop
ACT017929,O01533,POC
ACT017930,O01370,Email
ACT017931,O00118,Workshop
ACT017932,O03046,Call
ACT017933,O01077,Call
ACT017934,O02097,Workshop
ACT017935,O00960,Demo
ACT017936,O03121,Email
ACT017937,O01114,Demo
ACT017938,O01200,Demo
ACT017939,O03002,Call
ACT017940,O03226,Workshop
ACT017941,O02130,Call
ACT017942,O00728,POC
ACT017943,O02632,Demo
ACT017944,O01614,Call
ACT017945,O01469,Workshop
ACT017946,O00432,Demo
ACT017947,O02938,Demo
ACT017948,O02770,POC
ACT017949,O01985,Call
ACT017950,O02753,Workshop
ACT017951,O02241,Workshop
ACT017952,O03383,POC
ACT017953,O00249,Workshop
ACT017954,O03169,Demo
ACT017955,O00174,Email
ACT017956,O00744,Workshop
ACT017957,O00715,Email
ACT017958,O03384,POC
ACT017959,O00472,Demo
ACT017960,O01176,POC
ACT017961,O00679,Demo
ACT017962,O02325,Workshop
ACT017963,O00236,Demo
ACT017964,O00924,Demo
ACT017965,O00023,Call
ACT017966,O00252,Demo
ACT017967,O02159,Call
ACT017968,O00590,Demo
ACT017969,O00399,Demo
ACT017970,O03409,Workshop
ACT017971,O03203,Workshop
ACT017972,O02781,Workshop
ACT017973,O03141,Call
ACT017974,O01176,Email
ACT017975,O02596,Email
ACT017976,O02599,Call
ACT017977,O00591,Call
ACT017978,O01317,POC
ACT017979,O00995,Email
ACT017980,O02632,Email
ACT017981,O02312,POC
ACT017982,O00584,Email
ACT017983,O03389,POC
ACT017984,O03257,Call
ACT017985,O01227,Email
ACT017986,O01782,Workshop
ACT017987,O01032,Call
ACT017988,O01492,Workshop
ACT017989,O03179,Demo
ACT017990,O00422,Call
ACT017991,O02828,POC
ACT017992,O02301,POC
ACT017993,O01180,Workshop
ACT017994,O01393,Email
ACT017995,O01671,Workshop
ACT017996,O00614,Demo
ACT017997,O02122,Workshop
ACT017998,O03247,POC
ACT017999,O00611,Email
ACT018000,O02785,POC
ACT018001,O03202,Call
ACT018002,O03011,POC
ACT018003,O02403,Demo
ACT018004,O01764,Demo
ACT018005,O03444,Email
ACT018006,O01372,Demo
ACT018007,O00571,POC
ACT018008,O01241,Workshop
ACT018009,O02913,Email
ACT018010,O00669,Email
ACT018011,O01587,POC
ACT018012,O03458,Email
ACT018013,O03466,Demo
ACT018014,O02353,Demo
ACT018015,O01315,POC
ACT018016,O00481,Demo
ACT018017,O02173,Email
ACT018018,O00240,Demo
ACT018019,O00936,Email
ACT018020,O00894,Demo
ACT018021,O00331,Demo
ACT018022,O01999,Call
ACT018023,O02381,POC
ACT018024,O02593,Demo
ACT018025,O00936,Demo
ACT018026,O03036,Call
ACT018027,O02820,Call
ACT018028,O03054,Demo
ACT018029,O01999,Call
ACT018030,O02947,Call
ACT018031,O02045,Workshop
ACT018032,O01520,Demo
ACT018033,O00749,POC
ACT018034,O01615,Email
ACT018035,O01120,Demo
ACT018036,O03057,POC
ACT018037,O02805,Demo
ACT018038,O03026,Email
ACT018039,O01395,Email
ACT018040,O03247,Workshop
ACT018041,O02080,Demo
ACT018042,O01098,POC
ACT018043,O00756,POC
ACT018044,O00819,Call
ACT018045,O01963,POC
ACT018046,O02694,Demo
ACT018047,O03431,Email
ACT018048,O01613,Email
ACT018049,O00985,Email
ACT018050,O02960,POC
ACT018051,O00084,POC
ACT018052,O00486,Call
ACT018053,O03124,Demo
ACT018054,O00296,Email
ACT018055,O02604,Email
ACT018056,O01116,POC
ACT018057,O00061,Demo
ACT018058,O01992,Email
ACT018059,O01520,Workshop
ACT018060,O00387,POC
ACT018061,O00151,Demo
ACT018062,O00860,Call
ACT018063,O01200,Call
ACT018064,O02299,Demo
ACT018065,O01356,Email
ACT018066,O02864,Workshop
ACT018067,O03173,Demo
ACT018068,O02620,POC
ACT018069,O02088,POC
ACT018070,O01280,Call
ACT018071,O00510,Call
ACT018072,O03195,POC
ACT018073,O01140,Call
ACT018074,O03185,Call
ACT018075,O01766,Workshop
ACT018076,O02978,Email
ACT018077,O00364,Demo
ACT018078,O02167,Workshop
ACT018079,O00822,Call
ACT018080,O00823,Workshop
ACT018081,O01329,Demo
ACT018082,O01928,Workshop
ACT018083,O02016,POC
ACT018084,O02943,Call
ACT018085,O01652,Call
ACT018086,O01958,Workshop
ACT018087,O00317,Demo
ACT018088,O00034,Email
ACT018089,O01592,Call
ACT018090,O00494,Call
ACT018091,O01269,Email
ACT018092,O00836,Demo
ACT018093,O02630,Email
ACT018094,O02423,Email
ACT018095,O00248,Workshop
ACT018096,O00912,Workshop
ACT018097,O02654,Email
ACT018098,O00710,Call
ACT018099,O00111,POC
ACT018100,O01791,Call
ACT018101,O00091,Call
ACT018102,O01857,Demo
ACT018103,O01535,Workshop
ACT018104,O01188,POC
ACT018105,O02668,POC
ACT018106,O02375,POC
ACT018107,O02041,Email
ACT018108,O00863,POC
ACT018109,O00064,Email
ACT018110,O02196,POC
ACT018111,O01007,Workshop
ACT018112,O00006,Email
ACT018113,O00334,Call
ACT018114,O01931,Demo
ACT018115,O02202,Workshop
ACT018116,O00445,Call
ACT018117,O00138,Demo
ACT018118,O00160,Email
ACT018119,O00242,Demo
ACT018120,O00497,POC
ACT018121,O02736,Demo
ACT018122,O00700,POC
ACT018123,O02008,Demo
ACT018124,O03046,Call
ACT018125,O01660,Demo
ACT018126,O00092,POC
ACT018127,O01249,POC
ACT018128,O02620,POC
ACT018129,O00731,Call
ACT018130,O01190,Call
ACT018131,O02352,POC
ACT018132,O00512,Email
ACT018133,O00338,POC
ACT018134,O02899,POC
ACT018135,O01812,Call
ACT018136,O02928,Call
ACT018137,O01723,POC
ACT018138,O03456,Call
ACT018139,O01740,Workshop
ACT018140,O03383,Call
ACT018141,O00093,Demo
ACT018142,O01976,Call
ACT018143,O01741,Workshop
ACT018144,O01891,Demo
ACT018145,O03402,POC
ACT018146,O01730,Call
ACT018147,O03278,Call
ACT018148,O03403,Call
ACT018149,O03480,Demo
ACT018150,O02227,Call
ACT018151,O01504,Demo
ACT018152,O00735,POC
ACT018153,O01561,Call
ACT018154,O00486,Demo
ACT018155,O00841,Email
ACT018156,O01524,POC
ACT018157,O00006,Call
ACT018158,O01143,Call
ACT018159,O00578,Email
ACT018160,O02027,POC
ACT018161,O01937,Email
ACT018162,O00225,Call
ACT018163,O00581,Email
ACT018164,O01108,Demo
ACT018165,O03243,Demo
ACT018166,O01361,Workshop
ACT018167,O02088,Email
ACT018168,O03487,Demo
ACT018169,O02624,Call
ACT018170,O00076,POC
ACT018171,O00399,Workshop
ACT018172,O03230,POC
ACT018173,O03002,Workshop
ACT018174,O02294,Email
ACT018175,O00620,Workshop
ACT018176,O03112,Call
ACT018177,O00571,Email
ACT018178,O00128,Workshop
ACT018179,O00735,Email
ACT018180,O02322,Email
ACT018181,O02457,Call
ACT018182,O01291,Email
ACT018183,O00582,Call
ACT018184,O03181,Email
ACT018185,O01991,Call
ACT018186,O02888,POC
ACT018187,O02830,Call
ACT018188,O01923,POC
ACT018189,O01717,Call
ACT018190,O00920,Demo
ACT018191,O01823,Email
ACT018192,O02552,Call
ACT018193,O03053,Call
ACT018194,O03476,POC
ACT018195,O01164,Workshop
ACT018196,O01707,Email
ACT018197,O01182,Email
ACT018198,O02532,Demo
ACT018199,O01271,Call
ACT018200,O00810,Email
ACT018201,O00743,Call
ACT018202,O01959,Workshop
ACT018203,O00811,Workshop
ACT018204,O02702,Demo
ACT018205,O02397,Email
ACT018206,O00764,Email
ACT018207,O01910,Email
ACT018208,O01002,Email
ACT018209,O00832,Call
ACT018210,O00553,Email
ACT018211,O00155,Call
ACT018212,O00580,Workshop
ACT018213,O02263,Call
ACT018214,O00796,POC
ACT018215,O02759,Demo
ACT018216,O03155,POC
ACT018217,O02469,Demo
ACT018218,O02548,POC
ACT018219,O00335,Workshop
ACT018220,O00464,Email
ACT018221,O01004,Call
ACT018222,O01920,Call
ACT018223,O03333,Demo
ACT018224,O00186,Call
ACT018225,O03253,Workshop
ACT018226,O01145,Workshop
ACT018227,O01412,Demo
ACT018228,O02548,Email
ACT018229,O02520,POC
ACT018230,O01596,Email
ACT018231,O01397,Email
ACT018232,O02301,Email
ACT018233,O01557,Workshop
ACT018234,O00962,POC
ACT018235,O01876,Email
ACT018236,O02447,Workshop
ACT018237,O02165,Email
ACT018238,O01320,Workshop
ACT018239,O02263,POC
ACT018240,O03470,Workshop
ACT018241,O02325,POC
ACT018242,O00215,Call
ACT018243,O01677,POC
ACT018244,O02714,Demo
ACT018245,O00353,Workshop
ACT018246,O02964,Call
ACT018247,O01622,Call
ACT018248,O01630,POC
ACT018249,O00883,POC
ACT018250,O02551,Workshop
ACT018251,O00869,POC
ACT018252,O00337,Email
ACT018253,O01441,Workshop
ACT018254,O02507,Email
ACT018255,O03264,Demo
ACT018256,O02656,Email
ACT018257,O02097,Email
ACT018258,O02402,POC
ACT018259,O00840,Workshop
ACT018260,O01545,Call
ACT018261,O02841,POC
ACT018262,O01876,Email
ACT018263,O03288,POC
ACT018264,O01545,Workshop
ACT018265,O02046,POC
ACT018266,O00858,Call
ACT018267,O02792,POC
ACT018268,O03056,Workshop
ACT018269,O02984,Demo
ACT018270,O00021,Call
ACT018271,O02635,Call
ACT018272,O01269,Email
ACT018273,O00492,Demo
ACT018274,O00373,POC
ACT018275,O02045,POC
ACT018276,O01880,Call
ACT018277,O03070,Call
ACT018278,O02746,POC
ACT018279,O02416,Demo
ACT018280,O02907,Call
ACT018281,O02644,Demo
ACT018282,O01972,Workshop
ACT018283,O01272,Workshop
ACT018284,O02293,Email
ACT018285,O00030,POC
ACT018286,O03119,POC
ACT018287,O00059,Call
ACT018288,O01599,Call
ACT018289,O02745,Email
ACT018290,O00047,Email
ACT018291,O02544,Demo
ACT018292,O03421,Demo
ACT018293,O01911,Workshop
ACT018294,O00048,POC
ACT018295,O00154,Email
ACT018296,O00028,Workshop
ACT018297,O03187,Demo
ACT018298,O00336,Email
ACT018299,O00930,Demo
ACT018300,O02064,Email
ACT018301,O00547,Workshop
ACT018302,O00691,Workshop
ACT018303,O03132,Email
ACT018304,O03217,Email
ACT018305,O01688,Demo
ACT018306,O00447,Call
ACT018307,O01934,POC
ACT018308,O00034,Call
ACT018309,O02487,Email
ACT018310,O03395,Call
ACT018311,O03364,Workshop
ACT018312,O02551,Call
ACT018313,O00142,Workshop
ACT018314,O00214,Workshop
ACT018315,O01113,Demo
ACT018316,O03394,POC
ACT018317,O02929,Workshop
ACT018318,O02714,POC
ACT018319,O03142,Call
ACT018320,O00644,Email
ACT018321,O02579,Demo
ACT018322,O03455,Demo
ACT018323,O02231,Email
ACT018324,O00240,Workshop
ACT018325,O01313,Email
ACT018326,O00235,Workshop
ACT018327,O01874,POC
ACT018328,O01547,Email
ACT018329,O00108,Workshop
ACT018330,O01608,Call
ACT018331,O03298,Call
ACT018332,O03258,Demo
ACT018333,O01722,Email
ACT018334,O03453,Call
ACT018335,O01227,Call
ACT018336,O00437,Email
ACT018337,O00093,Demo
ACT018338,O02032,POC
ACT018339,O01310,Call
ACT018340,O01470,Workshop
ACT018341,O00023,Call
ACT018342,O02685,Demo
ACT018343,O00682,Demo
ACT018344,O01243,Workshop
ACT018345,O00860,Demo
ACT018346,O02876,Email
ACT018347,O01163,Workshop
ACT018348,O01779,Call
ACT018349,O00333,POC
ACT018350,O03442,Call
ACT018351,O01382,Call
ACT018352,O00221,Workshop
ACT018353,O01293,Email
ACT018354,O03248,Workshop
ACT018355,O03201,Workshop
ACT018356,O01444,POC
ACT018357,O01566,Email
ACT018358,O00481,Demo
ACT018359,O01822,Call
ACT018360,O01892,Call
ACT018361,O03366,Workshop
ACT018362,O02412,Email
ACT018363,O02659,POC
ACT018364,O00262,Workshop
ACT018365,O02520,Email
ACT018366,O03217,Email
ACT018367,O02896,Workshop
ACT018368,O00807,Email
ACT018369,O01330,POC
ACT018370,O00443,Email
ACT018371,O03086,Workshop
ACT018372,O01332,Demo
ACT018373,O03425,Demo
ACT018374,O03464,Call
ACT018375,O02610,POC
ACT018376,O00745,Demo
ACT018377,O02781,Demo
ACT018378,O01821,Email
ACT018379,O02006,POC
ACT018380,O01203,Demo
ACT018381,O00371,Demo
ACT018382,O00995,Call
ACT018383,O02117,Demo
ACT018384,O02291,Call
ACT018385,O00897,Call
ACT018386,O01051,Email
ACT018387,O00315,Demo
ACT018388,O02761,Workshop
ACT018389,O03159,Call
ACT018390,O01642,POC
ACT018391,O02731,POC
ACT018392,O00820,Demo
ACT018393,O01948,Call
ACT018394,O00522,POC
ACT018395,O00699,POC
ACT018396,O02732,Workshop
ACT018397,O02999,POC
ACT018398,O02203,Demo
ACT018399,O01539,Workshop
ACT018400,O02696,Email
ACT018401,O01182,Call
ACT018402,O02145,POC
ACT018403,O00881,POC
ACT018404,O03055,Workshop
ACT018405,O01518,Demo
ACT018406,O01847,Email
ACT018407,O01083,POC
ACT018408,O03265,Email
ACT018409,O00401,Call
ACT018410,O01077,POC
ACT018411,O00276,Call
ACT018412,O00639,Demo
ACT018413,O01762,Workshop
ACT018414,O00212,POC
ACT018415,O01036,Email
ACT018416,O01128,Demo
ACT018417,O02228,Call
ACT018418,O01532,Call
ACT018419,O03457,Email
ACT018420,O00140,Workshop
ACT018421,O03359,POC
ACT018422,O02078,Email
ACT018423,O00484,POC
ACT018424,O03302,POC
ACT018425,O02435,Email
ACT018426,O02912,Workshop
ACT018427,O02293,POC
ACT018428,O00345,POC
ACT018429,O02723,POC
ACT018430,O01417,Demo
ACT018431,O00955,Email
ACT018432,O00394,Demo
ACT018433,O01982,Demo
ACT018434,O03398,Call
ACT018435,O03120,Workshop
ACT018436,O02025,Email
ACT018437,O02166,Call
ACT018438,O01379,POC
ACT018439,O01087,Email
ACT018440,O00508,Email
ACT018441,O01738,Call
ACT018442,O02390,Workshop
ACT018443,O01082,Demo
ACT018444,O01069,Workshop
ACT018445,O03019,POC
ACT018446,O01360,Call
ACT018447,O01352,Demo
ACT018448,O02690,Demo
ACT018449,O01221,POC
ACT018450,O02047,Workshop
ACT018451,O02140,POC
ACT018452,O01228,Demo
ACT018453,O00981,Demo
ACT018454,O00057,Email
ACT018455,O02041,Email
ACT018456,O03259,Workshop
ACT018457,O02433,Demo
ACT018458,O03235,Email
ACT018459,O02330,Demo
ACT018460,O02271,Workshop
ACT018461,O02684,Email
ACT018462,O01857,POC
ACT018463,O02707,Workshop
ACT018464,O03039,Call
ACT018465,O03247,Workshop
ACT018466,O00231,Workshop
ACT018467,O00318,Workshop
ACT018468,O01497,Workshop
ACT018469,O00162,POC
ACT018470,O00407,Call
ACT018471,O01464,Demo
ACT018472,O01739,Workshop
ACT018473,O01877,Demo
ACT018474,O01894,Demo
ACT018475,O03081,POC
ACT018476,O02833,Demo
ACT018477,O02388,Workshop
ACT018478,O00566,Demo
ACT018479,O03072,Workshop
ACT018480,O00607,Workshop
ACT018481,O02359,Demo
ACT018482,O01837,POC
ACT018483,O02701,Demo
ACT018484,O01554,Workshop
ACT018485,O00027,Email
ACT018486,O02499,Workshop
ACT018487,O01526,Call
ACT018488,O01743,Call
ACT018489,O01842,Demo
ACT018490,O02257,POC
ACT018491,O02803,Workshop
ACT018492,O02633,Email
ACT018493,O00568,Email
ACT018494,O03269,Demo
ACT018495,O02112,Demo
ACT018496,O01120,Workshop
ACT018497,O03388,Call
ACT018498,O01690,Email
ACT018499,O02256,Email
ACT018500,O00059,Demo
ACT018501,O01159,Demo
ACT018502,O03085,Workshop
ACT018503,O00766,Demo
ACT018504,O00461,POC
ACT018505,O02402,Demo
ACT018506,O01822,Email
ACT018507,O03043,POC
ACT018508,O03064,Call
ACT018509,O03391,POC
ACT018510,O01702,Email
ACT018511,O01510,Demo
ACT018512,O00769,Call
ACT018513,O02867,Call
ACT018514,O00650,POC
ACT018515,O02175,Call
ACT018516,O03035,Email
ACT018517,O00273,POC
ACT018518,O00712,POC
ACT018519,O02876,Demo
ACT018520,O00778,Email
ACT018521,O00884,Email
ACT018522,O01217,Email
ACT018523,O01467,Call
ACT018524,O01610,POC
ACT018525,O01315,Call
ACT018526,O02285,Email
ACT018527,O00998,Demo
ACT018528,O00458,Email
ACT018529,O03467,Demo
ACT018530,O02767,Workshop
ACT018531,O02178,Demo
ACT018532,O01605,Workshop
ACT018533,O00371,Call
ACT018534,O01664,Demo
ACT018535,O00962,Email
ACT018536,O01183,Demo
ACT018537,O03464,Workshop
ACT018538,O00419,Workshop
ACT018539,O02960,Workshop
ACT018540,O01541,Call
ACT018541,O01513,Email
ACT018542,O01195,POC
ACT018543,O00087,Email
ACT018544,O01234,POC
ACT018545,O03167,Demo
ACT018546,O03109,Workshop
ACT018547,O00104,Workshop
ACT018548,O03150,Email
ACT018549,O00143,POC
ACT018550,O02335,Email
ACT018551,O00744,Workshop
ACT018552,O01318,Workshop
ACT018553,O03299,POC
ACT018554,O01746,Email
ACT018555,O00783,POC
ACT018556,O01431,Email
ACT018557,O02160,Workshop
ACT018558,O01752,Email
ACT018559,O02014,Call
ACT018560,O02326,Call
ACT018561,O03172,Call
ACT018562,O02811,POC
ACT018563,O02147,Demo
ACT018564,O00194,Workshop
ACT018565,O00275,Email
ACT018566,O01430,Email
ACT018567,O01840,Workshop
ACT018568,O02472,POC
ACT018569,O00565,Demo
ACT018570,O02531,Workshop
ACT018571,O02328,Demo
ACT018572,O00901,Demo
ACT018573,O01187,POC
ACT018574,O01866,Demo
ACT018575,O03224,Email
ACT018576,O01129,Email
ACT018577,O02698,Email
ACT018578,O00616,POC
ACT018579,O02409,Demo
ACT018580,O00222,Email
ACT018581,O00243,Call
ACT018582,O02171,Email
ACT018583,O00748,POC
ACT018584,O01012,Call
ACT018585,O01216,Email
ACT018586,O01258,Demo
ACT018587,O02597,POC
ACT018588,O01915,Workshop
ACT018589,O02467,Demo
ACT018590,O02957,Email
ACT018591,O01519,Workshop
ACT018592,O01374,Demo
ACT018593,O00111,Call
ACT018594,O00540,POC
ACT018595,O01512,POC
ACT018596,O00866,Email
ACT018597,O00786,POC
ACT018598,O00088,Call
ACT018599,O02805,POC
ACT018600,O01109,Workshop
ACT018601,O02856,Demo
ACT018602,O01364,Workshop
ACT018603,O00655,POC
ACT018604,O00979,Call
ACT018605,O01062,Demo
ACT018606,O00234,Call
ACT018607,O03220,Call
ACT018608,O02111,Workshop
ACT018609,O02166,Demo
ACT018610,O02209,Email
ACT018611,O01120,Email
ACT018612,O00137,Call
ACT018613,O00288,POC
ACT018614,O02804,POC
ACT018615,O03387,Workshop
ACT018616,O01997,Call
ACT018617,O00040,Workshop
ACT018618,O02762,Call
ACT018619,O02333,Call
ACT018620,O03042,POC
ACT018621,O02527,Email
ACT018622,O03045,POC
ACT018623,O00464,Call
ACT018624,O02211,Email
ACT018625,O02008,Email
ACT018626,O03036,Workshop
ACT018627,O02507,Demo
ACT018628,O01505,POC
ACT018629,O03393,Call
ACT018630,O01086,POC
ACT018631,O03386,POC
ACT018632,O00854,Demo
ACT018633,O01260,Email
ACT018634,O00734,Workshop
ACT018635,O02981,Call
ACT018636,O03334,POC
ACT018637,O01144,Demo
ACT018638,O02729,Workshop
ACT018639,O00329,Call
ACT018640,O02544,Demo
ACT018641,O01771,Email
ACT018642,O00468,POC
ACT018643,O03067,Demo
ACT018644,O02247,Call
ACT018645,O00325,Email
ACT018646,O00256,Demo
ACT018647,O02781,Workshop
ACT018648,O00642,Workshop
ACT018649,O03120,Call
ACT018650,O00319,Workshop
ACT018651,O01644,Workshop
ACT018652,O03195,Workshop
ACT018653,O02094,POC
ACT018654,O01306,Call
ACT018655,O01887,Demo
ACT018656,O01430,Demo
ACT018657,O01488,Email
ACT018658,O03006,Workshop
ACT018659,O01462,Demo
ACT018660,O03081,POC
ACT018661,O02812,POC
ACT018662,O01389,POC
ACT018663,O03115,Call
ACT018664,O02676,Demo
ACT018665,O00099,POC
ACT018666,O03256,Workshop
ACT018667,O02354,Demo
ACT018668,O02034,POC
ACT018669,O02702,Call
ACT018670,O01006,Call
ACT018671,O02665,Workshop
ACT018672,O00697,Workshop
ACT018673,O00415,Call
ACT018674,O01806,Email
ACT018675,O02442,Call
ACT018676,O02037,Email
ACT018677,O00967,Workshop
ACT018678,O00695,Email
ACT018679,O02691,Call
ACT018680,O02980,Workshop
ACT018681,O03252,Demo
ACT018682,O01984,POC
ACT018683,O00902,Call
ACT018684,O00990,Email
ACT018685,O02968,POC
ACT018686,O02899,Email
ACT018687,O01169,Workshop
ACT018688,O01050,Demo
ACT018689,O01550,Demo
ACT018690,O02733,Workshop
ACT018691,O01924,Email
ACT018692,O02327,Workshop
ACT018693,O02029,Workshop
ACT018694,O02663,Email
ACT018695,O02864,Workshop
ACT018696,O02660,POC
ACT018697,O00832,POC
ACT018698,O01856,Email
ACT018699,O00310,POC
ACT018700,O02285,Email
ACT018701,O02517,POC
ACT018702,O02430,Workshop
ACT018703,O00085,Demo
ACT018704,O01158,Demo
ACT018705,O00842,Email
ACT018706,O02768,POC
ACT018707,O01789,Workshop
ACT018708,O03173,POC
ACT018709,O00374,Demo
ACT018710,O02647,Email
ACT018711,O03091,Workshop
ACT018712,O00209,Demo
ACT018713,O01556,Email
ACT018714,O00644,Demo
ACT018715,O00481,Call
ACT018716,O03488,Email
ACT018717,O03275,Demo
ACT018718,O02616,Email
ACT018719,O03190,Email
ACT018720,O02451,Call
ACT018721,O00077,Demo
ACT018722,O02173,Call
ACT018723,O02969,Call
ACT018724,O02263,Demo
ACT018725,O01446,Email
ACT018726,O00980,Workshop
ACT018727,O01497,POC
ACT018728,O02997,Email
ACT018729,O00783,Call
ACT018730,O02942,POC
ACT018731,O00877,Demo
ACT018732,O00352,Demo
ACT018733,O02963,POC
ACT018734,O03144,Call
ACT018735,O01921,Call
ACT018736,O00844,Call
ACT018737,O01289,Workshop
ACT018738,O00990,POC
ACT018739,O03384,Call
ACT018740,O03177,Call
ACT018741,O00321,Demo
ACT018742,O01736,Call
ACT018743,O01278,Demo
ACT018744,O02047,POC
ACT018745,O00337,Call
ACT018746,O02016,POC
ACT018747,O00036,Demo
ACT018748,O02389,Workshop
ACT018749,O03330,Demo
ACT018750,O01736,Call
ACT018751,O02482,Call
ACT018752,O00819,Workshop
ACT018753,O01114,Workshop
ACT018754,O01577,Workshop
ACT018755,O00630,Workshop
ACT018756,O01761,Demo
ACT018757,O01765,POC
ACT018758,O01921,Workshop
ACT018759,O02616,Workshop
ACT018760,O02947,POC
ACT018761,O02948,Workshop
ACT018762,O01388,Demo
ACT018763,O02435,POC
ACT018764,O02378,Email
ACT018765,O00200,Call
ACT018766,O02395,Demo
ACT018767,O02041,POC
ACT018768,O03131,Workshop
ACT018769,O03431,Demo
ACT018770,O00741,Workshop
ACT018771,O00770,Call
ACT018772,O03132,Email
ACT018773,O02401,Email
ACT018774,O01305,Call
ACT018775,O01302,Workshop
ACT018776,O02132,Call
ACT018777,O01417,POC
ACT018778,O01251,Call
ACT018779,O00822,Workshop
ACT018780,O02552,Email
ACT018781,O03388,Email
ACT018782,O02859,Email
ACT018783,O02605,Call
ACT018784,O02481,POC
ACT018785,O00984,Workshop
ACT018786,O02900,Workshop
ACT018787,O01114,Workshop
ACT018788,O00968,Workshop
ACT018789,O02479,Call
ACT018790,O02602,Demo
ACT018791,O00552,Demo
ACT018792,O03161,POC
ACT018793,O02679,Workshop
ACT018794,O02806,POC
ACT018795,O01870,POC
ACT018796,O00252,Workshop
ACT018797,O00687,Call
ACT018798,O02460,Email
ACT018799,O02769,Demo
ACT018800,O00711,Email
ACT018801,O01536,POC
ACT018802,O01348,Email
ACT018803,O00058,Email
ACT018804,O00139,Call
ACT018805,O02882,Demo
ACT018806,O01688,Call
ACT018807,O01552,Demo
ACT018808,O02129,Email
ACT018809,O03158,Demo
ACT018810,O02270,POC
ACT018811,O00105,Demo
ACT018812,O02755,Call
ACT018813,O01949,Email
ACT018814,O02437,Demo
ACT018815,O02297,Email
ACT018816,O01458,Email
ACT018817,O00135,Workshop
ACT018818,O02846,Email
ACT018819,O00797,Workshop
ACT018820,O00262,Workshop
ACT018821,O01184,Call
ACT018822,O02501,Email
ACT018823,O00897,Email
ACT018824,O01817,Call
ACT018825,O00003,POC
ACT018826,O01216,Workshop
ACT018827,O01453,Call
ACT018828,O01517,POC
ACT018829,O01919,Email
ACT018830,O00112,Workshop
ACT018831,O03210,Workshop
ACT018832,O03130,Workshop
ACT018833,O02922,Workshop
ACT018834,O01421,POC
ACT018835,O02966,Workshop
ACT018836,O03348,Call
ACT018837,O01960,Call
ACT018838,O01223,Workshop
ACT018839,O00406,POC
ACT018840,O03037,Email
ACT018841,O01738,POC
ACT018842,O02184,Call
ACT018843,O00317,POC
ACT018844,O03161,Demo
ACT018845,O00224,POC
ACT018846,O00359,Call
ACT018847,O01005,Demo
ACT018848,O00969,Demo
ACT018849,O02534,Demo
ACT018850,O01223,Call
ACT018851,O03479,Workshop
ACT018852,O01006,POC
ACT018853,O01305,Workshop
ACT018854,O00288,Workshop
ACT018855,O00573,Demo
ACT018856,O02086,Email
ACT018857,O03406,POC
ACT018858,O01318,Workshop
ACT018859,O00416,Email
ACT018860,O00501,Demo
ACT018861,O02275,Workshop
ACT018862,O01748,Demo
ACT018863,O00836,Workshop
ACT018864,O01405,Email
ACT018865,O02027,Call
ACT018866,O02187,Demo
ACT018867,O01637,Call
ACT018868,O00003,Demo
ACT018869,O00056,Demo
ACT018870,O01728,Email
ACT018871,O03412,Call
ACT018872,O01518,POC
ACT018873,O00562,Call
ACT018874,O01958,Workshop
ACT018875,O02196,Call
ACT018876,O01096,POC
ACT018877,O00070,Call
ACT018878,O01649,Email
ACT018879,O00851,Workshop
ACT018880,O01144,Workshop
ACT018881,O00345,Demo
ACT018882,O01458,Call
ACT018883,O03286,POC
ACT018884,O01725,Email
ACT018885,O01444,Call
ACT018886,O02904,Call
ACT018887,O01059,Workshop
ACT018888,O01165,Demo
ACT018889,O02271,Demo
ACT018890,O00872,Email
ACT018891,O02868,POC
ACT018892,O00887,Workshop
ACT018893,O02054,Workshop
ACT018894,O00292,Workshop
ACT018895,O01042,POC
ACT018896,O02188,Email
ACT018897,O02833,Demo
ACT018898,O03289,Call
ACT018899,O00579,Demo
ACT018900,O00819,Call
ACT018901,O00636,Call
ACT018902,O00356,Workshop
ACT018903,O02896,Email
ACT018904,O00353,Workshop
ACT018905,O03215,Demo
ACT018906,O02653,Workshop
ACT018907,O02238,Workshop
ACT018908,O02710,Call
ACT018909,O01476,Call
ACT018910,O01350,Demo
ACT018911,O00935,Workshop
ACT018912,O00453,Call
ACT018913,O01385,Workshop
ACT018914,O02999,Email
ACT018915,O01923,Call
ACT018916,O02403,POC
ACT018917,O02260,Workshop
ACT018918,O03002,Email
ACT018919,O03265,POC
ACT018920,O01418,Workshop
ACT018921,O00669,Email
ACT018922,O02508,Email
ACT018923,O01815,POC
ACT018924,O00010,Call
ACT018925,O02274,Workshop
ACT018926,O00836,Workshop
ACT018927,O00422,Demo
ACT018928,O01669,Workshop
ACT018929,O03092,Workshop
ACT018930,O02037,POC
ACT018931,O01951,Workshop
ACT018932,O03185,Call
ACT018933,O01261,Call
ACT018934,O01188,Demo
ACT018935,O00247,Call
ACT018936,O00295,Email
ACT018937,O00535,Demo
ACT018938,O01149,Demo
ACT018939,O02019,Workshop
ACT018940,O02177,Demo
ACT018941,O02996,Email
ACT018942,O01705,Call
ACT018943,O00185,Demo
ACT018944,O01636,Email
ACT018945,O00487,Demo
ACT018946,O02261,Email
ACT018947,O02463,Email
ACT018948,O00904,Call
ACT018949,O03026,Workshop
ACT018950,O00392,Email
ACT018951,O02411,POC
ACT018952,O00659,POC
ACT018953,O00023,POC
ACT018954,O03418,Call
ACT018955,O03074,Email
ACT018956,O00631,Workshop
ACT018957,O00541,Call
ACT018958,O03343,Demo
ACT018959,O00024,Email
ACT018960,O02484,Call
ACT018961,O03324,POC
ACT018962,O02764,Workshop
ACT018963,O02835,Workshop
ACT018964,O01329,Demo
ACT018965,O00069,Call
ACT018966,O01345,Email
ACT018967,O02205,Call
ACT018968,O03395,Email
ACT018969,O01941,Demo
ACT018970,O02736,POC
ACT018971,O02369,Demo
ACT018972,O03040,POC
ACT018973,O00550,Workshop
ACT018974,O01757,Workshop
ACT018975,O00644,Demo
ACT018976,O01469,Call
ACT018977,O01805,POC
ACT018978,O02434,Call
ACT018979,O02635,Email
ACT018980,O02616,Workshop
ACT018981,O00712,Demo
ACT018982,O02925,POC
ACT018983,O02320,Email
ACT018984,O02748,Call
ACT018985,O02541,Email
ACT018986,O03168,Call
ACT018987,O03002,POC
ACT018988,O00519,Call
ACT018989,O01546,Workshop
ACT018990,O00536,Workshop
ACT018991,O01943,Workshop
ACT018992,O03276,Workshop
ACT018993,O03137,Demo
ACT018994,O01749,Email
ACT018995,O00733,Email
ACT018996,O03222,Call
ACT018997,O01273,Demo
ACT018998,O02357,Call
ACT018999,O00479,Call
ACT019000,O01922,Call
ACT019001,O03007,Demo
ACT019002,O00764,Call
ACT019003,O00838,POC
ACT019004,O03021,Demo
ACT019005,O00536,Workshop
ACT019006,O02925,Workshop
ACT019007,O03324,Demo
ACT019008,O01722,Demo
ACT019009,O03413,POC
ACT019010,O02512,POC
ACT019011,O02811,Call
ACT019012,O01195,Call
ACT019013,O01035,Call
ACT019014,O03145,POC
ACT019015,O01348,POC
ACT019016,O00032,Call
ACT019017,O01179,Workshop
ACT019018,O00439,Call
ACT019019,O02605,Demo
ACT019020,O00923,Call
ACT019021,O01063,Workshop
ACT019022,O02817,Workshop
ACT019023,O01263,Call
ACT019024,O02116,Demo
ACT019025,O01322,Email
ACT019026,O02177,Call
ACT019027,O01393,Demo
ACT019028,O01345,Call
ACT019029,O03320,Call
ACT019030,O02239,POC
ACT019031,O02166,Email
ACT019032,O02037,Email
ACT019033,O00634,Workshop
ACT019034,O01676,Email
ACT019035,O02311,Email
ACT019036,O02105,POC
ACT019037,O00414,POC
ACT019038,O02117,POC
ACT019039,O01210,POC
ACT019040,O03277,Email
ACT019041,O01033,Call
ACT019042,O00165,POC
ACT019043,O01588,Call
ACT019044,O02359,Email
ACT019045,O02207,Email
ACT019046,O01670,Call
ACT019047,O00800,POC
ACT019048,O01879,Workshop
ACT019049,O03396,Email
ACT019050,O01643,Workshop
ACT019051,O03009,Demo
ACT019052,O02199,POC
ACT019053,O03177,Email
ACT019054,O02605,Demo
ACT019055,O03110,Call
ACT019056,O00782,Call
ACT019057,O00352,POC
ACT019058,O02938,Email
ACT019059,O02955,Workshop
ACT019060,O01048,Demo
ACT019061,O02154,Call
ACT019062,O01016,Workshop
ACT019063,O02496,Call
ACT019064,O02154,Workshop
ACT019065,O02277,Workshop
ACT019066,O00923,Call
ACT019067,O01522,POC
ACT019068,O01079,Demo
ACT019069,O02842,Call
ACT019070,O02903,Email
ACT019071,O00935,Demo
ACT019072,O00847,Workshop
ACT019073,O03267,Call
ACT019074,O02658,Demo
ACT019075,O01714,POC
ACT019076,O01888,POC
ACT019077,O02650,POC
ACT019078,O02468,Email
ACT019079,O00826,Workshop
ACT019080,O02208,Call
ACT019081,O02165,Workshop
ACT019082,O03000,POC
ACT019083,O02940,POC
ACT019084,O02781,Call
ACT019085,O01599,Email
ACT019086,O01208,Call
ACT019087,O02744,Call
ACT019088,O02259,POC
ACT019089,O03489,Demo
ACT019090,O01817,Demo
ACT019091,O01707,Email
ACT019092,O02727,Call
ACT019093,O02442,Workshop
ACT019094,O03218,Email
ACT019095,O02458,Demo
ACT019096,O00042,Workshop
ACT019097,O01869,POC
ACT019098,O02336,POC
ACT019099,O02241,Email
ACT019100,O01983,Email
ACT019101,O02978,Call
ACT019102,O01939,POC
ACT019103,O03011,Call
ACT019104,O00350,Email
ACT019105,O00068,Workshop
ACT019106,O02241,Call
ACT019107,O00796,Call
ACT019108,O00669,Call
ACT019109,O00161,Demo
ACT019110,O02344,Demo
ACT019111,O01597,POC
ACT019112,O02797,POC
ACT019113,O01472,Workshop
ACT019114,O00967,Workshop
ACT019115,O00706,Email
ACT019116,O01020,Call
ACT019117,O01258,Demo
ACT019118,O01793,Demo
ACT019119,O02986,Email
ACT019120,O01721,Demo
ACT019121,O01451,Call
ACT019122,O01720,POC
ACT019123,O01517,Call
ACT019124,O01218,Demo
ACT019125,O01741,POC
ACT019126,O01748,Workshop
ACT019127,O02070,Workshop
ACT019128,O03297,POC
ACT019129,O03067,Email
ACT019130,O00318,POC
ACT019131,O02427,POC
ACT019132,O01581,POC
ACT019133,O00318,Demo
ACT019134,O00933,Email
ACT019135,O02532,Email
ACT019136,O03275,Workshop
ACT019137,O02188,Workshop
ACT019138,O02998,Workshop
ACT019139,O02387,Email
ACT019140,O00206,POC
ACT019141,O02454,Demo
ACT019142,O00663,Email
ACT019143,O03242,Call
ACT019144,O01200,Workshop
ACT019145,O03038,Workshop
ACT019146,O00493,Email
ACT019147,O02284,Demo
ACT019148,O01839,Demo
ACT019149,O00728,Workshop
ACT019150,O03136,Demo
ACT019151,O01328,Demo
ACT019152,O02880,Workshop
ACT019153,O00566,Call
ACT019154,O01886,Email
ACT019155,O00783,Workshop
ACT019156,O00278,Email
ACT019157,O03185,POC
ACT019158,O01933,POC
ACT019159,O03326,POC
ACT019160,O02956,Call
ACT019161,O00303,Email
ACT019162,O00119,Demo
ACT019163,O00483,Demo
ACT019164,O01144,Workshop
ACT019165,O02707,Call
ACT019166,O01213,Demo
ACT019167,O02163,Email
ACT019168,O00225,Demo
ACT019169,O00230,POC
ACT019170,O02284,POC
ACT019171,O02266,Call
ACT019172,O03384,Demo
ACT019173,O01500,Demo
ACT019174,O00773,POC
ACT019175,O01608,Call
ACT019176,O03251,Call
ACT019177,O00675,Call
ACT019178,O00639,Demo
ACT019179,O02742,Email
ACT019180,O01359,Call
ACT019181,O03236,POC
ACT019182,O00630,Workshop
ACT019183,O02139,Workshop
ACT019184,O01168,POC
ACT019185,O03177,Demo
ACT019186,O01534,Call
ACT019187,O01829,Email
ACT019188,O02669,POC
ACT019189,O02524,Call
ACT019190,O00328,Demo
ACT019191,O00222,Call
ACT019192,O01255,Email
ACT019193,O01027,POC
ACT019194,O02146,Demo
ACT019195,O01465,Workshop
ACT019196,O03220,Workshop
ACT019197,O00654,POC
ACT019198,O02561,Call
ACT019199,O03346,Call
ACT019200,O02289,Demo
ACT019201,O00117,Workshop
ACT019202,O00099,Demo
ACT019203,O01589,Demo
ACT019204,O02139,POC
ACT019205,O00162,Workshop
ACT019206,O01461,Email
ACT019207,O00741,Demo
ACT019208,O00212,Email
ACT019209,O03025,Email
ACT019210,O01063,Email
ACT019211,O02600,Workshop
ACT019212,O00845,Workshop
ACT019213,O01107,Call
ACT019214,O01708,Workshop
ACT019215,O03370,POC
ACT019216,O02037,Email
ACT019217,O02870,Call
ACT019218,O01796,Call
ACT019219,O02235,POC
ACT019220,O03028,Demo
ACT019221,O03301,Email
ACT019222,O01472,Email
ACT019223,O00325,POC
ACT019224,O01694,Email
ACT019225,O01764,Workshop
ACT019226,O03392,POC
ACT019227,O00575,POC
ACT019228,O02718,Demo
ACT019229,O01121,Workshop
ACT019230,O01775,Workshop
ACT019231,O02975,Workshop
ACT019232,O03411,POC
ACT019233,O03159,Workshop
ACT019234,O03060,Call
ACT019235,O02522,Email
ACT019236,O02993,Demo
ACT019237,O00738,Call
ACT019238,O03269,Call
ACT019239,O00800,Demo
ACT019240,O02688,Demo
ACT019241,O01440,Email
ACT019242,O01455,Workshop
ACT019243,O00587,Email
ACT019244,O02956,Workshop
ACT019245,O01133,Email
ACT019246,O00355,Call
ACT019247,O01466,POC
ACT019248,O00695,Email
ACT019249,O03083,Workshop
ACT019250,O02376,POC
ACT019251,O02777,Email
ACT019252,O01899,Demo
ACT019253,O00394,Demo
ACT019254,O01889,Call
ACT019255,O00526,Demo
ACT019256,O01862,Workshop
ACT019257,O03364,Call
ACT019258,O02157,Demo
ACT019259,O02343,Call
ACT019260,O00224,POC
ACT019261,O03317,Email
ACT019262,O01473,Demo
ACT019263,O00927,Email
ACT019264,O03200,Call
ACT019265,O02676,Workshop
ACT019266,O03002,Call
ACT019267,O00263,POC
ACT019268,O00886,POC
ACT019269,O00161,Email
ACT019270,O00621,POC
ACT019271,O02985,Demo
ACT019272,O03319,POC
ACT019273,O02040,Workshop
ACT019274,O01836,Email
ACT019275,O02217,POC
ACT019276,O00256,Workshop
ACT019277,O03474,Demo
ACT019278,O01950,Call
ACT019279,O01173,Call
ACT019280,O03358,Workshop
ACT019281,O00240,Workshop
ACT019282,O03407,POC
ACT019283,O01372,Demo
ACT019284,O01839,Workshop
ACT019285,O01428,Demo
ACT019286,O02509,Demo
ACT019287,O02495,POC
ACT019288,O01657,Workshop
ACT019289,O01827,Demo
ACT019290,O00472,Workshop
ACT019291,O01664,Demo
ACT019292,O03287,Email
ACT019293,O01274,Workshop
ACT019294,O00219,Call
ACT019295,O02436,Workshop
ACT019296,O00258,Call
ACT019297,O03075,Demo
ACT019298,O00400,Demo
ACT019299,O01685,Email
ACT019300,O03209,Workshop
ACT019301,O00652,Workshop
ACT019302,O02156,Call
ACT019303,O02330,Email
ACT019304,O01369,Call
ACT019305,O00037,Email
ACT019306,O00249,Workshop
ACT019307,O00208,Call
ACT019308,O02976,Email
ACT019309,O01505,Call
ACT019310,O02993,Call
ACT019311,O00351,POC
ACT019312,O03369,Email
ACT019313,O02301,Workshop
ACT019314,O00380,POC
ACT019315,O01763,Demo
ACT019316,O00252,POC
ACT019317,O01161,Call
ACT019318,O02093,Demo
ACT019319,O01666,Call
ACT019320,O02232,Demo
ACT019321,O01433,POC
ACT019322,O01833,Demo
ACT019323,O01981,Call
ACT019324,O00224,Email
ACT019325,O02693,Demo
ACT019326,O01106,Workshop
ACT019327,O00311,Workshop
ACT019328,O00405,Demo
ACT019329,O00306,Call
ACT019330,O01309,Demo
ACT019331,O03452,Email
ACT019332,O00612,Workshop
ACT019333,O03265,POC
ACT019334,O00408,Email
ACT019335,O00504,POC
ACT019336,O02877,Call
ACT019337,O01119,Email
ACT019338,O01899,Email
ACT019339,O01417,Call
ACT019340,O01985,Call
ACT019341,O02512,POC
ACT019342,O02416,Workshop
ACT019343,O00267,POC
ACT019344,O00532,Workshop
ACT019345,O00256,Email
ACT019346,O00679,Call
ACT019347,O02540,Demo
ACT019348,O02923,Call
ACT019349,O01144,Demo
ACT019350,O03378,Workshop
ACT019351,O02060,Demo
ACT019352,O03179,POC
ACT019353,O01310,Call
ACT019354,O01213,Workshop
ACT019355,O02943,Workshop
ACT019356,O02763,Demo
ACT019357,O01909,Call
ACT019358,O00571,POC
ACT019359,O01659,POC
ACT019360,O01155,Call
ACT019361,O01821,POC
ACT019362,O00858,Email
ACT019363,O01823,POC
ACT019364,O03266,Workshop
ACT019365,O00604,POC
ACT019366,O01892,Demo
ACT019367,O03452,Workshop
ACT019368,O02933,Workshop
ACT019369,O03417,Email
ACT019370,O01756,Email
ACT019371,O02773,POC
ACT019372,O02453,POC
ACT019373,O03434,Email
ACT019374,O00027,Call
ACT019375,O00504,POC
ACT019376,O00097,POC
ACT019377,O00457,POC
ACT019378,O01364,Workshop
ACT019379,O02805,Email
ACT019380,O02966,Email
ACT019381,O01311,Workshop
ACT019382,O02762,Call
ACT019383,O00567,Call
ACT019384,O00889,Call
ACT019385,O03462,Call
ACT019386,O00800,Workshop
ACT019387,O02214,POC
ACT019388,O01939,Call
ACT019389,O00010,Workshop
ACT019390,O00025,Demo
ACT019391,O00906,Workshop
ACT019392,O02762,Workshop
ACT019393,O01483,Call
ACT019394,O00511,Demo
ACT019395,O02478,Email
ACT019396,O02536,POC
ACT019397,O03013,Call
ACT019398,O01314,Workshop
ACT019399,O02086,Demo
ACT019400,O00214,Email
ACT019401,O03355,Call
ACT019402,O02147,POC
ACT019403,O01073,Email
ACT019404,O00396,Call
ACT019405,O01896,Workshop
ACT019406,O03053,Demo
ACT019407,O02352,Demo
ACT019408,O02956,Workshop
ACT019409,O01877,Email
ACT019410,O02106,Demo
ACT019411,O01811,Email
ACT019412,O00508,Demo
ACT019413,O00169,POC
ACT019414,O01361,Workshop
ACT019415,O01009,Call
ACT019416,O03320,Email
ACT019417,O03377,Call
ACT019418,O01801,Call
ACT019419,O02090,Demo
ACT019420,O01756,Demo
ACT019421,O01541,Email
ACT019422,O03187,POC
ACT019423,O00148,Workshop
ACT019424,O02300,Call
ACT019425,O02022,Call
ACT019426,O02525,Workshop
ACT019427,O03411,Workshop
ACT019428,O03133,Workshop
ACT019429,O01375,Demo
ACT019430,O03485,Email
ACT019431,O00779,Email
ACT019432,O02167,Email
ACT019433,O02328,POC
ACT019434,O02961,POC
ACT019435,O02919,Email
ACT019436,O01147,Demo
ACT019437,O00221,Email
ACT019438,O01588,POC
ACT019439,O02920,Demo
ACT019440,O01278,Email
ACT019441,O01533,Workshop
ACT019442,O01639,Email
ACT019443,O02305,Email
ACT019444,O01727,Email
ACT019445,O00759,POC
ACT019446,O00395,Email
ACT019447,O01465,Call
ACT019448,O00786,Call
ACT019449,O03415,Email
ACT019450,O00183,Demo
ACT019451,O00886,Email
ACT019452,O01659,Demo
ACT019453,O01186,POC
ACT019454,O02716,Workshop
ACT019455,O03429,Demo
ACT019456,O02719,Workshop
ACT019457,O00865,Workshop
ACT019458,O03193,POC
ACT019459,O01130,Workshop
ACT019460,O02503,Demo
ACT019461,O00168,Demo
ACT019462,O00622,Workshop
ACT019463,O02926,Call
ACT019464,O02069,Email
ACT019465,O02552,Email
ACT019466,O03312,Workshop
ACT019467,O00059,Call
ACT019468,O02604,Call
ACT019469,O02852,Workshop
ACT019470,O01147,Demo
ACT019471,O02966,Demo
ACT019472,O02773,Call
ACT019473,O01145,Email
ACT019474,O03261,Email
ACT019475,O00245,Demo
ACT019476,O00054,Demo
ACT019477,O02275,Workshop
ACT019478,O03348,Call
ACT019479,O02560,POC
ACT019480,O01059,Demo
ACT019481,O00193,Email
ACT019482,O01232,Workshop
ACT019483,O03387,Email
ACT019484,O03159,Email
ACT019485,O01161,Call
ACT019486,O00997,Demo
ACT019487,O03145,POC
ACT019488,O02391,Email
ACT019489,O03196,Email
ACT019490,O02889,Email
ACT019491,O02567,Email
ACT019492,O02349,Demo
ACT019493,O03005,Workshop
ACT019494,O02006,Email
ACT019495,O00756,Call
ACT019496,O00715,Workshop
ACT019497,O01490,Workshop
ACT019498,O03478,POC
ACT019499,O01788,Email
ACT019500,O01593,POC
ACT019501,O01293,Email
ACT019502,O01586,POC
ACT019503,O00242,Workshop
ACT019504,O01937,Call
ACT019505,O02605,Demo
ACT019506,O00799,Call
ACT019507,O03094,Demo
ACT019508,O00753,Workshop
ACT019509,O00387,POC
ACT019510,O02137,Workshop
ACT019511,O01722,Workshop
ACT019512,O00675,POC
ACT019513,O02777,Email
ACT019514,O01283,Email
ACT019515,O01564,Email
ACT019516,O02462,Email
ACT019517,O03468,Workshop
ACT019518,O00557,Demo
ACT019519,O02606,POC
ACT019520,O01868,Demo
ACT019521,O00307,POC
ACT019522,O02573,Demo
ACT019523,O01465,Demo
ACT019524,O00446,POC
ACT019525,O02467,POC
ACT019526,O02999,Workshop
ACT019527,O01713,Call
ACT019528,O01533,Email
ACT019529,O02298,Email
ACT019530,O02871,Call
ACT019531,O02383,POC
ACT019532,O00152,POC
ACT019533,O00661,POC
ACT019534,O02308,Call
ACT019535,O03007,Demo
ACT019536,O03003,POC
ACT019537,O02850,Demo
ACT019538,O00593,Call
ACT019539,O01272,Email
ACT019540,O03345,Demo
ACT019541,O01626,POC
ACT019542,O00233,POC
ACT019543,O02859,POC
ACT019544,O03375,Demo
ACT019545,O02873,Demo
ACT019546,O02989,POC
ACT019547,O00039,Demo
ACT019548,O00439,POC
ACT019549,O00225,Email
ACT019550,O01034,POC
ACT019551,O01355,Email
ACT019552,O01624,Email
ACT019553,O01155,POC
ACT019554,O00347,Demo
ACT019555,O03200,Call
ACT019556,O02653,Demo
ACT019557,O01408,Email
ACT019558,O02712,Call
ACT019559,O03404,Demo
ACT019560,O02902,Demo
ACT019561,O00963,Call
ACT019562,O00166,Workshop
ACT019563,O03080,POC
ACT019564,O01563,POC
ACT019565,O00035,Call
ACT019566,O00682,Workshop
ACT019567,O01603,POC
ACT019568,O01769,Email
ACT019569,O02924,Demo
ACT019570,O01459,Email
ACT019571,O00810,Call
ACT019572,O00668,Demo
ACT019573,O01581,Workshop
ACT019574,O01716,POC
ACT019575,O01422,POC
ACT019576,O03402,Demo
ACT019577,O00392,Call
ACT019578,O03286,Call
ACT019579,O00125,Call
ACT019580,O01005,POC
ACT019581,O02553,Workshop
ACT019582,O02673,Workshop
ACT019583,O02444,Email
ACT019584,O02722,Demo
ACT019585,O00260,Workshop
ACT019586,O03290,Email
ACT019587,O02541,POC
ACT019588,O02473,Call
ACT019589,O02968,Workshop
ACT019590,O02854,Demo
ACT019591,O01809,Email
ACT019592,O00617,Call
ACT019593,O02243,POC
ACT019594,O02459,Email
ACT019595,O02379,Call
ACT019596,O03474,Call
ACT019597,O01829,Call
ACT019598,O00726,Call
ACT019599,O02919,POC
ACT019600,O00714,POC
ACT019601,O02382,Call
ACT019602,O02815,Workshop
ACT019603,O01255,Call
ACT019604,O00457,Demo
ACT019605,O03046,Workshop
ACT019606,O01088,POC
ACT019607,O01750,Email
ACT019608,O02062,POC
ACT019609,O01827,Workshop
ACT019610,O01143,Demo
ACT019611,O00612,Demo
ACT019612,O00701,Email
ACT019613,O02136,Email
ACT019614,O03460,Call
ACT019615,O02985,POC
ACT019616,O00821,POC
ACT019617,O00152,Call
ACT019618,O00500,Email
ACT019619,O01954,Email
ACT019620,O00388,Email
ACT019621,O02802,POC
ACT019622,O02265,Call
ACT019623,O00242,POC
ACT019624,O02390,Demo
ACT019625,O02838,Demo
ACT019626,O02990,Call
ACT019627,O01918,Call
ACT019628,O00036,Workshop
ACT019629,O02709,POC
ACT019630,O02798,Workshop
ACT019631,O01910,POC
ACT019632,O00676,Demo
ACT019633,O02525,Workshop
ACT019634,O00424,Demo
ACT019635,O00281,Call
ACT019636,O03047,Call
ACT019637,O02430,Demo
ACT019638,O01511,Email
ACT019639,O02885,Call
ACT019640,O02347,Demo
ACT019641,O03092,Call
ACT019642,O02855,Email
ACT019643,O03183,POC
ACT019644,O00125,POC
ACT019645,O03404,POC
ACT019646,O00896,Workshop
ACT019647,O02597,Workshop
ACT019648,O01978,Workshop
ACT019649,O01386,Workshop
ACT019650,O02874,Workshop
ACT019651,O02195,Email
ACT019652,O00400,Email
ACT019653,O02458,Email
ACT019654,O02258,Email
ACT019655,O00579,Email
ACT019656,O00678,POC
ACT019657,O00759,Workshop
ACT019658,O01162,Workshop
ACT019659,O03283,Demo
ACT019660,O02740,Demo
ACT019661,O03002,Email
ACT019662,O03120,Workshop
ACT019663,O00514,POC
ACT019664,O02075,POC
ACT019665,O03024,Demo
ACT019666,O02560,Email
ACT019667,O03020,Demo
ACT019668,O00059,Demo
ACT019669,O02921,POC
ACT019670,O00278,Workshop
ACT019671,O03129,Demo
ACT019672,O00925,Call
ACT019673,O03150,Workshop
ACT019674,O03036,Email
ACT019675,O02684,POC
ACT019676,O02419,Email
ACT019677,O02068,POC
ACT019678,O00666,Call
ACT019679,O02451,Email
ACT019680,O00170,Workshop
ACT019681,O01495,Demo
ACT019682,O00693,Email
ACT019683,O01587,Email
ACT019684,O01312,Workshop
ACT019685,O00835,Workshop
ACT019686,O01665,Email
ACT019687,O00489,Workshop
ACT019688,O00669,Call
ACT019689,O03325,Call
ACT019690,O01575,Email
ACT019691,O01310,Workshop
ACT019692,O00975,Workshop
ACT019693,O02476,POC
ACT019694,O03493,Demo
ACT019695,O02224,Workshop
ACT019696,O00191,POC
ACT019697,O00901,Demo
ACT019698,O02490,Demo
ACT019699,O00394,Call
ACT019700,O02814,POC
ACT019701,O02085,Email
ACT019702,O01084,Email
ACT019703,O00564,Call
ACT019704,O01939,Email
ACT019705,O00324,Email
ACT019706,O01684,Email
ACT019707,O01453,Email
ACT019708,O00264,Workshop
ACT019709,O01425,Email
ACT019710,O02013,Call
ACT019711,O01255,Workshop
ACT019712,O01812,Demo
ACT019713,O00830,Email
ACT019714,O03215,Workshop
ACT019715,O01101,Email
ACT019716,O02754,Workshop
ACT019717,O00105,Call
ACT019718,O01726,Workshop
ACT019719,O00720,Workshop
ACT019720,O02019,Call
ACT019721,O01897,Workshop
ACT019722,O01532,POC
ACT019723,O00379,Call
ACT019724,O02486,Call
ACT019725,O03223,Call
ACT019726,O00954,POC
ACT019727,O02210,Call
ACT019728,O02704,POC
ACT019729,O01659,Workshop
ACT019730,O01419,POC
ACT019731,O02770,Call
ACT019732,O03340,Email
ACT019733,O00057,POC
ACT019734,O03055,Workshop
ACT019735,O01951,Demo
ACT019736,O01989,Email
ACT019737,O03117,POC
ACT019738,O02582,Email
ACT019739,O02329,Email
ACT019740,O01440,Demo
ACT019741,O02063,Email
ACT019742,O02562,Workshop
ACT019743,O02340,Call
ACT019744,O01290,Call
ACT019745,O03296,Demo
ACT019746,O02339,Demo
ACT019747,O03387,Email
ACT019748,O02618,Workshop
ACT019749,O02951,Call
ACT019750,O01188,Demo
ACT019751,O02776,Call
ACT019752,O01681,Workshop
ACT019753,O00553,Workshop
ACT019754,O00768,Email
ACT019755,O03433,Workshop
ACT019756,O00986,Call
ACT019757,O01223,Workshop
ACT019758,O01416,Email
ACT019759,O02577,Workshop
ACT019760,O01132,Email
ACT019761,O02432,Demo
ACT019762,O00661,Call
ACT019763,O03373,Demo
ACT019764,O00307,Workshop
ACT019765,O00006,Workshop
ACT019766,O01815,Email
ACT019767,O00795,Demo
ACT019768,O01527,POC
ACT019769,O02447,Workshop
ACT019770,O00403,Demo
ACT019771,O03018,Workshop
ACT019772,O02200,Workshop
ACT019773,O00626,Demo
ACT019774,O01309,Email
ACT019775,O00637,Call
ACT019776,O02763,Email
ACT019777,O03159,Email
ACT019778,O01692,POC
ACT019779,O02417,Call
ACT019780,O01710,Workshop
ACT019781,O02296,Email
ACT019782,O01328,Call
ACT019783,O01778,POC
ACT019784,O02072,Call
ACT019785,O01140,POC
ACT019786,O00270,Demo
ACT019787,O00637,Email
ACT019788,O00444,Workshop
ACT019789,O02236,POC
ACT019790,O03307,Workshop
ACT019791,O01109,POC
ACT019792,O00331,Email
ACT019793,O01024,Workshop
ACT019794,O00714,Demo
ACT019795,O00202,Email
ACT019796,O02699,Call
ACT019797,O02972,Demo
ACT019798,O02882,Call
ACT019799,O01070,Demo
ACT019800,O02850,Call
ACT019801,O01652,Email
ACT019802,O01773,Workshop
ACT019803,O01594,Workshop
ACT019804,O00167,POC
ACT019805,O03194,Call
ACT019806,O03276,Demo
ACT019807,O02773,Workshop
ACT019808,O01874,Call
ACT019809,O02834,Demo
ACT019810,O01148,POC
ACT019811,O00974,Demo
ACT019812,O01747,Email
ACT019813,O00394,Call
ACT019814,O02986,Email
ACT019815,O02202,Workshop
ACT019816,O01517,POC
ACT019817,O02711,POC
ACT019818,O02635,Call
ACT019819,O02458,POC
ACT019820,O01123,Call
ACT019821,O00449,Workshop
ACT019822,O01239,Workshop
ACT019823,O00671,Workshop
ACT019824,O00956,Call
ACT019825,O01241,Call
ACT019826,O03081,Workshop
ACT019827,O01336,Email
ACT019828,O03431,Call
ACT019829,O02803,Call
ACT019830,O02346,Email
ACT019831,O00663,Call
ACT019832,O01549,Call
ACT019833,O01165,Email
ACT019834,O01340,Call
ACT019835,O00139,Email
ACT019836,O02271,Demo
ACT019837,O02773,Workshop
ACT019838,O00978,Demo
ACT019839,O00798,POC
ACT019840,O01304,POC
ACT019841,O01552,Call
ACT019842,O02101,Demo
ACT019843,O01219,Email
ACT019844,O00299,Email
ACT019845,O03442,Call
ACT019846,O03108,Demo
ACT019847,O02747,Demo
ACT019848,O03112,Call
ACT019849,O02408,Demo
ACT019850,O00203,Email
ACT019851,O02987,Workshop
ACT019852,O00586,Demo
ACT019853,O02910,Workshop
ACT019854,O01717,POC
ACT019855,O00685,Call
ACT019856,O00765,Workshop
ACT019857,O01676,Demo
ACT019858,O03271,Email
ACT019859,O02851,Demo
ACT019860,O03343,Call
ACT019861,O01971,Demo
ACT019862,O03470,Workshop
ACT019863,O01757,Call
ACT019864,O01581,Email
ACT019865,O01529,Call
ACT019866,O01243,Workshop
ACT019867,O00335,Demo
ACT019868,O02792,Workshop
ACT019869,O00776,Workshop
ACT019870,O02966,Email
ACT019871,O03141,Email
ACT019872,O00236,Workshop
ACT019873,O02186,POC
ACT019874,O00941,POC
ACT019875,O01734,Email
ACT019876,O02768,Email
ACT019877,O00608,Call
ACT019878,O01345,Demo
ACT019879,O01941,POC
ACT019880,O01287,Email
ACT019881,O03040,Call
ACT019882,O02961,Email
ACT019883,O01742,Workshop
ACT019884,O02915,Call
ACT019885,O00812,Call
ACT019886,O01143,Call
ACT019887,O02213,Demo
ACT019888,O01972,Demo
ACT019889,O01384,Demo
ACT019890,O03109,POC
ACT019891,O00825,POC
ACT019892,O02429,Email
ACT019893,O02084,Email
ACT019894,O02150,POC
ACT019895,O00573,Email
ACT019896,O02424,Demo
ACT019897,O01882,POC
ACT019898,O01481,Demo
ACT019899,O03219,Email
ACT019900,O01221,POC
ACT019901,O02263,POC
ACT019902,O01130,POC
ACT019903,O02151,POC
ACT019904,O02171,Email
ACT019905,O02253,Demo
ACT019906,O00123,Call
ACT019907,O01981,POC
ACT019908,O01825,Workshop
ACT019909,O00814,POC
ACT019910,O03097,Call
ACT019911,O01399,Workshop
ACT019912,O03392,Email
ACT019913,O02876,POC
ACT019914,O00913,Email
ACT019915,O00854,Demo
ACT019916,O02327,POC
ACT019917,O03356,Email
ACT019918,O02599,POC
ACT019919,O01835,Demo
ACT019920,O02160,Email
ACT019921,O03157,Workshop
ACT019922,O01245,Demo
ACT019923,O02247,POC
ACT019924,O03116,Email
ACT019925,O01095,Demo
ACT019926,O00738,Workshop
ACT019927,O02611,POC
ACT019928,O01598,POC
ACT019929,O00914,POC
ACT019930,O00469,Workshop
ACT019931,O00466,POC
ACT019932,O02610,Email
ACT019933,O01980,POC
ACT019934,O01497,Call
ACT019935,O01275,Email
ACT019936,O02200,Demo
ACT019937,O00003,Call
ACT019938,O02933,Call
ACT019939,O00187,POC
ACT019940,O00601,POC
ACT019941,O02264,Email
ACT019942,O01883,Call
ACT019943,O02575,Email
ACT019944,O01005,Call
ACT019945,O02084,Workshop
ACT019946,O01660,Workshop
ACT019947,O02563,Workshop
ACT019948,O01986,Email
ACT019949,O02439,Demo
ACT019950,O03038,Demo
ACT019951,O03366,Demo
ACT019952,O00069,Workshop
ACT019953,O02515,POC
ACT019954,O00137,Workshop
ACT019955,O00953,Email
ACT019956,O02765,Email
ACT019957,O00388,Call
ACT019958,O00588,Call
ACT019959,O02587,POC
ACT019960,O00678,Demo
ACT019961,O01140,Workshop
ACT019962,O00367,POC
ACT019963,O03479,POC
ACT019964,O02918,Workshop
ACT019965,O03375,Email
ACT019966,O03465,POC
ACT019967,O01860,Call
ACT019968,O02814,Email
ACT019969,O02003,Demo
ACT019970,O01020,Workshop
ACT019971,O00316,Demo
ACT019972,O00429,Workshop
ACT019973,O00686,POC
ACT019974,O02256,Workshop
ACT019975,O01199,Workshop
ACT019976,O02383,POC
ACT019977,O01206,Call
ACT019978,O03278,Workshop
ACT019979,O01935,POC
ACT019980,O01005,Call
ACT019981,O02447,POC
ACT019982,O00022,Email
ACT019983,O01323,Demo
ACT019984,O00107,POC
ACT019985,O01580,POC
ACT019986,O02690,Email
ACT019987,O03175,Demo
ACT019988,O01300,Email
ACT019989,O01778,Workshop
ACT019990,O02804,POC
ACT019991,O01592,Demo
ACT019992,O01820,Email
ACT019993,O00768,Email
ACT019994,O00852,Call
ACT019995,O01993,Workshop
ACT019996,O01519,Call
ACT019997,O03192,Call
ACT019998,O02894,Call
ACT019999,O00483,Demo
ACT020000,O00396,POC
ACT020001,O01018,Email
ACT020002,O01231,Call
ACT020003,O00840,Workshop
ACT020004,O01950,POC
ACT020005,O02612,Call
ACT020006,O00396,Email
ACT020007,O00904,POC
ACT020008,O00950,Call
ACT020009,O03362,Workshop
ACT020010,O00328,Demo
ACT020011,O02984,POC
ACT020012,O02415,Demo
ACT020013,O02158,Email
ACT020014,O02788,Call
ACT020015,O01439,POC
ACT020016,O02692,Call
ACT020017,O01776,Demo
ACT020018,O00416,Email
ACT020019,O00202,Call
ACT020020,O00908,POC
ACT020021,O01252,Email
ACT020022,O03065,Call
ACT020023,O02070,POC
ACT020024,O01008,Call
ACT020025,O01302,Call
ACT020026,O01245,Demo
ACT020027,O00314,POC
ACT020028,O01155,POC
ACT020029,O00571,Call
ACT020030,O00153,Demo
ACT020031,O02602,POC
ACT020032,O00175,Call
ACT020033,O00180,Email
ACT020034,O02454,POC
ACT020035,O02410,Demo
ACT020036,O02447,Demo
ACT020037,O00296,Demo
ACT020038,O02076,POC
ACT020039,O00464,Workshop
ACT020040,O03314,POC
ACT020041,O01931,Demo
ACT020042,O02965,Workshop
ACT020043,O03419,Demo
ACT020044,O00756,Demo
ACT020045,O02485,POC
ACT020046,O01626,Workshop
ACT020047,O02101,Call
ACT020048,O02237,Workshop
ACT020049,O03310,Demo
ACT020050,O00600,Demo
ACT020051,O01658,Demo
ACT020052,O00302,Call
ACT020053,O03478,Workshop
ACT020054,O00646,POC
ACT020055,O02059,POC
ACT020056,O01331,Demo
ACT020057,O02757,Call
ACT020058,O02629,Demo
ACT020059,O03031,Call
ACT020060,O01961,Call
ACT020061,O01720,Demo
ACT020062,O00148,Email
ACT020063,O02954,Workshop
ACT020064,O01054,POC
ACT020065,O01264,Workshop
ACT020066,O01401,Email
ACT020067,O01780,POC
ACT020068,O00601,Email
ACT020069,O00816,Email
ACT020070,O01451,Workshop
ACT020071,O01224,POC
ACT020072,O02569,Demo
ACT020073,O02930,Call
ACT020074,O01024,Demo
ACT020075,O01791,POC
ACT020076,O03066,POC
ACT020077,O00725,Demo
ACT020078,O01898,Call
ACT020079,O01767,POC
ACT020080,O00406,POC
ACT020081,O03352,POC
ACT020082,O00431,POC
ACT020083,O02002,Email
ACT020084,O00707,POC
ACT020085,O02875,Call
ACT020086,O01574,POC
ACT020087,O01736,POC
ACT020088,O00152,Demo
ACT020089,O01957,Email
ACT020090,O02144,Demo
ACT020091,O03038,Demo
ACT020092,O02783,Call
ACT020093,O00069,Call
ACT020094,O03479,Demo
ACT020095,O01853,POC
ACT020096,O00414,Workshop
ACT020097,O02817,Workshop
ACT020098,O03127,Workshop
ACT020099,O01745,Email
ACT020100,O00945,POC
ACT020101,O00324,POC
ACT020102,O03499,Demo
ACT020103,O01960,POC
ACT020104,O01026,Email
ACT020105,O00489,POC
ACT020106,O00462,Demo
ACT020107,O01311,Call
ACT020108,O00307,Email
ACT020109,O01597,Email
ACT020110,O02373,Email
ACT020111,O03233,POC
ACT020112,O00294,Email
ACT020113,O00467,Call
ACT020114,O03064,POC
ACT020115,O02616,Email
ACT020116,O00633,Workshop
ACT020117,O02270,Call
ACT020118,O02712,Workshop
ACT020119,O00137,Workshop
ACT020120,O01715,Demo
ACT020121,O01094,Call
ACT020122,O00320,Demo
ACT020123,O03266,Demo
ACT020124,O01580,Demo
ACT020125,O02083,Call
ACT020126,O00818,Email
ACT020127,O02598,Workshop
ACT020128,O02394,Call
ACT020129,O00823,POC
ACT020130,O01827,Email
ACT020131,O01004,Demo
ACT020132,O00772,Call
ACT020133,O01442,Demo
ACT020134,O03193,Demo
ACT020135,O01697,Email
ACT020136,O02383,Workshop
ACT020137,O00765,Demo
ACT020138,O00772,Email
ACT020139,O02389,Demo
ACT020140,O00116,Email
ACT020141,O01564,Email
ACT020142,O00373,Call
ACT020143,O01917,Call
ACT020144,O00997,Workshop
ACT020145,O00017,Call
ACT020146,O01429,POC
ACT020147,O02088,Demo
ACT020148,O03073,Workshop
ACT020149,O00938,Email
ACT020150,O01771,POC
ACT020151,O00193,Email
ACT020152,O00749,Call
ACT020153,O02498,Workshop
ACT020154,O02891,Call
ACT020155,O03367,Demo
ACT020156,O01427,Demo
ACT020157,O01336,Demo
ACT020158,O02736,Demo
ACT020159,O01390,POC
ACT020160,O03456,POC
ACT020161,O01256,Call
ACT020162,O02631,Email
ACT020163,O01987,POC
ACT020164,O01271,Demo
ACT020165,O01895,Email
ACT020166,O02935,Demo
ACT020167,O02704,Email
ACT020168,O01799,Workshop
ACT020169,O01678,POC
ACT020170,O00621,Call
ACT020171,O02021,Call
ACT020172,O02372,Workshop
ACT020173,O03102,Call
ACT020174,O02337,Email
ACT020175,O02934,Workshop
ACT020176,O01062,Call
ACT020177,O01488,POC
ACT020178,O00349,POC
ACT020179,O00548,Call
ACT020180,O00560,Workshop
ACT020181,O00686,Demo
ACT020182,O00876,Workshop
ACT020183,O00518,Workshop
ACT020184,O00827,Workshop
ACT020185,O01242,POC
ACT020186,O02866,Workshop
ACT020187,O01524,Call
ACT020188,O01009,Workshop
ACT020189,O00401,Call
ACT020190,O03226,POC
ACT020191,O00117,POC
ACT020192,O02590,Email
ACT020193,O00505,Email
ACT020194,O03460,Workshop
ACT020195,O00531,POC
ACT020196,O01305,Workshop
ACT020197,O01551,Workshop
ACT020198,O01785,Email
ACT020199,O03114,POC
ACT020200,O00551,Call
ACT020201,O03377,Demo
ACT020202,O02841,Call
ACT020203,O01678,Workshop
ACT020204,O00915,Call
ACT020205,O01017,Demo
ACT020206,O02645,Workshop
ACT020207,O01228,POC
ACT020208,O00827,Email
ACT020209,O00048,Workshop
ACT020210,O00389,POC
ACT020211,O01660,Call
ACT020212,O01377,Call
ACT020213,O02459,Call
ACT020214,O00987,Call
ACT020215,O02176,Demo
ACT020216,O02518,Demo
ACT020217,O00486,Call
ACT020218,O00732,Workshop
ACT020219,O03420,POC
ACT020220,O03313,Workshop
ACT020221,O00405,Demo
ACT020222,O00850,Workshop
ACT020223,O00008,Workshop
ACT020224,O01512,Workshop
ACT020225,O02288,POC
ACT020226,O02803,Workshop
ACT020227,O01337,Demo
ACT020228,O00783,Call
ACT020229,O00635,Workshop
ACT020230,O01401,Email
ACT020231,O01001,Demo
ACT020232,O01872,Email
ACT020233,O02234,Call
ACT020234,O03066,Workshop
ACT020235,O02936,Email
ACT020236,O00459,POC
ACT020237,O00563,Demo
ACT020238,O03271,POC
ACT020239,O02297,Workshop
ACT020240,O03344,Email
ACT020241,O01338,Email
ACT020242,O03032,Demo
ACT020243,O02561,POC
ACT020244,O01800,Workshop
ACT020245,O00967,Email
ACT020246,O02063,Email
ACT020247,O00394,Demo
ACT020248,O00988,Call
ACT020249,O03413,Workshop
ACT020250,O02381,Workshop
ACT020251,O02076,Email
ACT020252,O01719,POC
ACT020253,O01732,Workshop
ACT020254,O02114,Demo
ACT020255,O03454,Workshop
ACT020256,O00063,Demo
ACT020257,O00877,Workshop
ACT020258,O01270,Call
ACT020259,O00354,Demo
ACT020260,O00469,Demo
ACT020261,O02949,Call
ACT020262,O01738,Demo
ACT020263,O00589,Demo
ACT020264,O02712,POC
ACT020265,O02905,Workshop
ACT020266,O00819,POC
ACT020267,O01343,POC
ACT020268,O01633,Email
ACT020269,O02238,Demo
ACT020270,O00083,Workshop
ACT020271,O00018,Workshop
ACT020272,O01059,Call
ACT020273,O00622,Demo
ACT020274,O03218,Demo
ACT020275,O02785,Workshop
ACT020276,O00709,POC
ACT020277,O03035,Workshop
ACT020278,O02196,Call
ACT020279,O00212,Email
ACT020280,O03215,Demo
ACT020281,O02870,POC
ACT020282,O02284,POC
ACT020283,O01347,Demo
ACT020284,O01732,POC
ACT020285,O02021,Email
ACT020286,O00846,Email
ACT020287,O02624,Email
ACT020288,O01534,Email
ACT020289,O00837,Email
ACT020290,O03482,Workshop
ACT020291,O01493,Email
ACT020292,O00399,Demo
ACT020293,O01600,Email
ACT020294,O02256,POC
ACT020295,O00442,POC
ACT020296,O01082,Demo
ACT020297,O00689,Call
ACT020298,O02782,POC
ACT020299,O01058,Demo
ACT020300,O00576,Call
ACT020301,O03047,Demo
ACT020302,O00981,Workshop
ACT020303,O02042,Call
ACT020304,O00537,Demo
ACT020305,O01453,Demo
ACT020306,O00435,Demo
ACT020307,O01933,POC
ACT020308,O01681,Email
ACT020309,O01138,Call
ACT020310,O00041,Demo
ACT020311,O00260,Demo
ACT020312,O01336,Workshop
ACT020313,O01109,Workshop
ACT020314,O01327,Workshop
ACT020315,O00190,Workshop
ACT020316,O02732,Email
ACT020317,O01126,Workshop
ACT020318,O02478,Call
ACT020319,O01461,POC
ACT020320,O01520,Email
ACT020321,O01533,Email
ACT020322,O00311,Email
ACT020323,O00711,Email
ACT020324,O01919,Call
ACT020325,O01628,Demo
ACT020326,O02141,Demo
ACT020327,O00294,Workshop
ACT020328,O00381,Email
ACT020329,O00897,POC
ACT020330,O03248,POC
ACT020331,O01646,POC
ACT020332,O01211,Workshop
ACT020333,O03260,Demo
ACT020334,O01220,Demo
ACT020335,O00797,Workshop
ACT020336,O01184,Demo
ACT020337,O01102,Workshop
ACT020338,O01037,Call
ACT020339,O02322,Call
ACT020340,O02709,POC
ACT020341,O01511,Demo
ACT020342,O01963,Demo
ACT020343,O00061,Call
ACT020344,O01300,Email
ACT020345,O01130,Email
ACT020346,O00146,Call
ACT020347,O02471,Email
ACT020348,O00626,Demo
ACT020349,O01854,POC
ACT020350,O01569,Email
ACT020351,O02810,Demo
ACT020352,O01149,POC
ACT020353,O00189,POC
ACT020354,O02714,Workshop
ACT020355,O01115,POC
ACT020356,O02022,Workshop
ACT020357,O00510,Email
ACT020358,O03245,Demo
ACT020359,O02201,POC
ACT020360,O02942,POC
ACT020361,O00303,Call
ACT020362,O00203,Email
ACT020363,O00027,Demo
ACT020364,O01614,Demo
ACT020365,O01680,POC
ACT020366,O02342,Demo
ACT020367,O01140,Email
ACT020368,O03355,POC
ACT020369,O00148,Workshop
ACT020370,O01160,POC
ACT020371,O01493,Workshop
ACT020372,O00904,Demo
ACT020373,O03313,Workshop
ACT020374,O00477,Demo
ACT020375,O02079,POC
ACT020376,O00095,Demo
ACT020377,O01808,Demo
ACT020378,O00188,Demo
ACT020379,O03457,Demo
ACT020380,O02226,POC
ACT020381,O02264,POC
ACT020382,O01030,POC
ACT020383,O01611,POC
ACT020384,O00453,Email
ACT020385,O02243,Demo
ACT020386,O02017,Demo
ACT020387,O01719,Email
ACT020388,O03496,Demo
ACT020389,O00730,Demo
ACT020390,O01402,Demo
ACT020391,O03042,Demo
ACT020392,O00577,Demo
ACT020393,O01252,Email
ACT020394,O03138,Workshop
ACT020395,O00604,POC
ACT020396,O00161,Email
ACT020397,O01803,POC
ACT020398,O00697,Email
ACT020399,O00392,Call
ACT020400,O00613,Email
ACT020401,O00336,Email
ACT020402,O02034,Demo
ACT020403,O02325,Call
ACT020404,O02847,Call
ACT020405,O00074,Email
ACT020406,O01399,Call
ACT020407,O02023,POC
ACT020408,O01640,Call
ACT020409,O03112,Email
ACT020410,O02151,POC
ACT020411,O02015,POC
ACT020412,O00139,Demo
ACT020413,O03192,Email
ACT020414,O03251,POC
ACT020415,O01567,Demo
ACT020416,O03152,Call
ACT020417,O01732,Workshop
ACT020418,O00138,Demo
ACT020419,O00390,Call
ACT020420,O01187,Call
ACT020421,O03499,POC
ACT020422,O03485,Demo
ACT020423,O01164,Demo
ACT020424,O02083,Workshop
ACT020425,O02667,Email
ACT020426,O00611,POC
ACT020427,O01313,Email
ACT020428,O02090,Workshop
ACT020429,O03028,Call
ACT020430,O00971,Workshop
ACT020431,O03172,Workshop
ACT020432,O03138,Call
ACT020433,O02153,Demo
ACT020434,O02651,Demo
ACT020435,O01149,Workshop
ACT020436,O01399,Call
ACT020437,O01650,Demo
ACT020438,O01167,Email
ACT020439,O01461,Workshop
ACT020440,O02284,POC
ACT020441,O00757,POC
ACT020442,O02556,Call
ACT020443,O00080,Workshop
ACT020444,O02620,Call
ACT020445,O02834,Demo
ACT020446,O02648,Demo
ACT020447,O02138,Demo
ACT020448,O03013,POC
ACT020449,O00147,Demo
ACT020450,O01420,POC
ACT020451,O03151,Email
ACT020452,O00135,Workshop
ACT020453,O00173,Email
ACT020454,O00882,Workshop
ACT020455,O01769,POC
ACT020456,O01957,Call
ACT020457,O01732,Email
ACT020458,O01081,Demo
ACT020459,O02247,Workshop
ACT020460,O01100,Call
ACT020461,O00607,Demo
ACT020462,O03299,Call
ACT020463,O01963,Demo
ACT020464,O02410,Demo
ACT020465,O01878,POC
ACT020466,O02291,Demo
ACT020467,O01165,Email
ACT020468,O02591,Email
ACT020469,O01840,Demo
ACT020470,O01608,Email
ACT020471,O01354,Call
ACT020472,O03440,POC
ACT020473,O03272,Workshop
ACT020474,O00691,Workshop
ACT020475,O02163,Call
ACT020476,O00760,Demo
ACT020477,O00298,Demo
ACT020478,O01375,Email
ACT020479,O00680,Call
ACT020480,O02566,Call
ACT020481,O03168,POC
ACT020482,O00900,POC
ACT020483,O02589,Email
ACT020484,O01192,Demo
ACT020485,O03024,Email
ACT020486,O00605,Call
ACT020487,O02982,Call
ACT020488,O01714,Demo
ACT020489,O01695,Workshop
ACT020490,O03330,POC
ACT020491,O01542,POC
ACT020492,O00100,POC
ACT020493,O01425,Demo
ACT020494,O03122,Email
ACT020495,O00253,Call
ACT020496,O02533,POC
ACT020497,O02576,Workshop
ACT020498,O00424,Email
ACT020499,O01263,Workshop
ACT020500,O02297,Email
ACT020501,O01635,POC
ACT020502,O02172,Demo
ACT020503,O01899,Call
ACT020504,O02538,Demo
ACT020505,O00949,Workshop
ACT020506,O01118,Call
ACT020507,O01299,Call
ACT020508,O01542,Demo
ACT020509,O00224,Workshop
ACT020510,O02999,POC
ACT020511,O02969,POC
ACT020512,O03382,Email
ACT020513,O03322,Email
ACT020514,O01449,Call
ACT020515,O02174,Call
ACT020516,O00713,Email
ACT020517,O01738,Demo
ACT020518,O01911,Demo
ACT020519,O01008,Demo
ACT020520,O02748,POC
ACT020521,O01433,Call
ACT020522,O00076,Call
ACT020523,O01247,Email
ACT020524,O03002,Email
ACT020525,O00604,Workshop
ACT020526,O00181,POC
ACT020527,O00649,Workshop
ACT020528,O00599,POC
ACT020529,O00511,Demo
ACT020530,O02317,Call
ACT020531,O00848,Call
ACT020532,O00911,POC
ACT020533,O01979,Workshop
ACT020534,O00300,POC
ACT020535,O02110,Call
ACT020536,O01359,Demo
ACT020537,O01153,Workshop
ACT020538,O00653,Call
ACT020539,O02156,Demo
ACT020540,O03243,Demo
ACT020541,O00975,Call
ACT020542,O00443,Demo
ACT020543,O01897,Workshop
ACT020544,O00863,Demo
ACT020545,O00799,Email
ACT020546,O00106,Email
ACT020547,O02929,Email
ACT020548,O03002,Demo
ACT020549,O02516,Call
ACT020550,O01366,POC
ACT020551,O01735,Workshop
ACT020552,O00506,Workshop
ACT020553,O03179,POC
ACT020554,O02540,Email
ACT020555,O02556,Email
ACT020556,O02777,POC
ACT020557,O00389,Call
ACT020558,O02022,Workshop
ACT020559,O01202,POC
ACT020560,O00756,Workshop
ACT020561,O01676,Demo
ACT020562,O03249,Demo
ACT020563,O03235,Workshop
ACT020564,O01765,POC
ACT020565,O01873,POC
ACT020566,O01186,Email
ACT020567,O00177,Email
ACT020568,O01068,Workshop
ACT020569,O01348,Email
ACT020570,O00787,POC
ACT020571,O01495,Demo
ACT020572,O00693,Email
ACT020573,O02442,Email
ACT020574,O02470,Email
ACT020575,O00398,POC
ACT020576,O01428,Email
ACT020577,O01725,Demo
ACT020578,O03031,Workshop
ACT020579,O00799,Email
ACT020580,O02954,Demo
ACT020581,O02600,POC
ACT020582,O00843,Workshop
ACT020583,O02520,Email
ACT020584,O00404,POC
ACT020585,O02708,Demo
ACT020586,O00087,Call
ACT020587,O01097,Email
ACT020588,O02267,Email
ACT020589,O00873,POC
ACT020590,O00732,Demo
ACT020591,O02481,Email
ACT020592,O00971,Workshop
ACT020593,O01009,POC
ACT020594,O00492,Demo
ACT020595,O01711,Demo
ACT020596,O01934,Workshop
ACT020597,O03295,POC
ACT020598,O03464,POC
ACT020599,O01194,Call
ACT020600,O00037,Demo
ACT020601,O01311,Demo
ACT020602,O02772,Call
ACT020603,O00915,Email
ACT020604,O00367,Email
ACT020605,O02585,Demo
ACT020606,O02601,Demo
ACT020607,O00471,Email
ACT020608,O01008,Email
ACT020609,O01083,Call
ACT020610,O02433,Demo
ACT020611,O01307,Email
ACT020612,O02658,Workshop
ACT020613,O02447,Email
ACT020614,O00334,POC
ACT020615,O02286,POC
ACT020616,O03458,Email
ACT020617,O01787,POC
ACT020618,O02922,Email
ACT020619,O02323,Email
ACT020620,O01113,Email
ACT020621,O00629,Email
ACT020622,O02288,Call
ACT020623,O01981,Email
ACT020624,O00784,POC
ACT020625,O02750,Demo
ACT020626,O01515,Email
ACT020627,O01602,Workshop
ACT020628,O01609,Demo
ACT020629,O01516,Demo
ACT020630,O03384,Demo
ACT020631,O01989,Call
ACT020632,O00498,Workshop
ACT020633,O01578,Demo
ACT020634,O01991,POC
ACT020635,O01821,Demo
ACT020636,O03434,Email
ACT020637,O02597,POC
ACT020638,O02481,Email
ACT020639,O01780,Call
ACT020640,O01830,Email
ACT020641,O01595,Call
ACT020642,O02661,Demo
ACT020643,O00882,Call
ACT020644,O00671,POC
ACT020645,O02651,Email
ACT020646,O02106,Email
ACT020647,O01476,Call
ACT020648,O02214,Workshop
ACT020649,O01604,Call
ACT020650,O03479,Workshop
ACT020651,O02181,Workshop
ACT020652,O01126,Email
ACT020653,O00507,Email
ACT020654,O01694,Email
ACT020655,O02105,Email
ACT020656,O01285,Workshop
ACT020657,O02927,Workshop
ACT020658,O01700,Email
ACT020659,O01111,POC
ACT020660,O02169,POC
ACT020661,O01291,Demo
ACT020662,O03339,Demo
ACT020663,O00732,Workshop
ACT020664,O01735,Email
ACT020665,O02951,Call
ACT020666,O02001,Demo
ACT020667,O00569,Demo
ACT020668,O03157,POC
ACT020669,O00430,Call
ACT020670,O00854,Email
ACT020671,O01950,Call
ACT020672,O02529,POC
ACT020673,O00709,POC
ACT020674,O02772,Email
ACT020675,O01126,Call
ACT020676,O03047,Email
ACT020677,O02670,Call
ACT020678,O02162,Workshop
ACT020679,O03242,Demo
ACT020680,O03174,Workshop
ACT020681,O02648,Workshop
ACT020682,O03315,Workshop
ACT020683,O03199,Workshop
ACT020684,O00507,Workshop
ACT020685,O00144,Workshop
ACT020686,O02155,Demo
ACT020687,O03436,Demo
ACT020688,O01727,Workshop
ACT020689,O00939,Workshop
ACT020690,O02087,Demo
ACT020691,O01050,Email
ACT020692,O02735,Demo
ACT020693,O01457,Call
ACT020694,O02877,Workshop
ACT020695,O03209,Email
ACT020696,O03224,POC
ACT020697,O01580,Call
ACT020698,O00224,Workshop
ACT020699,O02893,Demo
ACT020700,O03348,Demo
ACT020701,O00478,Demo
ACT020702,O02931,Workshop
ACT020703,O01795,Call
ACT020704,O02925,Email
ACT020705,O03061,POC
ACT020706,O01496,Demo
ACT020707,O01514,Demo
ACT020708,O02715,POC
ACT020709,O01646,Workshop
ACT020710,O03284,POC
ACT020711,O00741,POC
ACT020712,O01722,POC
ACT020713,O00160,Email
ACT020714,O01863,Email
ACT020715,O02668,Demo
ACT020716,O01110,Call
ACT020717,O02719,Call
ACT020718,O02871,Email
ACT020719,O01736,POC
ACT020720,O01475,Workshop
ACT020721,O03389,Call
ACT020722,O01234,Demo
ACT020723,O00116,Demo
ACT020724,O00134,Call
ACT020725,O00575,Workshop
ACT020726,O01744,Workshop
ACT020727,O03056,Workshop
ACT020728,O01979,Email
ACT020729,O03252,POC
ACT020730,O03268,POC
ACT020731,O03243,Demo
ACT020732,O01306,Email
ACT020733,O00887,Email
ACT020734,O03335,Email
ACT020735,O01008,Workshop
ACT020736,O00862,Email
ACT020737,O00970,POC
ACT020738,O02532,Workshop
ACT020739,O01680,Email
ACT020740,O03015,Demo
ACT020741,O03486,POC
ACT020742,O00235,Workshop
ACT020743,O00387,Call
ACT020744,O03191,Workshop
ACT020745,O02330,Workshop
ACT020746,O00115,Demo
ACT020747,O00489,Email
ACT020748,O02849,Call
ACT020749,O00564,Email
ACT020750,O00479,Call
ACT020751,O00240,Workshop
ACT020752,O01107,Call
ACT020753,O01665,Call
ACT020754,O01696,POC
ACT020755,O02545,Demo
ACT020756,O00873,POC
ACT020757,O00159,Email
ACT020758,O02478,Email
ACT020759,O00206,Workshop
ACT020760,O02727,POC
ACT020761,O00128,POC
ACT020762,O01255,Workshop
ACT020763,O00642,Workshop
ACT020764,O01730,Email
ACT020765,O00610,Workshop
ACT020766,O01317,Workshop
ACT020767,O01624,Email
ACT020768,O01540,POC
ACT020769,O00097,Call
ACT020770,O00441,Demo
ACT020771,O01322,Workshop
ACT020772,O01682,Demo
ACT020773,O03489,Call
ACT020774,O02281,POC
ACT020775,O03284,Email
ACT020776,O00380,Workshop
ACT020777,O02221,Workshop
ACT020778,O03029,Workshop
ACT020779,O01440,Workshop
ACT020780,O01612,Call
ACT020781,O00265,Demo
ACT020782,O03070,Call
ACT020783,O03141,POC
ACT020784,O03179,Workshop
ACT020785,O01213,Email
ACT020786,O00371,Demo
ACT020787,O02557,Workshop
ACT020788,O01714,Workshop
ACT020789,O02483,Demo
ACT020790,O02847,Email
ACT020791,O02214,Workshop
ACT020792,O00845,Workshop
ACT020793,O01518,Email
ACT020794,O01891,Workshop
ACT020795,O00456,Demo
ACT020796,O03416,Email
ACT020797,O03405,POC
ACT020798,O01916,Email
ACT020799,O00539,Demo
ACT020800,O00280,Demo
ACT020801,O03359,Call
ACT020802,O02141,Call
ACT020803,O00062,Demo
ACT020804,O01694,Workshop
ACT020805,O02871,Workshop
ACT020806,O01643,Email
ACT020807,O02150,Email
ACT020808,O03368,Workshop
ACT020809,O01376,Workshop
ACT020810,O01891,Workshop
ACT020811,O01450,Call
ACT020812,O03365,Call
ACT020813,O03428,Call
ACT020814,O03165,POC
ACT020815,O02105,Email
ACT020816,O02480,Demo
ACT020817,O02792,POC
ACT020818,O00246,Workshop
ACT020819,O01870,Demo
ACT020820,O00731,Call
ACT020821,O01422,POC
ACT020822,O01094,Workshop
ACT020823,O01637,POC
ACT020824,O03044,Workshop
ACT020825,O03270,Call
ACT020826,O02503,Email
ACT020827,O01309,POC
ACT020828,O02678,Call
ACT020829,O00507,POC
ACT020830,O00569,POC
ACT020831,O00212,Email
ACT020832,O02585,POC
ACT020833,O01589,Demo
ACT020834,O02125,Email
ACT020835,O00574,Call
ACT020836,O01361,Call
ACT020837,O00960,Email
ACT020838,O01250,Workshop
ACT020839,O03424,POC
ACT020840,O01767,Workshop
ACT020841,O00976,Workshop
ACT020842,O02857,Demo
ACT020843,O02489,Call
ACT020844,O00947,Workshop
ACT020845,O03005,Email
ACT020846,O02418,Workshop
ACT020847,O00059,POC
ACT020848,O02344,POC
ACT020849,O03230,Demo
ACT020850,O02876,Call
ACT020851,O02728,Workshop
ACT020852,O01108,Email
ACT020853,O01783,POC
ACT020854,O02129,Workshop
ACT020855,O01253,Demo
ACT020856,O00062,Email
ACT020857,O00497,Workshop
ACT020858,O01522,Email
ACT020859,O01203,Demo
ACT020860,O02599,POC
ACT020861,O01980,Email
ACT020862,O02517,Email
ACT020863,O03074,POC
ACT020864,O03363,Email
ACT020865,O00540,Email
ACT020866,O01534,Email
ACT020867,O03094,Workshop
ACT020868,O01229,Workshop
ACT020869,O00590,Demo
ACT020870,O00129,POC
ACT020871,O00919,Call
ACT020872,O01638,Demo
ACT020873,O02266,Demo
ACT020874,O00368,Demo
ACT020875,O01706,Workshop
ACT020876,O01142,POC
ACT020877,O00822,Email
ACT020878,O00845,Workshop
ACT020879,O01501,Workshop
ACT020880,O01372,Demo
ACT020881,O00407,Email
ACT020882,O02377,Workshop
ACT020883,O01847,POC
ACT020884,O02979,POC
ACT020885,O01623,Workshop
ACT020886,O01182,Email
ACT020887,O01898,POC
ACT020888,O00834,Demo
ACT020889,O00755,Email
ACT020890,O02758,Workshop
ACT020891,O02337,Call
ACT020892,O02350,POC
ACT020893,O01667,POC
ACT020894,O01527,Email
ACT020895,O02533,Email
ACT020896,O02284,Call
ACT020897,O01894,Demo
ACT020898,O02557,Workshop
ACT020899,O02550,Demo
ACT020900,O00493,Demo
ACT020901,O03485,POC
ACT020902,O00174,POC
ACT020903,O00089,POC
ACT020904,O00768,POC
ACT020905,O03132,Workshop
ACT020906,O00017,POC
ACT020907,O00279,Workshop
ACT020908,O03481,POC
ACT020909,O01595,Call
ACT020910,O02104,Demo
ACT020911,O02755,Email
ACT020912,O01522,Workshop
ACT020913,O01728,Call
ACT020914,O00848,Workshop
ACT020915,O00648,Workshop
ACT020916,O01717,Call
ACT020917,O00057,Workshop
ACT020918,O02561,Workshop
ACT020919,O03080,POC
ACT020920,O03310,Email
ACT020921,O03151,Email
ACT020922,O03276,Email
ACT020923,O01301,Email
ACT020924,O01767,Email
ACT020925,O02149,POC
ACT020926,O01908,Workshop
ACT020927,O01899,Workshop
ACT020928,O01505,Demo
ACT020929,O01039,Email
ACT020930,O02237,Email
ACT020931,O02035,Email
ACT020932,O02360,Workshop
ACT020933,O01944,POC
ACT020934,O01987,Email
ACT020935,O01536,Email
ACT020936,O00608,Demo
ACT020937,O03078,Call
ACT020938,O01541,Demo
ACT020939,O00520,POC
ACT020940,O00936,Email
ACT020941,O00365,Demo
ACT020942,O00316,Email
ACT020943,O01725,Demo
ACT020944,O00764,Demo
ACT020945,O03427,POC
ACT020946,O01950,Demo
ACT020947,O02174,POC
ACT020948,O02854,Call
ACT020949,O03019,Email
ACT020950,O02928,POC
ACT020951,O01366,POC
ACT020952,O02030,Call
ACT020953,O00603,POC
ACT020954,O01270,POC
ACT020955,O00589,POC
ACT020956,O02595,Email
ACT020957,O00482,Demo
ACT020958,O02997,Demo
ACT020959,O00564,POC
ACT020960,O00547,Demo
ACT020961,O00327,Demo
ACT020962,O02848,Email
ACT020963,O01920,POC
ACT020964,O00057,Demo
ACT020965,O01977,Workshop
ACT020966,O00851,Call
ACT020967,O02440,Workshop
ACT020968,O02084,Call
ACT020969,O01865,Call
ACT020970,O01617,Email
ACT020971,O00832,Demo
ACT020972,O03307,Demo
ACT020973,O02219,Email
ACT020974,O03339,Workshop
ACT020975,O02341,POC
ACT020976,O00778,Demo
ACT020977,O03169,Workshop
ACT020978,O00030,Email
ACT020979,O00366,Workshop
ACT020980,O03115,Email
ACT020981,O03441,POC
ACT020982,O03403,POC
ACT020983,O01447,Call
ACT020984,O01477,Workshop
ACT020985,O01252,POC
ACT020986,O01849,Demo
ACT020987,O01037,Demo
ACT020988,O02224,Workshop
ACT020989,O03037,POC
ACT020990,O01254,Call
ACT020991,O02029,Email
ACT020992,O02752,Email
ACT020993,O01811,Workshop
ACT020994,O00057,Demo
ACT020995,O01341,Email
ACT020996,O02069,Workshop
ACT020997,O00031,Call
ACT020998,O00007,POC
ACT020999,O01979,POC
ACT021000,O03122,Call
ACT021001,O02045,POC
ACT021002,O00379,Demo
ACT021003,O00644,Workshop
ACT021004,O02068,Workshop
ACT021005,O00851,Demo
ACT021006,O00536,Email
ACT021007,O02678,Email
ACT021008,O01560,Email
ACT021009,O00261,Demo
ACT021010,O00714,Email
ACT021011,O03167,Email
ACT021012,O00796,Email
ACT021013,O03065,Email
ACT021014,O03235,Call
ACT021015,O01961,POC
ACT021016,O02207,Demo
ACT021017,O02342,Email
ACT021018,O03392,Workshop
ACT021019,O00386,Email
ACT021020,O00125,Email
ACT021021,O00781,Email
ACT021022,O02719,Demo
ACT021023,O03128,Call
ACT021024,O03490,Workshop
ACT021025,O01628,POC
ACT021026,O02213,Email
ACT021027,O02782,POC
ACT021028,O00174,Email
ACT021029,O00741,Call
ACT021030,O00324,Call
ACT021031,O00933,Call
ACT021032,O02828,POC
ACT021033,O02047,Workshop
ACT021034,O00415,Email
ACT021035,O02382,Demo
ACT021036,O00319,Call
ACT021037,O00082,Workshop
ACT021038,O00682,POC
ACT021039,O00921,Demo
ACT021040,O03403,Email
ACT021041,O00466,Workshop
ACT021042,O01042,Workshop
ACT021043,O02917,Workshop
ACT021044,O00912,Demo
ACT021045,O02131,POC
ACT021046,O02572,Workshop
ACT021047,O03139,POC
ACT021048,O01564,Workshop
ACT021049,O02934,POC
ACT021050,O03362,Workshop
ACT021051,O02696,Call
ACT021052,O01858,Email
ACT021053,O02455,Workshop
ACT021054,O00409,Call
ACT021055,O03211,Email
ACT021056,O03478,Demo
ACT021057,O03399,Demo
ACT021058,O01589,Call
ACT021059,O03307,Workshop
ACT021060,O00625,Workshop
ACT021061,O01899,Call
ACT021062,O03338,Workshop
ACT021063,O00289,Call
ACT021064,O03470,POC
ACT021065,O03403,Workshop
ACT021066,O01264,Email
ACT021067,O01691,Email
ACT021068,O01776,Workshop
ACT021069,O00533,Workshop
ACT021070,O03102,Workshop
ACT021071,O00296,POC
ACT021072,O01664,Demo
ACT021073,O00314,Call
ACT021074,O00697,Email
ACT021075,O02405,Workshop
ACT021076,O01549,Workshop
ACT021077,O00083,Demo
ACT021078,O02673,Demo
ACT021079,O03416,Workshop
ACT021080,O02081,Demo
ACT021081,O02962,Demo
ACT021082,O00984,POC
ACT021083,O03463,POC
ACT021084,O01604,Email
ACT021085,O02851,POC
ACT021086,O01684,Call
ACT021087,O02350,Demo
ACT021088,O02032,Demo
ACT021089,O00008,Call
ACT021090,O01316,POC
ACT021091,O02347,POC
ACT021092,O01883,POC
ACT021093,O00990,POC
ACT021094,O02600,Email
ACT021095,O02936,Call
ACT021096,O01884,POC
ACT021097,O02855,Email
ACT021098,O00820,POC
ACT021099,O01278,Email
ACT021100,O00463,Demo
ACT021101,O02405,Email
ACT021102,O02255,Call
ACT021103,O00008,Call
ACT021104,O01867,Demo
ACT021105,O03114,Call
ACT021106,O03156,Workshop
ACT021107,O01368,Workshop
ACT021108,O00801,Email
ACT021109,O00997,Workshop
ACT021110,O00433,Email
ACT021111,O02658,POC
ACT021112,O03490,Demo
ACT021113,O00150,Call
ACT021114,O01575,Email
ACT021115,O02662,Call
ACT021116,O02865,Demo
ACT021117,O00232,Call
ACT021118,O01740,Demo
ACT021119,O01543,Workshop
ACT021120,O01744,Call
ACT021121,O02852,Workshop
ACT021122,O01019,Demo
ACT021123,O01636,Call
ACT021124,O03044,Email
ACT021125,O00212,POC
ACT021126,O03477,POC
ACT021127,O00847,Demo
ACT021128,O02220,Workshop
ACT021129,O00354,Demo
ACT021130,O02037,Demo
ACT021131,O01181,Call
ACT021132,O01717,POC
ACT021133,O00323,Call
ACT021134,O00778,Demo
ACT021135,O00533,POC
ACT021136,O01207,Workshop
ACT021137,O01331,POC
ACT021138,O02165,Call
ACT021139,O02928,Workshop
ACT021140,O01370,Email
ACT021141,O02497,Demo
ACT021142,O01374,Call
ACT021143,O00128,Email
ACT021144,O02641,Demo
ACT021145,O02307,Demo
ACT021146,O01534,Email
ACT021147,O01659,Workshop
ACT021148,O02418,Workshop
ACT021149,O01979,Call
ACT021150,O01550,POC
ACT021151,O02021,Demo
ACT021152,O00596,POC
ACT021153,O01695,Call
ACT021154,O03012,Email
ACT021155,O03309,Call
ACT021156,O01241,Demo
ACT021157,O00681,Call
ACT021158,O03224,POC
ACT021159,O00896,Demo
ACT021160,O01136,Call
ACT021161,O01564,Workshop
ACT021162,O00896,Email
ACT021163,O02050,Workshop
ACT021164,O01543,POC
ACT021165,O00405,Call
ACT021166,O03432,POC
ACT021167,O00877,Workshop
ACT021168,O03152,POC
ACT021169,O02415,Call
ACT021170,O00974,Email
ACT021171,O01613,Demo
ACT021172,O01052,Workshop
ACT021173,O03002,Demo
ACT021174,O02509,Workshop
ACT021175,O02326,Call
ACT021176,O01690,Workshop
ACT021177,O02851,Demo
ACT021178,O01376,Workshop
ACT021179,O00982,Call
ACT021180,O01773,Workshop
ACT021181,O01506,Demo
ACT021182,O00147,Demo
ACT021183,O01750,Email
ACT021184,O01072,Demo
ACT021185,O00440,Call
ACT021186,O00816,Email
ACT021187,O01308,Demo
ACT021188,O02098,Email
ACT021189,O01978,Call
ACT021190,O00134,Call
ACT021191,O00473,Demo
ACT021192,O02108,Demo
ACT021193,O02237,Call
ACT021194,O02867,Workshop
ACT021195,O02446,Call
ACT021196,O02077,Demo
ACT021197,O02970,Call
ACT021198,O00460,Demo
ACT021199,O00819,POC
ACT021200,O00837,POC
ACT021201,O00440,Workshop
ACT021202,O00593,Workshop
ACT021203,O00734,POC
ACT021204,O03170,Demo
ACT021205,O02586,Call
ACT021206,O00800,Email
ACT021207,O00475,Call
ACT021208,O01140,Email
ACT021209,O00328,Workshop
ACT021210,O01355,POC
ACT021211,O00383,POC
ACT021212,O03335,Call
ACT021213,O03257,Demo
ACT021214,O00047,Call
ACT021215,O01948,Email
ACT021216,O03342,Demo
ACT021217,O00708,Call
ACT021218,O00686,Email
ACT021219,O02966,Workshop
ACT021220,O02787,Call
ACT021221,O03077,Email
ACT021222,O02845,Workshop
ACT021223,O02735,Demo
ACT021224,O00934,Email
ACT021225,O02080,Call
ACT021226,O02007,Call
ACT021227,O00482,Workshop
ACT021228,O00803,POC
ACT021229,O02003,Demo
ACT021230,O00710,Workshop
ACT021231,O02030,Call
ACT021232,O00924,Email
ACT021233,O00143,Demo
ACT021234,O01438,Email
ACT021235,O01985,Demo
ACT021236,O00396,Demo
ACT021237,O01793,Email
ACT021238,O03090,Email
ACT021239,O02536,Demo
ACT021240,O03278,Workshop
ACT021241,O00483,Demo
ACT021242,O02082,Email
ACT021243,O03493,Demo
ACT021244,O01194,Demo
ACT021245,O00011,Email
ACT021246,O01704,Email
ACT021247,O00991,Demo
ACT021248,O02856,Demo
ACT021249,O03106,POC
ACT021250,O03240,Workshop
ACT021251,O02085,Call
ACT021252,O00958,Call
ACT021253,O02218,Demo
ACT021254,O02442,Workshop
ACT021255,O02541,Email
ACT021256,O01740,Demo
ACT021257,O01106,Email
ACT021258,O02222,Email
ACT021259,O03026,Demo
ACT021260,O00697,Email
ACT021261,O00598,Call
ACT021262,O02625,Workshop
ACT021263,O01972,Call
ACT021264,O02486,Call
ACT021265,O02091,Email
ACT021266,O01226,Workshop
ACT021267,O02244,Email
ACT021268,O03304,POC
ACT021269,O00140,Demo
ACT021270,O02140,Workshop
ACT021271,O01670,Workshop
ACT021272,O02940,Call
ACT021273,O02606,Call
ACT021274,O00295,Email
ACT021275,O00346,POC
ACT021276,O00329,POC
ACT021277,O02798,POC
ACT021278,O02066,Demo
ACT021279,O02454,Demo
ACT021280,O01258,Demo
ACT021281,O02349,Call
ACT021282,O02007,Workshop
ACT021283,O00468,POC
ACT021284,O02960,Email
ACT021285,O03436,Call
ACT021286,O00882,Call
ACT021287,O02086,Email
ACT021288,O00293,Demo
ACT021289,O01801,POC
ACT021290,O00253,Call
ACT021291,O00784,Demo
ACT021292,O00567,Demo
ACT021293,O03242,POC
ACT021294,O02966,Demo
ACT021295,O01625,Email
ACT021296,O00572,Call
ACT021297,O03339,Demo
ACT021298,O01489,Demo
ACT021299,O02699,Email
ACT021300,O02415,POC
ACT021301,O03179,POC
ACT021302,O02378,Demo
ACT021303,O00031,Call
ACT021304,O03099,Workshop
ACT021305,O00131,POC
ACT021306,O01485,Email
ACT021307,O00184,Workshop
ACT021308,O02221,POC
ACT021309,O00670,POC
ACT021310,O03266,Demo
ACT021311,O00725,Workshop
ACT021312,O03207,Email
ACT021313,O01143,Call
ACT021314,O01744,Workshop
ACT021315,O02177,Call
ACT021316,O03115,Demo
ACT021317,O00160,Call
ACT021318,O02941,Email
ACT021319,O01090,Call
ACT021320,O02027,POC
ACT021321,O01312,POC
ACT021322,O02425,Workshop
ACT021323,O02889,POC
ACT021324,O02455,Email
ACT021325,O03345,Demo
ACT021326,O02168,Call
ACT021327,O02741,POC
ACT021328,O01940,POC
ACT021329,O03119,Email
ACT021330,O03389,POC
ACT021331,O02303,Demo
ACT021332,O01529,Call
ACT021333,O03117,Email
ACT021334,O03350,Demo
ACT021335,O02915,POC
ACT021336,O03445,Call
ACT021337,O02130,Workshop
ACT021338,O00138,Demo
ACT021339,O00766,Workshop
ACT021340,O03442,Email
ACT021341,O02900,Workshop
ACT021342,O00556,Workshop
ACT021343,O00983,Demo
ACT021344,O03471,Demo
ACT021345,O00853,Workshop
ACT021346,O02852,POC
ACT021347,O01813,Workshop
ACT021348,O01555,POC
ACT021349,O02409,Demo
ACT021350,O00373,Email
ACT021351,O01503,Demo
ACT021352,O01426,Demo
ACT021353,O00044,Email
ACT021354,O00947,Workshop
ACT021355,O00924,Call
ACT021356,O01551,Demo
ACT021357,O00406,Demo
ACT021358,O03061,Email
ACT021359,O00349,Workshop
ACT021360,O00402,Email
ACT021361,O02287,Demo
ACT021362,O02900,Workshop
ACT021363,O03187,POC
ACT021364,O03301,Demo
ACT021365,O00992,Demo
ACT021366,O01461,Email
ACT021367,O02444,POC
ACT021368,O02606,Demo
ACT021369,O01304,Demo
ACT021370,O03026,Workshop
ACT021371,O00040,Email
ACT021372,O01606,Email
ACT021373,O02992,Workshop
ACT021374,O03460,POC
ACT021375,O01706,Call
ACT021376,O00276,Call
ACT021377,O02055,Call
ACT021378,O02380,Demo
ACT021379,O00402,Email
ACT021380,O03040,Call
ACT021381,O00485,Email
ACT021382,O03060,POC
ACT021383,O00321,Workshop
ACT021384,O01455,Call
ACT021385,O01831,Email
ACT021386,O00041,Email
ACT021387,O03341,Email
ACT021388,O03054,Call
ACT021389,O03398,POC
ACT021390,O01712,Workshop
ACT021391,O03200,Call
ACT021392,O00355,Email
ACT021393,O00798,Workshop
ACT021394,O00609,Workshop
ACT021395,O00920,Workshop
ACT021396,O02319,Demo
ACT021397,O00430,Workshop
ACT021398,O02864,POC
ACT021399,O03279,POC
ACT021400,O01513,Email
ACT021401,O00074,Workshop
ACT021402,O02053,Call
ACT021403,O00865,Demo
ACT021404,O00366,POC
ACT021405,O00320,Email
ACT021406,O01547,Email
ACT021407,O03482,Demo
ACT021408,O02816,Workshop
ACT021409,O02762,Workshop
ACT021410,O03433,POC
ACT021411,O01553,Call
ACT021412,O02989,Workshop
ACT021413,O00780,Email
ACT021414,O01933,Email
ACT021415,O01724,Workshop
ACT021416,O02005,Workshop
ACT021417,O00989,POC
ACT021418,O02097,POC
ACT021419,O03034,POC
ACT021420,O03199,POC
ACT021421,O01724,Call
ACT021422,O00047,Call
ACT021423,O03144,Call
ACT021424,O03250,Call
ACT021425,O01783,Demo
ACT021426,O02054,Email
ACT021427,O00907,Call
ACT021428,O01840,Workshop
ACT021429,O00163,Workshop
ACT021430,O02701,Email
ACT021431,O02062,Email
ACT021432,O02240,POC
ACT021433,O00209,Call
ACT021434,O00326,POC
ACT021435,O02505,Workshop
ACT021436,O00232,Call
ACT021437,O00786,Demo
ACT021438,O02565,Demo
ACT021439,O01116,Email
ACT021440,O01104,Demo
ACT021441,O00136,Workshop
ACT021442,O00543,Workshop
ACT021443,O03176,Workshop
ACT021444,O00287,Demo
ACT021445,O01662,Workshop
ACT021446,O01702,Email
ACT021447,O02360,Workshop
ACT021448,O01620,Workshop
ACT021449,O01858,Email
ACT021450,O02854,Workshop
ACT021451,O02437,Demo
ACT021452,O00966,Demo
ACT021453,O01412,Demo
ACT021454,O03229,Demo
ACT021455,O00635,Call
ACT021456,O00866,POC
ACT021457,O01375,Demo
ACT021458,O00342,Workshop
ACT021459,O00065,Email
ACT021460,O00238,POC
ACT021461,O02512,POC
ACT021462,O03184,Workshop
ACT021463,O00073,Demo
ACT021464,O02198,Workshop
ACT021465,O01821,Call
ACT021466,O00082,POC
ACT021467,O03273,Call
ACT021468,O01635,POC
ACT021469,O01898,Demo
ACT021470,O00287,Email
ACT021471,O01748,Demo
ACT021472,O01768,Call
ACT021473,O01926,Call
ACT021474,O02340,Call
ACT021475,O00218,Workshop
ACT021476,O01776,Workshop
ACT021477,O03127,Email
ACT021478,O02799,Call
ACT021479,O02551,Call
ACT021480,O03343,Workshop
ACT021481,O01464,Demo
ACT021482,O00189,POC
ACT021483,O03410,Workshop
ACT021484,O00698,Demo
ACT021485,O01189,Workshop
ACT021486,O01176,Workshop
ACT021487,O00866,Demo
ACT021488,O01461,Workshop
ACT021489,O01942,Demo
ACT021490,O01611,Workshop
ACT021491,O02521,Demo
ACT021492,O00582,POC
ACT021493,O02742,Demo
ACT021494,O03111,Call
ACT021495,O01187,Email
ACT021496,O01504,Workshop
ACT021497,O01511,Demo
ACT021498,O01216,Demo
ACT021499,O02487,Call
ACT021500,O00322,Email
ACT021501,O01984,Call
ACT021502,O00191,Email
ACT021503,O02214,Email
ACT021504,O02602,Demo
ACT021505,O01961,Call
ACT021506,O00427,Email
ACT021507,O03092,Workshop
ACT021508,O00510,Call
ACT021509,O01561,Demo
ACT021510,O01918,POC
ACT021511,O01510,Workshop
ACT021512,O00749,Email
ACT021513,O01288,POC
ACT021514,O01410,Call
ACT021515,O01673,Call
ACT021516,O01704,Email
ACT021517,O01397,POC
ACT021518,O02737,Demo
ACT021519,O00417,Email
ACT021520,O00249,Call
ACT021521,O01294,Workshop
ACT021522,O03299,POC
ACT021523,O00657,Email
ACT021524,O03368,Demo
ACT021525,O02621,Demo
ACT021526,O03137,Email
ACT021527,O00931,Workshop
ACT021528,O02010,Demo
ACT021529,O00992,Email
ACT021530,O00640,Demo
ACT021531,O00655,Call
ACT021532,O00168,POC
ACT021533,O03205,POC
ACT021534,O00608,Email
ACT021535,O02482,Email
ACT021536,O02244,POC
ACT021537,O02063,POC
ACT021538,O02034,POC
ACT021539,O00630,Demo
ACT021540,O03202,POC
ACT021541,O00668,POC
ACT021542,O01840,Demo
ACT021543,O00679,Call
ACT021544,O00211,Workshop
ACT021545,O03155,Demo
ACT021546,O03464,Email
ACT021547,O02455,Call
ACT021548,O01098,Call
ACT021549,O01844,Call
ACT021550,O01419,Call
ACT021551,O00812,Workshop
ACT021552,O01296,Email
ACT021553,O00043,POC
ACT021554,O00614,Call
ACT021555,O01400,POC
ACT021556,O01830,Call
ACT021557,O01429,Call
ACT021558,O01755,POC
ACT021559,O01514,Demo
ACT021560,O00667,Email
ACT021561,O02335,POC
ACT021562,O00207,Email
ACT021563,O02325,Call
ACT021564,O03106,Call
ACT021565,O02694,POC
ACT021566,O02037,Workshop
ACT021567,O02321,Demo
ACT021568,O02203,POC
ACT021569,O00210,Workshop
ACT021570,O01050,POC
ACT021571,O02830,Demo
ACT021572,O01787,Call
ACT021573,O01780,Workshop
ACT021574,O00844,POC
ACT021575,O03107,POC
ACT021576,O02256,POC
ACT021577,O01464,Email
ACT021578,O01158,Call
ACT021579,O00624,Demo
ACT021580,O02771,Demo
ACT021581,O02917,Demo
ACT021582,O02843,Email
ACT021583,O01438,Call
ACT021584,O02428,Workshop
ACT021585,O02448,Workshop
ACT021586,O01996,POC
ACT021587,O01638,Workshop
ACT021588,O03355,Email
ACT021589,O00829,Demo
ACT021590,O02483,Call
ACT021591,O02748,Call
ACT021592,O02446,Email
ACT021593,O02993,Call
ACT021594,O01437,Call
ACT021595,O02517,Demo
ACT021596,O01638,Demo
ACT021597,O01722,Email
ACT021598,O02351,Email
ACT021599,O03487,POC
ACT021600,O02681,Workshop
ACT021601,O01941,Call
ACT021602,O00245,Workshop
ACT021603,O01596,Call
ACT021604,O00138,Demo
ACT021605,O03199,POC
ACT021606,O02779,Demo
ACT021607,O00115,Demo
ACT021608,O00964,Call
ACT021609,O02689,Demo
ACT021610,O02835,Demo
ACT021611,O00064,Email
ACT021612,O03278,Demo
ACT021613,O00504,POC
ACT021614,O02374,Call
ACT021615,O00677,Workshop
ACT021616,O01440,POC
ACT021617,O01097,Workshop
ACT021618,O02752,Call
ACT021619,O01651,POC
ACT021620,O01982,Call
ACT021621,O03148,Call
ACT021622,O02477,Demo
ACT021623,O02939,Email
ACT021624,O00033,Email
ACT021625,O01770,Email
ACT021626,O01721,Workshop
ACT021627,O02115,Demo
ACT021628,O03294,Call
ACT021629,O01304,Demo
ACT021630,O01634,Email
ACT021631,O00766,Demo
ACT021632,O01240,POC
ACT021633,O01070,Workshop
ACT021634,O00455,Workshop
ACT021635,O02634,Call
ACT021636,O00698,Call
ACT021637,O00938,Email
ACT021638,O00991,Demo
ACT021639,O02847,Call
ACT021640,O00216,Call
ACT021641,O02427,Demo
ACT021642,O02807,POC
ACT021643,O01560,Email
ACT021644,O02468,POC
ACT021645,O01601,Email
ACT021646,O01038,Demo
ACT021647,O00704,Email
ACT021648,O01879,Email
ACT021649,O01611,Demo
ACT021650,O02772,Call
ACT021651,O01726,Call
ACT021652,O02412,Call
ACT021653,O02996,Email
ACT021654,O01647,Demo
ACT021655,O01603,POC
ACT021656,O02789,Email
ACT021657,O01212,Workshop
ACT021658,O02479,POC
ACT021659,O01773,Workshop
ACT021660,O00740,POC
ACT021661,O02678,Workshop
ACT021662,O03415,POC
ACT021663,O01782,Call
ACT021664,O01851,Demo
ACT021665,O01733,Email
ACT021666,O01240,Demo
ACT021667,O00395,Demo
ACT021668,O02354,Demo
ACT021669,O03248,Workshop
ACT021670,O00018,Demo
ACT021671,O01275,Email
ACT021672,O02967,Demo
ACT021673,O01094,Workshop
ACT021674,O01447,Email
ACT021675,O03071,POC
ACT021676,O01395,Workshop
ACT021677,O02268,Workshop
ACT021678,O00903,Email
ACT021679,O00101,Demo
ACT021680,O00638,Demo
ACT021681,O01272,Workshop
ACT021682,O01179,Demo
ACT021683,O01072,Demo
ACT021684,O00327,Workshop
ACT021685,O01131,Call
ACT021686,O03259,Workshop
ACT021687,O02911,Demo
ACT021688,O02163,Call
ACT021689,O00688,Demo
ACT021690,O01338,Demo
ACT021691,O01768,Call
ACT021692,O01812,Demo
ACT021693,O03153,Email
ACT021694,O03188,Demo
ACT021695,O01658,POC
ACT021696,O02202,Demo
ACT021697,O02375,Workshop
ACT021698,O02223,Email
ACT021699,O02456,Demo
ACT021700,O01737,Email
ACT021701,O00222,Email
ACT021702,O02074,Workshop
ACT021703,O01875,Email
ACT021704,O01060,POC
ACT021705,O01314,POC
ACT021706,O02443,POC
ACT021707,O00675,Email
ACT021708,O02046,Workshop
ACT021709,O01201,Call
ACT021710,O01552,Call
ACT021711,O01394,Call
ACT021712,O03362,Demo
ACT021713,O00591,POC
ACT021714,O01452,Demo
ACT021715,O02325,Workshop
ACT021716,O01480,Workshop
ACT021717,O03466,POC
ACT021718,O01520,Call
ACT021719,O01496,Demo
ACT021720,O00233,Workshop
ACT021721,O02335,Call
ACT021722,O01756,Email
ACT021723,O01353,Email
ACT021724,O02143,Demo
ACT021725,O00690,Call
ACT021726,O00149,POC
ACT021727,O00738,Call
ACT021728,O01459,Demo
ACT021729,O00054,POC
ACT021730,O03243,Email
ACT021731,O00045,Workshop
ACT021732,O02087,Call
ACT021733,O03320,Email
ACT021734,O03120,Demo
ACT021735,O02136,Demo
ACT021736,O02406,POC
ACT021737,O03333,POC
ACT021738,O00574,Demo
ACT021739,O01243,Email
ACT021740,O03475,Workshop
ACT021741,O01941,Email
ACT021742,O03301,Email
ACT021743,O01607,Demo
ACT021744,O00923,Email
ACT021745,O01439,Call
ACT021746,O01924,Workshop
ACT021747,O03481,Demo
ACT021748,O01599,Email
ACT021749,O02827,Demo
ACT021750,O03176,Call
ACT021751,O00368,POC
ACT021752,O01376,Demo
ACT021753,O01265,Workshop
ACT021754,O00351,Workshop
ACT021755,O00263,Email
ACT021756,O01591,Demo
ACT021757,O03468,Workshop
ACT021758,O00231,Demo
ACT021759,O03180,Demo
ACT021760,O02139,Email
ACT021761,O01032,POC
ACT021762,O01099,Email
ACT021763,O01312,Call
ACT021764,O00260,Call
ACT021765,O00379,POC
ACT021766,O01669,Demo
ACT021767,O01202,Workshop
ACT021768,O01475,Demo
ACT021769,O01402,Email
ACT021770,O03028,Workshop
ACT021771,O00771,Demo
ACT021772,O00148,POC
ACT021773,O00292,Demo
ACT021774,O00358,Demo
ACT021775,O01729,POC
ACT021776,O00775,Email
ACT021777,O00714,POC
ACT021778,O01497,Call
ACT021779,O01792,Email
ACT021780,O03098,Call
ACT021781,O01437,Call
ACT021782,O00645,Workshop
ACT021783,O00964,Call
ACT021784,O03065,Workshop
ACT021785,O00545,POC
ACT021786,O00447,Demo
ACT021787,O00584,Call
ACT021788,O02338,POC
ACT021789,O03450,Email
ACT021790,O01449,Workshop
ACT021791,O02428,Call
ACT021792,O00110,Email
ACT021793,O00703,POC
ACT021794,O02722,POC
ACT021795,O01368,Email
ACT021796,O03131,Workshop
ACT021797,O03462,Demo
ACT021798,O00208,POC
ACT021799,O01748,Call
ACT021800,O02691,Demo
ACT021801,O03494,Demo
ACT021802,O02130,Call
ACT021803,O01252,Email
ACT021804,O03430,Call
ACT021805,O01389,Demo
ACT021806,O00302,POC
ACT021807,O03152,Demo
ACT021808,O00671,POC
ACT021809,O01736,Call
ACT021810,O01617,Demo
ACT021811,O00335,POC
ACT021812,O00980,Call
ACT021813,O03168,Email
ACT021814,O00759,Demo
ACT021815,O00741,POC
ACT021816,O02611,POC
ACT021817,O00747,Call
ACT021818,O02089,Call
ACT021819,O02789,Demo
ACT021820,O02217,Call
ACT021821,O02326,Call
ACT021822,O02145,Workshop
ACT021823,O00654,Email
ACT021824,O01698,Call
ACT021825,O00421,Call
ACT021826,O00039,Workshop
ACT021827,O01342,POC
ACT021828,O02839,Workshop
ACT021829,O00841,Workshop
ACT021830,O01447,Demo
ACT021831,O02372,POC
ACT021832,O01234,Call
ACT021833,O03147,Demo
ACT021834,O00518,Email
ACT021835,O02131,Demo
ACT021836,O02696,Workshop
ACT021837,O01763,Email
ACT021838,O00242,POC
ACT021839,O01024,Workshop
ACT021840,O02306,Call
ACT021841,O01858,Email
ACT021842,O00716,POC
ACT021843,O00560,Workshop
ACT021844,O00642,Email
ACT021845,O01689,Workshop
ACT021846,O01763,Workshop
ACT021847,O01779,POC
ACT021848,O03261,Demo
ACT021849,O01598,Demo
ACT021850,O00316,Email
ACT021851,O01008,Workshop
ACT021852,O00686,POC
ACT021853,O03118,POC
ACT021854,O01389,Demo
ACT021855,O00749,Email
ACT021856,O01166,Demo
ACT021857,O01968,Workshop
ACT021858,O02486,Demo
ACT021859,O02027,POC
ACT021860,O00148,Demo
ACT021861,O03156,POC
ACT021862,O02933,Email
ACT021863,O00804,Call
ACT021864,O00321,Call
ACT021865,O01612,Workshop
ACT021866,O02261,Workshop
ACT021867,O01943,Demo
ACT021868,O02258,Workshop
ACT021869,O00822,Workshop
ACT021870,O02807,Email
ACT021871,O00764,Call
ACT021872,O02563,Call
ACT021873,O03181,Call
ACT021874,O00517,Email
ACT021875,O01705,POC
ACT021876,O03216,Email
ACT021877,O00667,Workshop
ACT021878,O03283,Email
ACT021879,O01790,Demo
ACT021880,O02602,Email
ACT021881,O01081,Demo
ACT021882,O00699,POC
ACT021883,O03313,Email
ACT021884,O01840,POC
ACT021885,O00377,Call
ACT021886,O01243,POC
ACT021887,O00620,Call
ACT021888,O03393,Demo
ACT021889,O01009,Demo
ACT021890,O02349,Call
ACT021891,O01355,Workshop
ACT021892,O00963,Email
ACT021893,O02094,Demo
ACT021894,O00722,Call
ACT021895,O00401,Call
ACT021896,O00551,Workshop
ACT021897,O02976,Call
ACT021898,O02196,Workshop
ACT021899,O02145,Call
ACT021900,O01476,Call
ACT021901,O03103,Workshop
ACT021902,O01436,Workshop
ACT021903,O02159,Email
ACT021904,O02163,Demo
ACT021905,O00356,Email
ACT021906,O01966,Demo
ACT021907,O03289,Email
ACT021908,O02123,Demo
ACT021909,O00109,Demo
ACT021910,O02645,Call
ACT021911,O01252,Workshop
ACT021912,O00294,Call
ACT021913,O00003,POC
ACT021914,O03041,Workshop
ACT021915,O01368,Email
ACT021916,O00549,Demo
ACT021917,O02304,Email
ACT021918,O01528,POC
ACT021919,O01127,POC
ACT021920,O01609,Workshop
ACT021921,O01512,Workshop
ACT021922,O02898,Email
ACT021923,O03114,POC
ACT021924,O01442,Call
ACT021925,O03447,Demo
ACT021926,O00916,Call
ACT021927,O00943,Workshop
ACT021928,O00118,Demo
ACT021929,O01616,Workshop
ACT021930,O01909,Email
ACT021931,O03071,Call
ACT021932,O00220,Call
ACT021933,O01586,Call
ACT021934,O02497,Demo
ACT021935,O01260,Demo
ACT021936,O02377,Call
ACT021937,O01024,Call
ACT021938,O01217,Workshop
ACT021939,O01678,Call
ACT021940,O01757,Workshop
ACT021941,O02497,Workshop
ACT021942,O02240,Workshop
ACT021943,O02053,Demo
ACT021944,O02079,POC
ACT021945,O02006,Demo
ACT021946,O02398,Email
ACT021947,O00923,Call
ACT021948,O02693,Workshop
ACT021949,O01770,Workshop
ACT021950,O00734,POC
ACT021951,O00929,Workshop
ACT021952,O02055,Email
ACT021953,O02484,Demo
ACT021954,O02103,Email
ACT021955,O01782,Workshop
ACT021956,O00527,Demo
ACT021957,O01358,POC
ACT021958,O01767,Email
ACT021959,O02981,Demo
ACT021960,O00486,Demo
ACT021961,O01225,Workshop
ACT021962,O01533,Call
ACT021963,O02537,Workshop
ACT021964,O03477,Demo
ACT021965,O00628,Demo
ACT021966,O00779,Call
ACT021967,O03296,POC
ACT021968,O00977,Demo
ACT021969,O00406,Call
ACT021970,O02009,Workshop
ACT021971,O01119,Workshop
ACT021972,O02990,Email
ACT021973,O03027,Workshop
ACT021974,O00130,Email
ACT021975,O02330,POC
ACT021976,O01477,POC
ACT021977,O03038,Demo
ACT021978,O00208,Email
ACT021979,O00904,Email
ACT021980,O03172,Call
ACT021981,O02976,Demo
ACT021982,O00830,Workshop
ACT021983,O03295,POC
ACT021984,O01658,Workshop
ACT021985,O00338,Workshop
ACT021986,O01929,Demo
ACT021987,O03253,Demo
ACT021988,O01957,Call
ACT021989,O02127,Workshop
ACT021990,O02857,POC
ACT021991,O00579,POC
ACT021992,O00914,POC
ACT021993,O00776,Demo
ACT021994,O01719,Workshop
ACT021995,O00797,Call
ACT021996,O03483,POC
ACT021997,O03312,Workshop
ACT021998,O00026,Email
ACT021999,O01428,Demo
ACT022000,O03389,Call
ACT022001,O00041,POC
ACT022002,O02773,Workshop
ACT022003,O01172,Email
ACT022004,O02588,Demo
ACT022005,O01736,POC
ACT022006,O02096,Demo
ACT022007,O01457,Call
ACT022008,O02443,POC
ACT022009,O03396,POC
ACT022010,O03322,POC
ACT022011,O02164,POC
ACT022012,O01039,Demo
ACT022013,O01731,Workshop
ACT022014,O00774,Workshop
ACT022015,O00710,Email
ACT022016,O01821,Workshop
ACT022017,O01215,Demo
ACT022018,O03010,Call
ACT022019,O01779,Demo
ACT022020,O03372,Email
ACT022021,O01927,Demo
ACT022022,O00530,Demo
ACT022023,O01887,Email
ACT022024,O01877,POC
ACT022025,O03309,Demo
ACT022026,O00884,Call
ACT022027,O02802,Workshop
ACT022028,O02616,Email
ACT022029,O03412,Email
ACT022030,O03475,Demo
ACT022031,O02724,POC
ACT022032,O02673,POC
ACT022033,O00218,POC
ACT022034,O00599,Demo
ACT022035,O00780,Email
ACT022036,O01117,POC
ACT022037,O01564,Demo
ACT022038,O00029,POC
ACT022039,O02643,Workshop
ACT022040,O01821,Workshop
ACT022041,O01604,Demo
ACT022042,O02213,Demo
ACT022043,O01318,POC
ACT022044,O00768,POC
ACT022045,O02520,POC
ACT022046,O02738,POC
ACT022047,O00016,Demo
ACT022048,O02407,Email
ACT022049,O00507,Call
ACT022050,O01060,Workshop
ACT022051,O00985,Workshop
ACT022052,O03208,Demo
ACT022053,O01903,Email
ACT022054,O01038,Workshop
ACT022055,O03356,Demo
ACT022056,O01678,Workshop
ACT022057,O01911,Call
ACT022058,O00650,Demo
ACT022059,O03264,Workshop
ACT022060,O02474,Call
ACT022061,O03294,Email
ACT022062,O00203,POC
ACT022063,O02236,POC
ACT022064,O00231,Email
ACT022065,O03197,Demo
ACT022066,O01910,POC
ACT022067,O03375,Call
ACT022068,O03377,POC
ACT022069,O00031,Workshop
ACT022070,O02512,Workshop
ACT022071,O00509,Email
ACT022072,O01377,Email
ACT022073,O01180,Demo
ACT022074,O01533,POC
ACT022075,O01948,Workshop
ACT022076,O02908,POC
ACT022077,O02621,Call
ACT022078,O01658,POC
ACT022079,O00431,Workshop
ACT022080,O00050,Call
ACT022081,O02341,Demo
ACT022082,O00670,POC
ACT022083,O02034,POC
ACT022084,O01059,Email
ACT022085,O00675,Workshop
ACT022086,O02208,Call
ACT022087,O00948,Call
ACT022088,O01660,POC
ACT022089,O02561,Workshop
ACT022090,O03494,POC
ACT022091,O00857,Email
ACT022092,O01929,Email
ACT022093,O02733,Email
ACT022094,O01612,Workshop
ACT022095,O03349,Demo
ACT022096,O01364,Email
ACT022097,O03304,Call
ACT022098,O00517,Demo
ACT022099,O02979,Call
ACT022100,O00541,Email
ACT022101,O02946,Workshop
ACT022102,O00537,Demo
ACT022103,O00390,POC
ACT022104,O01649,Workshop
ACT022105,O02209,Call
ACT022106,O03132,POC
ACT022107,O02773,Demo
ACT022108,O02981,Demo
ACT022109,O00359,Demo
ACT022110,O01861,Email
ACT022111,O02238,Workshop
ACT022112,O03222,Email
ACT022113,O02366,Email
ACT022114,O01527,POC
ACT022115,O03461,Workshop
ACT022116,O01505,Call
ACT022117,O02041,Demo
ACT022118,O00831,Call
ACT022119,O02054,POC
ACT022120,O02379,Email
ACT022121,O00406,Workshop
ACT022122,O01181,Demo
ACT022123,O03021,Demo
ACT022124,O00037,Email
ACT022125,O00933,POC
ACT022126,O01894,POC
ACT022127,O02117,Demo
ACT022128,O00563,Demo
ACT022129,O03289,Email
ACT022130,O02269,Workshop
ACT022131,O03463,Demo
ACT022132,O01172,POC
ACT022133,O00779,Demo
ACT022134,O00532,Email
ACT022135,O01024,Call
ACT022136,O02304,Email
ACT022137,O02563,POC
ACT022138,O00280,Demo
ACT022139,O03389,Demo
ACT022140,O02882,Email
ACT022141,O03374,Demo
ACT022142,O03391,Call
ACT022143,O01928,Email
ACT022144,O01760,Email
ACT022145,O00500,Call
ACT022146,O02514,POC
ACT022147,O01529,Workshop
ACT022148,O01317,POC
ACT022149,O03185,Demo
ACT022150,O03319,POC
ACT022151,O01377,Call
ACT022152,O01089,POC
ACT022153,O02492,Workshop
ACT022154,O03181,Email
ACT022155,O02159,Email
ACT022156,O02656,Email
ACT022157,O03400,Email
ACT022158,O00231,Demo
ACT022159,O02405,POC
ACT022160,O01448,Demo
ACT022161,O03445,Workshop
ACT022162,O00526,POC
ACT022163,O02934,Call
ACT022164,O01196,Workshop
ACT022165,O02239,Demo
ACT022166,O00072,POC
ACT022167,O03203,Call
ACT022168,O02501,Call
ACT022169,O02387,Demo
ACT022170,O01850,POC
ACT022171,O00666,Demo
ACT022172,O03165,POC
ACT022173,O01114,Workshop
ACT022174,O03403,Demo
ACT022175,O02260,Workshop
ACT022176,O02826,Workshop
ACT022177,O02271,Workshop
ACT022178,O02928,POC
ACT022179,O01797,Workshop
ACT022180,O00320,Call
ACT022181,O00551,Workshop
ACT022182,O03077,Workshop
ACT022183,O03463,Email
ACT022184,O00413,Call
ACT022185,O02986,Email
ACT022186,O01774,POC
ACT022187,O01601,Email
ACT022188,O01568,Call
ACT022189,O00532,Call
ACT022190,O00609,Workshop
ACT022191,O03126,POC
ACT022192,O01667,Workshop
ACT022193,O01639,Demo
ACT022194,O02950,Email
ACT022195,O03258,Workshop
ACT022196,O02255,POC
ACT022197,O00083,POC
ACT022198,O02661,POC
ACT022199,O01450,Workshop
ACT022200,O02606,POC
ACT022201,O00896,Call
ACT022202,O00253,Call
ACT022203,O00623,Email
ACT022204,O00151,Demo
ACT022205,O00644,Demo
ACT022206,O02460,Email
ACT022207,O03045,Email
ACT022208,O01719,Workshop
ACT022209,O01096,Workshop
ACT022210,O00643,Workshop
ACT022211,O02303,Call
ACT022212,O01417,Call
ACT022213,O02219,Call
ACT022214,O03069,Call
ACT022215,O02942,Workshop
ACT022216,O01873,Email
ACT022217,O01653,Call
ACT022218,O02339,Workshop
ACT022219,O00899,Workshop
ACT022220,O00989,Email
ACT022221,O00994,POC
ACT022222,O02556,Demo
ACT022223,O01759,Workshop
ACT022224,O02425,Workshop
ACT022225,O00632,Demo
ACT022226,O02899,Workshop
ACT022227,O01022,Workshop
ACT022228,O03270,Call
ACT022229,O03403,Workshop
ACT022230,O02489,POC
ACT022231,O01764,Workshop
ACT022232,O02764,Demo
ACT022233,O00442,Demo
ACT022234,O03147,POC
ACT022235,O02684,Call
ACT022236,O01013,POC
ACT022237,O01403,Email
ACT022238,O02868,Email
ACT022239,O01492,Workshop
ACT022240,O00439,POC
ACT022241,O01639,POC
ACT022242,O01565,Workshop
ACT022243,O00270,POC
ACT022244,O03055,Call
ACT022245,O01158,Workshop
ACT022246,O00643,Call
ACT022247,O01931,Call
ACT022248,O01142,Workshop
ACT022249,O01519,Workshop
ACT022250,O02359,Demo
ACT022251,O00434,Workshop
ACT022252,O02946,Workshop
ACT022253,O01908,Demo
ACT022254,O02832,Email
ACT022255,O03489,Demo
ACT022256,O02056,Demo
ACT022257,O00836,POC
ACT022258,O01692,Call
ACT022259,O01597,POC
ACT022260,O00272,Workshop
ACT022261,O01300,Call
ACT022262,O03109,Call
ACT022263,O01820,Workshop
ACT022264,O02242,Call
ACT022265,O00837,POC
ACT022266,O00717,POC
ACT022267,O02435,POC
ACT022268,O03390,POC
ACT022269,O01300,POC
ACT022270,O03384,Workshop
ACT022271,O02945,Workshop
ACT022272,O02974,POC
ACT022273,O01131,Email
ACT022274,O00230,Email
ACT022275,O02751,Call
ACT022276,O02425,POC
ACT022277,O01192,Workshop
ACT022278,O03463,Workshop
ACT022279,O02055,Email
ACT022280,O02631,Email
ACT022281,O02696,POC
ACT022282,O01035,Email
ACT022283,O01994,Email
ACT022284,O03267,Demo
ACT022285,O01198,Workshop
ACT022286,O03260,Email
ACT022287,O02255,Workshop
ACT022288,O02486,Email
ACT022289,O02617,Email
ACT022290,O02750,Workshop
ACT022291,O02349,Demo
ACT022292,O00074,Demo
ACT022293,O00088,Email
ACT022294,O02046,POC
ACT022295,O03007,Workshop
ACT022296,O01692,POC
ACT022297,O00408,Call
ACT022298,O00779,Email
ACT022299,O01561,Email
ACT022300,O00925,Workshop
ACT022301,O03213,Email
ACT022302,O01763,Email
ACT022303,O03025,Call
ACT022304,O00635,POC
ACT022305,O00498,POC
ACT022306,O00397,Email
ACT022307,O00364,Workshop
ACT022308,O00703,POC
ACT022309,O02204,Demo
ACT022310,O01911,POC
ACT022311,O00161,Demo
ACT022312,O02459,POC
ACT022313,O01299,POC
ACT022314,O00293,Email
ACT022315,O00880,Demo
ACT022316,O02284,POC
ACT022317,O02271,Workshop
ACT022318,O02247,Call
ACT022319,O00467,Demo
ACT022320,O02984,POC
ACT022321,O02107,Workshop
ACT022322,O01762,Email
ACT022323,O00537,POC
ACT022324,O00704,Demo
ACT022325,O02390,Workshop
ACT022326,O01461,Call
ACT022327,O01425,Demo
ACT022328,O01222,Workshop
ACT022329,O01193,Workshop
ACT022330,O02254,Workshop
ACT022331,O01731,Email
ACT022332,O01008,Call
ACT022333,O01553,POC
ACT022334,O02918,Email
ACT022335,O01018,Workshop
ACT022336,O00284,Email
ACT022337,O02454,Email
ACT022338,O01279,Workshop
ACT022339,O00654,Demo
ACT022340,O03026,Call
ACT022341,O02277,Demo
ACT022342,O03135,Call
ACT022343,O02320,POC
ACT022344,O00508,POC
ACT022345,O03267,POC
ACT022346,O03008,Workshop
ACT022347,O00806,Workshop
ACT022348,O02768,Email
ACT022349,O01623,Call
ACT022350,O01698,Call
ACT022351,O00161,Call
ACT022352,O03167,POC
ACT022353,O01517,Demo
ACT022354,O00587,Workshop
ACT022355,O01179,Workshop
ACT022356,O01305,Workshop
ACT022357,O00503,Demo
ACT022358,O03309,Demo
ACT022359,O00499,Demo
ACT022360,O01240,Call
ACT022361,O00670,Call
ACT022362,O01862,POC
ACT022363,O02115,Demo
ACT022364,O02954,Workshop
ACT022365,O00499,POC
ACT022366,O02066,POC
ACT022367,O00377,Email
ACT022368,O02662,Workshop
ACT022369,O00516,Email
ACT022370,O02369,Demo
ACT022371,O00673,Call
ACT022372,O00525,Email
ACT022373,O02302,Demo
ACT022374,O03045,POC
ACT022375,O03417,Workshop
ACT022376,O03287,Email
ACT022377,O00687,Call
ACT022378,O01522,Workshop
ACT022379,O01232,Call
ACT022380,O03158,Email
ACT022381,O03140,POC
ACT022382,O01845,Email
ACT022383,O01080,Email
ACT022384,O03046,Email
ACT022385,O01967,POC
ACT022386,O01157,Workshop
ACT022387,O01537,Email
ACT022388,O00796,POC
ACT022389,O02244,Workshop
ACT022390,O02389,POC
ACT022391,O02341,POC
ACT022392,O03016,Workshop
ACT022393,O00623,Demo
ACT022394,O00731,POC
ACT022395,O03180,Email
ACT022396,O02153,POC
ACT022397,O02744,Workshop
ACT022398,O03460,Email
ACT022399,O01132,Call
ACT022400,O02270,Call
ACT022401,O01610,Email
ACT022402,O00094,Workshop
ACT022403,O01105,Email
ACT022404,O02092,Workshop
ACT022405,O01244,POC
ACT022406,O02714,POC
ACT022407,O03123,POC
ACT022408,O03466,Demo
ACT022409,O03424,POC
ACT022410,O01381,Call
ACT022411,O02396,Email
ACT022412,O01877,Email
ACT022413,O02634,Workshop
ACT022414,O02405,Email
ACT022415,O00085,Email
ACT022416,O01275,POC
ACT022417,O01858,Email
ACT022418,O00853,POC
ACT022419,O02011,Call
ACT022420,O02623,POC
ACT022421,O02956,Workshop
ACT022422,O02033,Workshop
ACT022423,O00501,Demo
ACT022424,O00761,Workshop
ACT022425,O02775,POC
ACT022426,O00262,Workshop
ACT022427,O00883,Workshop
ACT022428,O03121,POC
ACT022429,O00911,Demo
ACT022430,O00873,Demo
ACT022431,O02667,Workshop
ACT022432,O00092,POC
ACT022433,O00732,Email
ACT022434,O00253,POC
ACT022435,O03184,Demo
ACT022436,O02978,Email
ACT022437,O02759,Call
ACT022438,O01008,Demo
ACT022439,O00604,Workshop
ACT022440,O01595,POC
ACT022441,O03439,POC
ACT022442,O00785,Demo
ACT022443,O03393,Email
ACT022444,O00953,Demo
ACT022445,O00041,Demo
ACT022446,O01999,Call
ACT022447,O00991,Demo
ACT022448,O00658,Demo
ACT022449,O00045,Workshop
ACT022450,O02369,Call
ACT022451,O01499,Demo
ACT022452,O01235,Demo
ACT022453,O01012,Workshop
ACT022454,O02302,Call
ACT022455,O00681,Call
ACT022456,O00054,Demo
ACT022457,O02036,Email
ACT022458,O00485,POC
ACT022459,O02915,Workshop
ACT022460,O01096,Call
ACT022461,O00767,Email
ACT022462,O00447,Email
ACT022463,O01774,Call
ACT022464,O02825,Email
ACT022465,O00886,Call
ACT022466,O00756,Demo
ACT022467,O02351,Email
ACT022468,O02984,Demo
ACT022469,O02581,Workshop
ACT022470,O01729,Demo
ACT022471,O00105,Call
ACT022472,O00231,Call
ACT022473,O03459,POC
ACT022474,O01657,Workshop
ACT022475,O02926,Call
ACT022476,O00996,Email
ACT022477,O03274,Call
ACT022478,O02853,POC
ACT022479,O02379,Demo
ACT022480,O01095,Call
ACT022481,O01058,Email
ACT022482,O03174,Workshop
ACT022483,O00922,Email
ACT022484,O03095,POC
ACT022485,O03360,POC
ACT022486,O02021,Demo
ACT022487,O00912,Workshop
ACT022488,O01725,Workshop
ACT022489,O01527,Workshop
ACT022490,O00314,Call
ACT022491,O02623,Email
ACT022492,O00007,Email
ACT022493,O00578,POC
ACT022494,O00560,Email
ACT022495,O02607,POC
ACT022496,O03281,Workshop
ACT022497,O02063,Call
ACT022498,O02801,Demo
ACT022499,O00102,Demo
ACT022500,O01799,Call
ACT022501,O00939,Demo
ACT022502,O00060,Call
ACT022503,O02648,Call
ACT022504,O02088,Demo
ACT022505,O02204,POC
ACT022506,O02105,POC
ACT022507,O00159,POC
ACT022508,O00181,Email
ACT022509,O00645,Workshop
ACT022510,O02659,Call
ACT022511,O00193,Call
ACT022512,O01743,Workshop
ACT022513,O00851,Workshop
ACT022514,O00143,Call
ACT022515,O03433,Email
ACT022516,O00667,Demo
ACT022517,O03066,Email
ACT022518,O01048,Demo
ACT022519,O03149,Demo
ACT022520,O02001,Demo
ACT022521,O01808,Workshop
ACT022522,O03306,POC
ACT022523,O00571,Workshop
ACT022524,O02311,Email
ACT022525,O01779,Demo
ACT022526,O02730,Workshop
ACT022527,O03396,Email
ACT022528,O02313,Demo
ACT022529,O02303,Call
ACT022530,O02544,Demo
ACT022531,O00928,Call
ACT022532,O02090,POC
ACT022533,O02452,POC
ACT022534,O02564,Demo
ACT022535,O01693,POC
ACT022536,O01783,Call
ACT022537,O00362,Call
ACT022538,O01797,Workshop
ACT022539,O03190,Workshop
ACT022540,O00852,Demo
ACT022541,O02432,Call
ACT022542,O01929,Demo
ACT022543,O00660,POC
ACT022544,O03467,Call
ACT022545,O01400,Call
ACT022546,O00621,Call
ACT022547,O00266,Email
ACT022548,O01230,Workshop
ACT022549,O02206,Call
ACT022550,O00851,POC
ACT022551,O00288,Workshop
ACT022552,O02926,POC
ACT022553,O02185,POC
ACT022554,O00520,Demo
ACT022555,O02773,Call
ACT022556,O00256,Workshop
ACT022557,O01741,POC
ACT022558,O02253,POC
ACT022559,O00524,Workshop
ACT022560,O01843,Demo
ACT022561,O02317,Workshop
ACT022562,O01871,POC
ACT022563,O02506,Demo
ACT022564,O01810,Email
ACT022565,O02663,Call
ACT022566,O03239,Demo
ACT022567,O02380,Demo
ACT022568,O02651,Email
ACT022569,O03000,POC
ACT022570,O02115,Workshop
ACT022571,O01511,POC
ACT022572,O02694,Demo
ACT022573,O00638,Call
ACT022574,O02740,Call
ACT022575,O00776,POC
ACT022576,O03159,Workshop
ACT022577,O01336,Workshop
ACT022578,O00646,Demo
ACT022579,O01064,POC
ACT022580,O01261,Workshop
ACT022581,O02054,Call
ACT022582,O03448,Demo
ACT022583,O01630,Email
ACT022584,O02427,POC
ACT022585,O00790,Workshop
ACT022586,O01748,Email
ACT022587,O02342,Email
ACT022588,O02307,POC
ACT022589,O02028,POC
ACT022590,O01955,Call
ACT022591,O00463,Call
ACT022592,O01706,Call
ACT022593,O03052,Workshop
ACT022594,O00816,Workshop
ACT022595,O00192,Demo
ACT022596,O01873,POC
ACT022597,O00644,Call
ACT022598,O03300,POC
ACT022599,O00083,Call
ACT022600,O01358,POC
ACT022601,O03237,Call
ACT022602,O03462,Demo
ACT022603,O01557,Email
ACT022604,O00233,Call
ACT022605,O02339,Email
ACT022606,O01735,Workshop
ACT022607,O00594,Demo
ACT022608,O02109,Workshop
ACT022609,O00729,Email
ACT022610,O00899,Call
ACT022611,O02118,POC
ACT022612,O01918,Email
ACT022613,O01835,Demo
ACT022614,O03253,POC
ACT022615,O01431,Email
ACT022616,O00571,Workshop
ACT022617,O02192,POC
ACT022618,O00267,Call
ACT022619,O01951,Call
ACT022620,O03164,Call
ACT022621,O01457,Call
ACT022622,O00528,POC
ACT022623,O01357,Email
ACT022624,O01694,POC
ACT022625,O00313,Workshop
ACT022626,O02023,Email
ACT022627,O00402,Demo
ACT022628,O01630,Workshop
ACT022629,O01068,Call
ACT022630,O02409,Email
ACT022631,O02633,Demo
ACT022632,O02122,Demo
ACT022633,O01353,POC
ACT022634,O00506,Workshop
ACT022635,O03426,Workshop
ACT022636,O02155,Workshop
ACT022637,O01568,POC
ACT022638,O03494,Email
ACT022639,O00227,POC
ACT022640,O02262,POC
ACT022641,O02314,Workshop
ACT022642,O03103,POC
ACT022643,O01592,Workshop
ACT022644,O02133,Email
ACT022645,O01983,Email
ACT022646,O02231,POC
ACT022647,O01343,POC
ACT022648,O01532,Email
ACT022649,O01343,Demo
ACT022650,O00092,Demo
ACT022651,O00861,Workshop
ACT022652,O00006,Demo
ACT022653,O02351,Workshop
ACT022654,O01653,POC
ACT022655,O02405,Email
ACT022656,O01571,Workshop
ACT022657,O00243,POC
ACT022658,O02089,Workshop
ACT022659,O00428,Email
ACT022660,O00647,Workshop
ACT022661,O01012,Email
ACT022662,O00620,Workshop
ACT022663,O00717,Demo
ACT022664,O02476,Workshop
ACT022665,O03012,Demo
ACT022666,O01672,Demo
ACT022667,O01718,Demo
ACT022668,O01272,Demo
ACT022669,O02667,Workshop
ACT022670,O00926,Workshop
ACT022671,O02249,POC
ACT022672,O03330,Email
ACT022673,O02470,Demo
ACT022674,O02843,Workshop
ACT022675,O02400,Email
ACT022676,O02291,Demo
ACT022677,O02742,Call
ACT022678,O03093,Email
ACT022679,O01053,Call
ACT022680,O02891,Demo
ACT022681,O03239,Email
ACT022682,O00868,Workshop
ACT022683,O00904,Email
ACT022684,O01998,POC
ACT022685,O01039,Call
ACT022686,O02241,Call
ACT022687,O02435,Workshop
ACT022688,O02482,Demo
ACT022689,O01315,Email
ACT022690,O02620,Demo
ACT022691,O01399,POC
ACT022692,O02525,Demo
ACT022693,O01477,Email
ACT022694,O02636,Demo
ACT022695,O02278,Email
ACT022696,O01052,Workshop
ACT022697,O02400,Workshop
ACT022698,O03249,Email
ACT022699,O01316,POC
ACT022700,O00838,Email
ACT022701,O00278,Call
ACT022702,O02169,Email
ACT022703,O00836,Email
ACT022704,O03189,Demo
ACT022705,O01929,Call
ACT022706,O01937,Email
ACT022707,O01047,Email
ACT022708,O02697,Call
ACT022709,O02331,Workshop
ACT022710,O00152,POC
ACT022711,O01527,Workshop
ACT022712,O00110,POC
ACT022713,O03027,Demo
ACT022714,O00797,Email
ACT022715,O01904,Workshop
ACT022716,O02946,Workshop
ACT022717,O01742,Demo
ACT022718,O02500,Email
ACT022719,O00753,Email
ACT022720,O01486,Demo
ACT022721,O00752,Call
ACT022722,O00284,Email
ACT022723,O01691,Email
ACT022724,O02022,Email
ACT022725,O01973,Email
ACT022726,O01382,Demo
ACT022727,O01412,Demo
ACT022728,O00671,Email
ACT022729,O00557,POC
ACT022730,O02927,Email
ACT022731,O02980,Workshop
ACT022732,O02233,Demo
ACT022733,O02143,Email
ACT022734,O00423,Workshop
ACT022735,O01399,Workshop
ACT022736,O00637,Call
ACT022737,O00224,Workshop
ACT022738,O02886,POC
ACT022739,O01012,Call
ACT022740,O02032,POC
ACT022741,O01929,Email
ACT022742,O02047,POC
ACT022743,O00342,POC
ACT022744,O01980,Call
ACT022745,O02095,Email
ACT022746,O01122,Call
ACT022747,O01693,Workshop
ACT022748,O01030,Workshop
ACT022749,O01812,Demo
ACT022750,O00846,Call
ACT022751,O01027,Call
ACT022752,O03452,POC
ACT022753,O00788,Demo
ACT022754,O01937,Email
ACT022755,O00888,Email
ACT022756,O02775,Call
ACT022757,O01964,Demo
ACT022758,O01121,Email
ACT022759,O02697,Demo
ACT022760,O02217,Workshop
ACT022761,O00520,Email
ACT022762,O00294,Call
ACT022763,O02996,Demo
ACT022764,O00385,Workshop
ACT022765,O00193,Email
ACT022766,O03288,POC
ACT022767,O01615,Email
ACT022768,O02349,POC
ACT022769,O00783,Call
ACT022770,O00105,Email
ACT022771,O01034,Workshop
ACT022772,O01671,Workshop
ACT022773,O01864,Demo
ACT022774,O02869,Workshop
ACT022775,O00410,Demo
ACT022776,O02438,Call
ACT022777,O02140,Email
ACT022778,O00191,POC
ACT022779,O02818,Demo
ACT022780,O00926,Workshop
ACT022781,O02322,POC
ACT022782,O01695,Demo
ACT022783,O03183,Email
ACT022784,O03061,Workshop
ACT022785,O00752,Workshop
ACT022786,O01677,POC
ACT022787,O02597,Call
ACT022788,O02709,Demo
ACT022789,O00593,POC
ACT022790,O01970,Call
ACT022791,O02927,Demo
ACT022792,O01671,POC
ACT022793,O01645,Workshop
ACT022794,O03388,Demo
ACT022795,O01853,Workshop
ACT022796,O03354,Email
ACT022797,O02700,Email
ACT022798,O01134,POC
ACT022799,O02168,Email
ACT022800,O00606,Call
ACT022801,O01209,Workshop
ACT022802,O01893,Call
ACT022803,O00454,Email
ACT022804,O02328,Workshop
ACT022805,O00762,Demo
ACT022806,O02017,Call
ACT022807,O00517,POC
ACT022808,O02690,Call
ACT022809,O01271,Workshop
ACT022810,O01114,Call
ACT022811,O01070,Email
ACT022812,O01880,Email
ACT022813,O00132,Email
ACT022814,O03044,POC
ACT022815,O02346,Demo
ACT022816,O00867,Demo
ACT022817,O03021,Workshop
ACT022818,O03164,Email
ACT022819,O02718,Call
ACT022820,O03055,Demo
ACT022821,O03423,POC
ACT022822,O03351,Demo
ACT022823,O03145,POC
ACT022824,O01139,Workshop
ACT022825,O00748,Email
ACT022826,O00504,Workshop
ACT022827,O01534,POC
ACT022828,O03415,Call
ACT022829,O03290,Demo
ACT022830,O00800,Call
ACT022831,O00500,Call
ACT022832,O02887,Demo
ACT022833,O00746,POC
ACT022834,O02743,Call
ACT022835,O01478,Workshop
ACT022836,O01367,Workshop
ACT022837,O00677,Workshop
ACT022838,O02265,POC
ACT022839,O03271,Demo
ACT022840,O01135,Call
ACT022841,O01524,POC
ACT022842,O00001,Demo
ACT022843,O00820,Email
ACT022844,O00795,Call
ACT022845,O01526,Email
ACT022846,O01437,Call
ACT022847,O00795,Workshop
ACT022848,O03123,Workshop
ACT022849,O02148,Demo
ACT022850,O02931,Demo
ACT022851,O01219,Workshop
ACT022852,O02363,POC
ACT022853,O03295,Email
ACT022854,O00221,Call
ACT022855,O02812,Call
ACT022856,O00328,Email
ACT022857,O00788,Demo
ACT022858,O01481,Demo
ACT022859,O01704,Workshop
ACT022860,O00139,Call
ACT022861,O00355,Demo
ACT022862,O01300,Email
ACT022863,O00752,Demo
ACT022864,O00385,Workshop
ACT022865,O03230,Workshop
ACT022866,O01376,Workshop
ACT022867,O03276,Demo
ACT022868,O01309,Demo
ACT022869,O02989,POC
ACT022870,O02442,Email
ACT022871,O02755,Workshop
ACT022872,O00399,Email
ACT022873,O02707,Email
ACT022874,O02926,Workshop
ACT022875,O02769,POC
ACT022876,O01355,Email
ACT022877,O02442,Call
ACT022878,O00576,Workshop
ACT022879,O01410,Call
ACT022880,O03491,Email
ACT022881,O03066,Demo
ACT022882,O00366,Workshop
ACT022883,O00090,Email
ACT022884,O02157,POC
ACT022885,O03243,Workshop
ACT022886,O01844,Demo
ACT022887,O01092,Call
ACT022888,O01641,POC
ACT022889,O01691,Demo
ACT022890,O00184,POC
ACT022891,O03221,POC
ACT022892,O00406,Workshop
ACT022893,O01532,POC
ACT022894,O01945,Email
ACT022895,O01447,Email
ACT022896,O00357,Demo
ACT022897,O01683,POC
ACT022898,O01786,Workshop
ACT022899,O02708,Workshop
ACT022900,O03314,POC
ACT022901,O01625,POC
ACT022902,O01442,Email
ACT022903,O00722,Workshop
ACT022904,O02880,Demo
ACT022905,O02189,Email
ACT022906,O02889,POC
ACT022907,O03397,Email
ACT022908,O00854,Call
ACT022909,O02119,POC
ACT022910,O01435,Workshop
ACT022911,O03064,Workshop
ACT022912,O00980,Workshop
ACT022913,O02338,Workshop
ACT022914,O01314,Call
ACT022915,O00138,Workshop
ACT022916,O03176,POC
ACT022917,O03135,Workshop
ACT022918,O02579,Call
ACT022919,O00766,Email
ACT022920,O00461,Workshop
ACT022921,O03251,Demo
ACT022922,O02675,Call
ACT022923,O02291,POC
ACT022924,O03166,Email
ACT022925,O02884,Demo
ACT022926,O01365,POC
ACT022927,O02710,Workshop
ACT022928,O02925,Demo
ACT022929,O00430,Call
ACT022930,O02469,Workshop
ACT022931,O03318,Workshop
ACT022932,O02907,Email
ACT022933,O00886,Call
ACT022934,O01786,Workshop
ACT022935,O01641,Workshop
ACT022936,O02806,Email
ACT022937,O01467,Workshop
ACT022938,O00058,Email
ACT022939,O01895,Workshop
ACT022940,O03475,Workshop
ACT022941,O00127,Email
ACT022942,O00012,Demo
ACT022943,O01996,Call
ACT022944,O02872,Demo
ACT022945,O03416,Workshop
ACT022946,O00338,Email
ACT022947,O00445,Workshop
ACT022948,O00365,Email
ACT022949,O01772,Workshop
ACT022950,O02274,Email
ACT022951,O01329,Demo
ACT022952,O00146,Email
ACT022953,O02602,POC
ACT022954,O02058,POC
ACT022955,O02901,Call
ACT022956,O01721,Email
ACT022957,O01993,POC
ACT022958,O01506,Call
ACT022959,O02914,POC
ACT022960,O03132,Call
ACT022961,O01326,Workshop
ACT022962,O01708,Demo
ACT022963,O02215,POC
ACT022964,O03195,Demo
ACT022965,O03438,POC
ACT022966,O02867,Demo
ACT022967,O02665,Workshop
ACT022968,O00403,Demo
ACT022969,O00476,Demo
ACT022970,O00585,Email
ACT022971,O02048,Demo
ACT022972,O00437,Demo
ACT022973,O00819,Demo
ACT022974,O01199,Demo
ACT022975,O01193,Demo
ACT022976,O00018,Demo
ACT022977,O01788,Demo
ACT022978,O02089,Workshop
ACT022979,O03090,Email
ACT022980,O01715,Workshop
ACT022981,O03067,Demo
ACT022982,O02634,Demo
ACT022983,O03002,Demo
ACT022984,O02359,Email
ACT022985,O01497,Demo
ACT022986,O01989,Call
ACT022987,O01468,Call
ACT022988,O02809,Demo
ACT022989,O01431,Workshop
ACT022990,O00300,Demo
ACT022991,O02861,Call
ACT022992,O01724,POC
ACT022993,O02428,Email
ACT022994,O01247,Demo
ACT022995,O02694,Email
ACT022996,O00369,POC
ACT022997,O02637,POC
ACT022998,O00946,Call
ACT022999,O01053,Call
ACT023000,O00410,POC
ACT023001,O00847,Workshop
ACT023002,O01842,Call
ACT023003,O01710,Call
ACT023004,O01150,POC
ACT023005,O03020,POC
ACT023006,O02888,Call
ACT023007,O01516,Call
ACT023008,O03078,Workshop
ACT023009,O01346,POC
ACT023010,O00094,Demo
ACT023011,O00878,Workshop
ACT023012,O01111,Workshop
ACT023013,O01308,Call
ACT023014,O02173,POC
ACT023015,O00805,POC
ACT023016,O00263,Call
ACT023017,O00244,Call
ACT023018,O02721,Workshop
ACT023019,O01388,Call
ACT023020,O01795,Call
ACT023021,O00926,Call
ACT023022,O02078,Demo
ACT023023,O02936,POC
ACT023024,O01340,Demo
ACT023025,O00340,POC
ACT023026,O01992,Workshop
ACT023027,O03023,Workshop
ACT023028,O01364,Call
ACT023029,O00713,Email
ACT023030,O02701,Email
ACT023031,O00894,Demo
ACT023032,O03074,Call
ACT023033,O01151,Email
ACT023034,O01823,Demo
ACT023035,O02367,Call
ACT023036,O03312,Email
ACT023037,O00668,Email
ACT023038,O02137,POC
ACT023039,O00579,Workshop
ACT023040,O03494,Workshop
ACT023041,O02128,POC
ACT023042,O03323,Call
ACT023043,O01944,Call
ACT023044,O02680,POC
ACT023045,O02816,Workshop
ACT023046,O02401,Call
ACT023047,O00192,POC
ACT023048,O02108,POC
ACT023049,O00690,Call
ACT023050,O00839,Call
ACT023051,O01060,POC
ACT023052,O01286,Email
ACT023053,O01517,Demo
ACT023054,O02726,Workshop
ACT023055,O00494,Email
ACT023056,O02370,Workshop
ACT023057,O01143,POC
ACT023058,O00894,POC
ACT023059,O03277,Call
ACT023060,O02440,POC
ACT023061,O00920,POC
ACT023062,O02618,POC
ACT023063,O03006,Demo
ACT023064,O02477,Workshop
ACT023065,O00673,Demo
ACT023066,O00316,POC
ACT023067,O03179,POC
ACT023068,O01127,Email
ACT023069,O00944,Demo
ACT023070,O03438,Demo
ACT023071,O00994,Demo
ACT023072,O02950,Demo
ACT023073,O01350,POC
ACT023074,O03157,Demo
ACT023075,O00950,POC
ACT023076,O03170,Call
ACT023077,O03057,Demo
ACT023078,O00457,POC
ACT023079,O02490,Demo
ACT023080,O01810,Workshop
ACT023081,O00711,Workshop
ACT023082,O02881,POC
ACT023083,O01049,Call
ACT023084,O02463,Email
ACT023085,O00380,Call
ACT023086,O00753,Call
ACT023087,O02826,Call
ACT023088,O02613,Workshop
ACT023089,O01587,Email
ACT023090,O01422,POC
ACT023091,O01615,Workshop
ACT023092,O02497,POC
ACT023093,O02038,Workshop
ACT023094,O00942,POC
ACT023095,O02979,Workshop
ACT023096,O03490,Call
ACT023097,O00700,Demo
ACT023098,O02310,Call
ACT023099,O01045,Demo
ACT023100,O01678,POC
ACT023101,O01156,POC
ACT023102,O01797,Workshop
ACT023103,O03417,POC
ACT023104,O03251,Workshop
ACT023105,O02978,Call
ACT023106,O03441,Workshop
ACT023107,O02951,Demo
ACT023108,O02101,Workshop
ACT023109,O01803,Workshop
ACT023110,O02871,Email
ACT023111,O02964,Demo
ACT023112,O02147,Demo
ACT023113,O00065,Email
ACT023114,O00392,Demo
ACT023115,O02158,Email
ACT023116,O01871,POC
ACT023117,O02508,Workshop
ACT023118,O02942,POC
ACT023119,O00160,Email
ACT023120,O03196,Call
ACT023121,O02053,Email
ACT023122,O01173,Call
ACT023123,O01841,Email
ACT023124,O01105,Workshop
ACT023125,O01747,Demo
ACT023126,O00568,Demo
ACT023127,O03104,Workshop
ACT023128,O02476,POC
ACT023129,O02472,Demo
ACT023130,O02736,Call
ACT023131,O01773,Workshop
ACT023132,O01056,Workshop
ACT023133,O03345,Workshop
ACT023134,O02382,POC
ACT023135,O03174,Demo
ACT023136,O01764,Call
ACT023137,O02013,Call
ACT023138,O03064,Workshop
ACT023139,O01443,Demo
ACT023140,O02943,Call
ACT023141,O03016,Workshop
ACT023142,O01099,POC
ACT023143,O00121,Email
ACT023144,O02750,POC
ACT023145,O03171,Demo
ACT023146,O01623,Call
ACT023147,O02992,Email
ACT023148,O00234,Call
ACT023149,O01379,Demo
ACT023150,O01695,Call
ACT023151,O00615,POC
ACT023152,O01663,Email
ACT023153,O02686,POC
ACT023154,O00973,Demo
ACT023155,O01302,Email
ACT023156,O00780,Call
ACT023157,O00757,Email
ACT023158,O00795,POC
ACT023159,O01390,Workshop
ACT023160,O00788,Call
ACT023161,O01303,POC
ACT023162,O01984,Email
ACT023163,O00901,Email
ACT023164,O02116,Workshop
ACT023165,O02886,POC
ACT023166,O00634,Demo
ACT023167,O02665,Call
ACT023168,O02318,Email
ACT023169,O01785,Email
ACT023170,O02102,Demo
ACT023171,O02160,Workshop
ACT023172,O02627,Email
ACT023173,O03312,Email
ACT023174,O03117,Call
ACT023175,O03458,POC
ACT023176,O02634,Call
ACT023177,O02769,Email
ACT023178,O03488,Email
ACT023179,O02725,Workshop
ACT023180,O02067,Email
ACT023181,O01914,Demo
ACT023182,O01523,Demo
ACT023183,O01155,Call
ACT023184,O02907,Workshop
ACT023185,O00406,Email
ACT023186,O03120,Call
ACT023187,O02593,POC
ACT023188,O02646,Demo
ACT023189,O00070,Call
ACT023190,O03256,Call
ACT023191,O01403,Email
ACT023192,O00649,Workshop
ACT023193,O02141,POC
ACT023194,O02215,Demo
ACT023195,O02210,Workshop
ACT023196,O00065,Call
ACT023197,O02042,Demo
ACT023198,O00659,Call
ACT023199,O02080,Call
ACT023200,O00056,Demo
ACT023201,O00237,Demo
ACT023202,O00735,POC
ACT023203,O00106,Workshop
ACT023204,O02975,POC
ACT023205,O02938,Workshop
ACT023206,O03394,POC
ACT023207,O01584,Email
ACT023208,O01334,POC
ACT023209,O00589,Call
ACT023210,O02390,Workshop
ACT023211,O01791,POC
ACT023212,O00454,POC
ACT023213,O00572,Demo
ACT023214,O01248,Email
ACT023215,O02279,POC
ACT023216,O00768,POC
ACT023217,O01685,Demo
ACT023218,O01157,Email
ACT023219,O00183,Demo
ACT023220,O02037,Email
ACT023221,O01491,POC
ACT023222,O03119,Demo
ACT023223,O02660,Workshop
ACT023224,O00569,Email
ACT023225,O03167,POC
ACT023226,O00123,Demo
ACT023227,O00465,Call
ACT023228,O01768,Workshop
ACT023229,O01856,Demo
ACT023230,O01738,Workshop
ACT023231,O02537,Email
ACT023232,O03477,Workshop
ACT023233,O00402,Workshop
ACT023234,O01056,Call
ACT023235,O00309,POC
ACT023236,O00960,Demo
ACT023237,O01541,POC
ACT023238,O00283,Call
ACT023239,O01999,Demo
ACT023240,O02946,Demo
ACT023241,O02053,Workshop
ACT023242,O02015,POC
ACT023243,O01874,POC
ACT023244,O01453,POC
ACT023245,O00150,POC
ACT023246,O02025,POC
ACT023247,O03470,Email
ACT023248,O02430,Call
ACT023249,O00445,Demo
ACT023250,O00985,Workshop
ACT023251,O00436,Demo
ACT023252,O01874,Demo
ACT023253,O02565,Call
ACT023254,O01108,Demo
ACT023255,O00144,Workshop
ACT023256,O03344,Email
ACT023257,O02833,POC
ACT023258,O01912,Call
ACT023259,O02349,Call
ACT023260,O02963,POC
ACT023261,O02951,POC
ACT023262,O02734,Workshop
ACT023263,O01355,POC
ACT023264,O00350,Workshop
ACT023265,O02202,POC
ACT023266,O01239,POC
ACT023267,O03044,POC
ACT023268,O01459,Workshop
ACT023269,O02947,Demo
ACT023270,O00175,Call
ACT023271,O00980,Call
ACT023272,O00360,Call
ACT023273,O00351,Demo
ACT023274,O00025,Demo
ACT023275,O03160,Workshop
ACT023276,O00119,Call
ACT023277,O01461,Workshop
ACT023278,O02441,Workshop
ACT023279,O02733,Demo
ACT023280,O00765,Demo
ACT023281,O00260,Demo
ACT023282,O00986,Email
ACT023283,O02586,Email
ACT023284,O03174,Workshop
ACT023285,O03422,Demo
ACT023286,O02669,Call
ACT023287,O01256,Demo
ACT023288,O01026,Call
ACT023289,O01542,POC
ACT023290,O00083,Workshop
ACT023291,O02270,POC
ACT023292,O01931,Email
ACT023293,O02956,Demo
ACT023294,O01241,Workshop
ACT023295,O00027,Workshop
ACT023296,O00701,Email
ACT023297,O00904,POC
ACT023298,O01294,Email
ACT023299,O01382,Demo
ACT023300,O00425,Workshop
ACT023301,O02473,POC
ACT023302,O02046,Workshop
ACT023303,O02321,Workshop
ACT023304,O01626,Workshop
ACT023305,O00304,Demo
ACT023306,O01360,Demo
ACT023307,O02949,Workshop
ACT023308,O01336,Workshop
ACT023309,O00448,Workshop
ACT023310,O00211,Email
ACT023311,O02041,Call
ACT023312,O02941,Workshop
ACT023313,O02682,Call
ACT023314,O02162,Email
ACT023315,O02082,Call
ACT023316,O01884,Workshop
ACT023317,O00882,POC
ACT023318,O02594,Call
ACT023319,O03257,Demo
ACT023320,O02195,Email
ACT023321,O01497,Email
ACT023322,O00319,Workshop
ACT023323,O00669,Workshop
ACT023324,O02432,POC
ACT023325,O02758,POC
ACT023326,O03400,Call
ACT023327,O02471,Demo
ACT023328,O01446,Workshop
ACT023329,O03409,Demo
ACT023330,O03255,POC
ACT023331,O02411,Demo
ACT023332,O02067,POC
ACT023333,O03373,Call
ACT023334,O02748,Email
ACT023335,O02148,Demo
ACT023336,O00749,Call
ACT023337,O00093,Email
ACT023338,O01978,Demo
ACT023339,O03017,Workshop
ACT023340,O01173,Call
ACT023341,O03422,Email
ACT023342,O03075,Email
ACT023343,O00180,Demo
ACT023344,O01893,Email
ACT023345,O00762,POC
ACT023346,O02269,POC
ACT023347,O01114,Demo
ACT023348,O03209,Call
ACT023349,O03340,Call
ACT023350,O03367,Email
ACT023351,O01781,POC
ACT023352,O02975,Demo
ACT023353,O03219,Demo
ACT023354,O01875,Workshop
ACT023355,O03228,Demo
ACT023356,O02706,Call
ACT023357,O02021,Email
ACT023358,O03392,Call
ACT023359,O00012,POC
ACT023360,O02440,POC
ACT023361,O02417,Call
ACT023362,O02389,POC
ACT023363,O01084,POC
ACT023364,O02550,Call
ACT023365,O03154,Demo
ACT023366,O02886,POC
ACT023367,O00745,POC
ACT023368,O01549,POC
ACT023369,O00446,Call
ACT023370,O01828,POC
ACT023371,O00700,Call
ACT023372,O01307,Call
ACT023373,O02481,Demo
ACT023374,O03466,POC
ACT023375,O02930,POC
ACT023376,O02356,Call
ACT023377,O01136,Workshop
ACT023378,O01114,Call
ACT023379,O00668,Demo
ACT023380,O02622,POC
ACT023381,O01562,POC
ACT023382,O01114,POC
ACT023383,O00387,Demo
ACT023384,O03302,POC
ACT023385,O00081,Call
ACT023386,O02059,Workshop
ACT023387,O00019,POC
ACT023388,O00925,Email
ACT023389,O03168,Workshop
ACT023390,O03176,Workshop
ACT023391,O01387,Workshop
ACT023392,O03437,Demo
ACT023393,O03448,POC
ACT023394,O00541,Call
ACT023395,O00303,Workshop
ACT023396,O02347,POC
ACT023397,O01461,Email
ACT023398,O02834,POC
ACT023399,O00961,Email
ACT023400,O01158,Email
ACT023401,O02476,Email
ACT023402,O03330,Email
ACT023403,O01392,POC
ACT023404,O02167,Workshop
ACT023405,O02742,Call
ACT023406,O03308,Demo
ACT023407,O00820,Workshop
ACT023408,O00534,POC
ACT023409,O00762,Workshop
ACT023410,O00043,Workshop
ACT023411,O00657,Call
ACT023412,O01099,Email
ACT023413,O00151,Email
ACT023414,O00497,Workshop
ACT023415,O02414,Email
ACT023416,O00268,Demo
ACT023417,O00769,Workshop
ACT023418,O02839,POC
ACT023419,O00120,Email
ACT023420,O03063,POC
ACT023421,O01151,Demo
ACT023422,O03060,Workshop
ACT023423,O00516,Demo
ACT023424,O03251,POC
ACT023425,O01864,Email
ACT023426,O01779,Demo
ACT023427,O00326,Demo
ACT023428,O03326,POC
ACT023429,O01129,Email
ACT023430,O02875,Workshop
ACT023431,O02145,POC
ACT023432,O01966,POC
ACT023433,O01032,POC
ACT023434,O02120,POC
ACT023435,O01297,Demo
ACT023436,O01863,POC
ACT023437,O01244,POC
ACT023438,O02966,Call
ACT023439,O01093,POC
ACT023440,O02753,Email
ACT023441,O00858,Workshop
ACT023442,O01831,Email
ACT023443,O02810,Call
ACT023444,O03330,Demo
ACT023445,O00004,Email
ACT023446,O00418,POC
ACT023447,O01717,Call
ACT023448,O01425,Call
ACT023449,O00048,Workshop
ACT023450,O03458,Workshop
ACT023451,O01664,Call
ACT023452,O01871,POC
ACT023453,O02360,Email
ACT023454,O00151,Workshop
ACT023455,O00746,POC
ACT023456,O01898,POC
ACT023457,O03317,Call
ACT023458,O00275,Workshop
ACT023459,O00831,Demo
ACT023460,O01023,Demo
ACT023461,O00550,Call
ACT023462,O01877,POC
ACT023463,O01076,Email
ACT023464,O02405,Email
ACT023465,O03299,Call
ACT023466,O01126,Email
ACT023467,O00357,Workshop
ACT023468,O01982,Demo
ACT023469,O00617,POC
ACT023470,O01873,Call
ACT023471,O02563,POC
ACT023472,O02456,Workshop
ACT023473,O01462,Workshop
ACT023474,O02823,Call
ACT023475,O01338,POC
ACT023476,O03290,Demo
ACT023477,O03422,Demo
ACT023478,O02829,POC
ACT023479,O01673,Workshop
ACT023480,O02299,POC
ACT023481,O01280,Workshop
ACT023482,O00108,POC
ACT023483,O01360,POC
ACT023484,O03073,POC
ACT023485,O03052,Workshop
ACT023486,O01498,Email
ACT023487,O01964,Demo
ACT023488,O00138,Call
ACT023489,O03117,POC
ACT023490,O02106,Call
ACT023491,O01988,POC
ACT023492,O01370,Email
ACT023493,O03484,Workshop
ACT023494,O02400,Demo
ACT023495,O02300,Call
ACT023496,O02734,Email
ACT023497,O02424,Demo
ACT023498,O01021,Demo
ACT023499,O01426,Demo
ACT023500,O01060,Email
ACT023501,O02503,Call
ACT023502,O03064,Call
ACT023503,O00072,Email
ACT023504,O00074,Workshop
ACT023505,O00031,POC
ACT023506,O03010,Workshop
ACT023507,O02012,Email
ACT023508,O02295,POC
ACT023509,O00946,Call
ACT023510,O00763,POC
ACT023511,O02509,Workshop
ACT023512,O02174,POC
ACT023513,O02368,POC
ACT023514,O00349,Demo
ACT023515,O02507,Demo
ACT023516,O02323,Demo
ACT023517,O00788,POC
ACT023518,O00659,POC
ACT023519,O03293,Demo
ACT023520,O00910,Email
ACT023521,O01552,POC
ACT023522,O00424,POC
ACT023523,O01398,Workshop
ACT023524,O02480,POC
ACT023525,O03349,POC
ACT023526,O00158,POC
ACT023527,O01262,POC
ACT023528,O00150,Demo
ACT023529,O02470,Demo
ACT023530,O01251,POC
ACT023531,O01223,Workshop
ACT023532,O02982,Demo
ACT023533,O02865,Call
ACT023534,O01671,Call
ACT023535,O00064,Call
ACT023536,O01753,POC
ACT023537,O01753,Workshop
ACT023538,O01517,Call
ACT023539,O01274,POC
ACT023540,O00594,POC
ACT023541,O01263,Workshop
ACT023542,O02724,Email
ACT023543,O02361,Workshop
ACT023544,O02575,Demo
ACT023545,O03377,Email
ACT023546,O00406,Call
ACT023547,O01113,POC
ACT023548,O00544,Call
ACT023549,O00167,Call
ACT023550,O01717,Call
ACT023551,O01838,POC
ACT023552,O01604,Email
ACT023553,O02219,Call
ACT023554,O01449,Call
ACT023555,O01062,Workshop
ACT023556,O00643,POC
ACT023557,O02594,Demo
ACT023558,O00733,Workshop
ACT023559,O01258,Email
ACT023560,O00985,POC
ACT023561,O00464,Call
ACT023562,O00917,Email
ACT023563,O00656,POC
ACT023564,O00897,Call
ACT023565,O02543,Demo
ACT023566,O00183,Email
ACT023567,O01999,Workshop
ACT023568,O02374,POC
ACT023569,O01102,Workshop
ACT023570,O02249,Workshop
ACT023571,O02516,POC
ACT023572,O01978,Workshop
ACT023573,O03471,Call
ACT023574,O01614,Call
ACT023575,O00717,Call
ACT023576,O02401,Workshop
ACT023577,O00853,Demo
ACT023578,O02248,Demo
ACT023579,O02380,POC
ACT023580,O01123,Email
ACT023581,O02565,POC
ACT023582,O00152,POC
ACT023583,O01325,Email
ACT023584,O01833,Email
ACT023585,O00273,POC
ACT023586,O00739,Call
ACT023587,O00326,Workshop
ACT023588,O03090,Workshop
ACT023589,O00477,Demo
ACT023590,O00129,Demo
ACT023591,O02775,Call
ACT023592,O00513,Call
ACT023593,O01530,Email
ACT023594,O03225,Call
ACT023595,O00644,POC
ACT023596,O03189,POC
ACT023597,O02627,Call
ACT023598,O00888,Workshop
ACT023599,O01689,POC
ACT023600,O00290,Demo
ACT023601,O03419,Workshop
ACT023602,O00351,Demo
ACT023603,O03429,Email
ACT023604,O01209,Call
ACT023605,O03439,Demo
ACT023606,O00219,POC
ACT023607,O00300,Email
ACT023608,O02200,POC
ACT023609,O00661,POC
ACT023610,O03142,Workshop
ACT023611,O01942,POC
ACT023612,O01050,POC
ACT023613,O00998,Demo
ACT023614,O03326,Workshop
ACT023615,O01445,Demo
ACT023616,O02239,Workshop
ACT023617,O00216,POC
ACT023618,O00974,POC
ACT023619,O03251,Demo
ACT023620,O00989,Email
ACT023621,O02387,POC
ACT023622,O02378,POC
ACT023623,O02005,Demo
ACT023624,O02999,Email
ACT023625,O00879,Workshop
ACT023626,O00422,Demo
ACT023627,O00688,Workshop
ACT023628,O00170,Demo
ACT023629,O03387,Email
ACT023630,O01425,Workshop
ACT023631,O00583,Call
ACT023632,O01421,POC
ACT023633,O03288,Workshop
ACT023634,O02749,POC
ACT023635,O03244,Demo
ACT023636,O01876,Demo
ACT023637,O00373,Workshop
ACT023638,O02816,Email
ACT023639,O02805,Demo
ACT023640,O00127,Call
ACT023641,O01813,POC
ACT023642,O02362,POC
ACT023643,O00874,Call
ACT023644,O02074,Call
ACT023645,O02003,Demo
ACT023646,O02603,Demo
ACT023647,O00727,Workshop
ACT023648,O02425,POC
ACT023649,O00830,Workshop
ACT023650,O00856,Workshop
ACT023651,O02574,POC
ACT023652,O02942,Email
ACT023653,O00826,POC
ACT023654,O03377,Demo
ACT023655,O00221,POC
ACT023656,O01909,Call
ACT023657,O03284,Email
ACT023658,O00469,Workshop
ACT023659,O02834,POC
ACT023660,O03341,Workshop
ACT023661,O01196,POC
ACT023662,O02258,Demo
ACT023663,O03099,Workshop
ACT023664,O02733,Email
ACT023665,O01692,Call
ACT023666,O02500,Workshop
ACT023667,O00189,Demo
ACT023668,O01749,Call
ACT023669,O02303,POC
ACT023670,O02770,Email
ACT023671,O01761,POC
ACT023672,O01431,Demo
ACT023673,O03211,Demo
ACT023674,O00575,Demo
ACT023675,O00998,Call
ACT023676,O02953,Email
ACT023677,O01656,POC
ACT023678,O03217,Workshop
ACT023679,O01093,POC
ACT023680,O03288,POC
ACT023681,O03376,Workshop
ACT023682,O00644,Demo
ACT023683,O01976,Demo
ACT023684,O01719,POC
ACT023685,O01766,POC
ACT023686,O02368,POC
ACT023687,O00144,Call
ACT023688,O03373,Workshop
ACT023689,O00307,Demo
ACT023690,O02751,Workshop
ACT023691,O03164,POC
ACT023692,O03435,Workshop
ACT023693,O03263,Workshop
ACT023694,O00936,Demo
ACT023695,O01680,Email
ACT023696,O03411,POC
ACT023697,O01295,POC
ACT023698,O00758,Workshop
ACT023699,O02470,POC
ACT023700,O01421,Call
ACT023701,O01277,Demo
ACT023702,O01579,Email
ACT023703,O02097,Email
ACT023704,O03414,Workshop
ACT023705,O02156,Call
ACT023706,O00125,POC
ACT023707,O02242,POC
ACT023708,O01237,POC
ACT023709,O00307,Workshop
ACT023710,O02381,Email
ACT023711,O01423,POC
ACT023712,O00222,Call
ACT023713,O03327,Call
ACT023714,O02524,POC
ACT023715,O03133,Demo
ACT023716,O02135,POC
ACT023717,O00903,Email
ACT023718,O00735,Email
ACT023719,O02154,Workshop
ACT023720,O01992,Call
ACT023721,O01323,Demo
ACT023722,O01288,POC
ACT023723,O02348,Email
ACT023724,O00373,Demo
ACT023725,O02240,Call
ACT023726,O00235,POC
ACT023727,O01767,Email
ACT023728,O02910,Call
ACT023729,O02347,Workshop
ACT023730,O02470,Email
ACT023731,O00101,Demo
ACT023732,O02892,Demo
ACT023733,O03326,Email
ACT023734,O02139,Call
ACT023735,O03432,Call
ACT023736,O01570,Call
ACT023737,O03388,Call
ACT023738,O03029,Demo
ACT023739,O01217,Call
ACT023740,O02787,Email
ACT023741,O00365,POC
ACT023742,O00355,Call
ACT023743,O01517,Email
ACT023744,O00997,Demo
ACT023745,O03474,Demo
ACT023746,O00323,Demo
ACT023747,O01996,Call
ACT023748,O02264,Call
ACT023749,O00324,Call
ACT023750,O02203,Workshop
ACT023751,O01236,Demo
ACT023752,O00060,POC
ACT023753,O03128,Call
ACT023754,O01963,Workshop
ACT023755,O00704,Demo
ACT023756,O02713,Demo
ACT023757,O01092,Call
ACT023758,O01355,Workshop
ACT023759,O01592,Email
ACT023760,O01685,Call
ACT023761,O00486,Call
ACT023762,O00415,Call
ACT023763,O02872,Call
ACT023764,O01118,Call
ACT023765,O00239,Call
ACT023766,O03315,Workshop
ACT023767,O00890,Call
ACT023768,O01063,Workshop
ACT023769,O00967,Email
ACT023770,O02316,Workshop
ACT023771,O01640,Email
ACT023772,O02711,POC
ACT023773,O00081,POC
ACT023774,O03458,Demo
ACT023775,O02397,Demo
ACT023776,O00687,Call
ACT023777,O01724,Email
ACT023778,O02763,Call
ACT023779,O00116,Workshop
ACT023780,O00368,Call
ACT023781,O01697,Workshop
ACT023782,O02389,Email
ACT023783,O03072,Email
ACT023784,O01614,Workshop
ACT023785,O02638,POC
ACT023786,O01415,Call
ACT023787,O02516,Email
ACT023788,O01466,Demo
ACT023789,O02737,Email
ACT023790,O01898,POC
ACT023791,O01668,Workshop
ACT023792,O02027,Workshop
ACT023793,O02722,Demo
ACT023794,O02393,Email
ACT023795,O02438,POC
ACT023796,O02525,POC
ACT023797,O00614,Demo
ACT023798,O01616,Workshop
ACT023799,O00225,POC
ACT023800,O00495,Workshop
ACT023801,O02904,POC
ACT023802,O03183,Call
ACT023803,O00126,Demo
ACT023804,O02289,Demo
ACT023805,O02776,POC
ACT023806,O00595,POC
ACT023807,O01227,Email
ACT023808,O00110,Email
ACT023809,O01376,POC
ACT023810,O01990,Email
ACT023811,O00546,Workshop
ACT023812,O00337,POC
ACT023813,O00267,Call
ACT023814,O02395,Email
ACT023815,O01181,Email
ACT023816,O00545,Call
ACT023817,O00914,POC
ACT023818,O00973,Workshop
ACT023819,O02515,Workshop
ACT023820,O02734,Call
ACT023821,O02710,Workshop
ACT023822,O02294,Email
ACT023823,O01143,Call
ACT023824,O01498,Call
ACT023825,O00648,Demo
ACT023826,O00778,Call
ACT023827,O03467,Email
ACT023828,O03476,Demo
ACT023829,O00996,Workshop
ACT023830,O01664,Email
ACT023831,O01243,POC
ACT023832,O02992,Workshop
ACT023833,O00372,Demo
ACT023834,O02500,Call
ACT023835,O02738,Demo
ACT023836,O01669,POC
ACT023837,O00296,Workshop
ACT023838,O02904,Demo
ACT023839,O01826,POC
ACT023840,O00470,Call
ACT023841,O03462,Demo
ACT023842,O00199,Workshop
ACT023843,O03441,Call
ACT023844,O02554,Demo
ACT023845,O03038,Email
ACT023846,O01988,POC
ACT023847,O00190,Call
ACT023848,O03448,Workshop
ACT023849,O02393,Workshop
ACT023850,O03379,Workshop
ACT023851,O02463,Demo
ACT023852,O02299,Workshop
ACT023853,O00151,Workshop
ACT023854,O03351,Workshop
ACT023855,O00799,Email
ACT023856,O02287,Call
ACT023857,O00704,Workshop
ACT023858,O02097,Email
ACT023859,O02778,Email
ACT023860,O03367,Call
ACT023861,O01545,Email
ACT023862,O03428,Demo
ACT023863,O00562,Demo
ACT023864,O03320,POC
ACT023865,O01632,POC
ACT023866,O02227,Workshop
ACT023867,O03178,Call
ACT023868,O02434,Demo
ACT023869,O02366,Demo
ACT023870,O03084,POC
ACT023871,O03069,Call
ACT023872,O01879,Demo
ACT023873,O00366,Workshop
ACT023874,O03064,POC
ACT023875,O02333,Demo
ACT023876,O00649,Workshop
ACT023877,O01087,Workshop
ACT023878,O01707,POC
ACT023879,O02127,POC
ACT023880,O02069,Call
ACT023881,O01061,Email
ACT023882,O00172,POC
ACT023883,O01748,Call
ACT023884,O01518,Email
ACT023885,O03217,Demo
ACT023886,O00294,POC
ACT023887,O02991,Workshop
ACT023888,O00922,Email
ACT023889,O01219,Demo
ACT023890,O02010,Email
ACT023891,O03278,Workshop
ACT023892,O01087,Workshop
ACT023893,O00222,Demo
ACT023894,O01131,Call
ACT023895,O03062,Demo
ACT023896,O02917,Demo
ACT023897,O01341,Workshop
ACT023898,O02790,POC
ACT023899,O01261,POC
ACT023900,O01779,POC
ACT023901,O03173,Demo
ACT023902,O03045,Email
ACT023903,O02129,Workshop
ACT023904,O02149,POC
ACT023905,O00031,Call
ACT023906,O00030,Demo
ACT023907,O00075,POC
ACT023908,O03357,Call
ACT023909,O03387,POC
ACT023910,O03132,Email
ACT023911,O03039,Email
ACT023912,O01740,Call
ACT023913,O01705,Email
ACT023914,O01867,Call
ACT023915,O02406,Call
ACT023916,O01763,Call
ACT023917,O02923,Demo
ACT023918,O01030,Email
ACT023919,O02638,Workshop
ACT023920,O01424,Demo
ACT023921,O01146,POC
ACT023922,O02985,Email
ACT023923,O00276,Call
ACT023924,O01534,Call
ACT023925,O01246,Demo
ACT023926,O03490,Email
ACT023927,O00125,Call
ACT023928,O00950,Email
ACT023929,O01623,Workshop
ACT023930,O03093,Demo
ACT023931,O02719,Email
ACT023932,O03124,Call
ACT023933,O00935,Email
ACT023934,O00584,Demo
ACT023935,O00405,Call
ACT023936,O01228,Workshop
ACT023937,O01590,Demo
ACT023938,O01857,Call
ACT023939,O01346,Workshop
ACT023940,O02335,POC
ACT023941,O00327,Workshop
ACT023942,O01047,POC
ACT023943,O02685,Email
ACT023944,O03474,Email
ACT023945,O02547,POC
ACT023946,O02046,Demo
ACT023947,O02056,Workshop
ACT023948,O02400,Call
ACT023949,O03370,Call
ACT023950,O01658,Email
ACT023951,O03315,Demo
ACT023952,O00400,Demo
ACT023953,O00546,Call
ACT023954,O00564,Call
ACT023955,O03146,POC
ACT023956,O01197,POC
ACT023957,O01249,Call
ACT023958,O02030,Workshop
ACT023959,O00203,Call
ACT023960,O03168,Workshop
ACT023961,O03191,Email
ACT023962,O00118,Workshop
ACT023963,O03150,Demo
ACT023964,O00089,POC
ACT023965,O00482,POC
ACT023966,O01517,Call
ACT023967,O01789,Email
ACT023968,O01511,POC
ACT023969,O02784,Email
ACT023970,O03327,Email
ACT023971,O00697,POC
ACT023972,O01500,POC
ACT023973,O03341,Demo
ACT023974,O00722,Workshop
ACT023975,O01075,POC
ACT023976,O00524,Demo
ACT023977,O00712,POC
ACT023978,O01260,Workshop
ACT023979,O01366,Workshop
ACT023980,O02549,Email
ACT023981,O02581,Email
ACT023982,O00116,Email
ACT023983,O02133,Workshop
ACT023984,O01521,Demo
ACT023985,O02661,Demo
ACT023986,O03429,Workshop
ACT023987,O01845,Demo
ACT023988,O01610,POC
ACT023989,O02629,Email
ACT023990,O02023,Email
ACT023991,O00088,Demo
ACT023992,O01791,Call
ACT023993,O01912,Call
ACT023994,O00098,POC
ACT023995,O00063,Call
ACT023996,O00941,Demo
ACT023997,O01979,Workshop
ACT023998,O00007,Workshop
ACT023999,O00163,Email
ACT024000,O01163,Call
ACT024001,O02285,Call
ACT024002,O03066,POC
ACT024003,O02695,POC
ACT024004,O01463,Email
ACT024005,O00112,POC
ACT024006,O02325,POC
ACT024007,O02277,Call
ACT024008,O02485,Email
ACT024009,O01239,POC
ACT024010,O02415,Call
ACT024011,O01033,Email
ACT024012,O02423,Workshop
ACT024013,O01781,POC
ACT024014,O01849,Demo
ACT024015,O02069,POC
ACT024016,O01784,Call
ACT024017,O01458,Email
ACT024018,O03125,Email
ACT024019,O01206,POC
ACT024020,O02549,POC
ACT024021,O02795,Email
ACT024022,O01886,Call
ACT024023,O02127,Call
ACT024024,O02811,Call
ACT024025,O02849,Email
ACT024026,O01351,POC
ACT024027,O03286,Email
ACT024028,O00448,Email
ACT024029,O00422,POC
ACT024030,O03207,Demo
ACT024031,O00668,Call
ACT024032,O01880,Email
ACT024033,O00403,Call
ACT024034,O00388,Demo
ACT024035,O00084,Email
ACT024036,O02561,Email
ACT024037,O01395,POC
ACT024038,O00257,Email
ACT024039,O01587,POC
ACT024040,O00744,Workshop
ACT024041,O00096,Call
ACT024042,O01846,Email
ACT024043,O02603,Call
ACT024044,O01615,Call
ACT024045,O02014,Email
ACT024046,O01534,Workshop
ACT024047,O00299,Call
ACT024048,O02195,Demo
ACT024049,O02585,POC
ACT024050,O03471,Call
ACT024051,O02021,Call
ACT024052,O02430,Demo
ACT024053,O02563,Demo
ACT024054,O03322,Email
ACT024055,O02848,Call
ACT024056,O01434,POC
ACT024057,O00548,Workshop
ACT024058,O01319,Email
ACT024059,O02333,Workshop
ACT024060,O00245,Demo
ACT024061,O00584,Call
ACT024062,O00896,Email
ACT024063,O00456,Email
ACT024064,O01448,Demo
ACT024065,O01779,POC
ACT024066,O01703,Demo
ACT024067,O00152,Call
ACT024068,O02520,Workshop
ACT024069,O02906,Demo
ACT024070,O01004,Email
ACT024071,O02866,Email
ACT024072,O02510,Workshop
ACT024073,O03467,Workshop
ACT024074,O00989,Email
ACT024075,O00418,Workshop
ACT024076,O01677,POC
ACT024077,O00203,Workshop
ACT024078,O01611,POC
ACT024079,O01225,Email
ACT024080,O00677,Call
ACT024081,O00827,Call
ACT024082,O02440,Call
ACT024083,O02076,POC
ACT024084,O00882,Demo
ACT024085,O02372,Email
ACT024086,O01717,Workshop
ACT024087,O03082,Call
ACT024088,O03140,Demo
ACT024089,O00585,Demo
ACT024090,O01375,Workshop
ACT024091,O00545,Demo
ACT024092,O02195,Email
ACT024093,O01355,Call
ACT024094,O03300,Workshop
ACT024095,O01088,Email
ACT024096,O02605,Demo
ACT024097,O02265,POC
ACT024098,O00078,Workshop
ACT024099,O02390,Email
ACT024100,O00199,POC
ACT024101,O02949,Demo
ACT024102,O00834,Workshop
ACT024103,O02835,Email
ACT024104,O03345,Demo
ACT024105,O02497,Email
ACT024106,O00764,Demo
ACT024107,O01337,Workshop
ACT024108,O02788,Demo
ACT024109,O02675,Demo
ACT024110,O02972,Demo
ACT024111,O01015,POC
ACT024112,O01384,Demo
ACT024113,O00171,Workshop
ACT024114,O02765,Call
ACT024115,O01714,POC
ACT024116,O02046,Demo
ACT024117,O00819,Email
ACT024118,O01166,Demo
ACT024119,O02049,Email
ACT024120,O02531,Call
ACT024121,O01979,Call
ACT024122,O00164,Demo
ACT024123,O01753,Call
ACT024124,O02741,Workshop
ACT024125,O01226,Workshop
ACT024126,O00637,Email
ACT024127,O02696,Demo
ACT024128,O01086,Email
ACT024129,O01083,POC
ACT024130,O02159,Call
ACT024131,O03183,Email
ACT024132,O02717,Email
ACT024133,O03484,Call
ACT024134,O00912,Workshop
ACT024135,O02672,Demo
ACT024136,O02955,Workshop
ACT024137,O00011,POC
ACT024138,O00111,POC
ACT024139,O00442,Demo
ACT024140,O02226,Demo
ACT024141,O02590,Workshop
ACT024142,O02496,Demo
ACT024143,O00899,Demo
ACT024144,O00125,POC
ACT024145,O00313,Workshop
ACT024146,O02487,Call
ACT024147,O00020,Demo
ACT024148,O00924,Email
ACT024149,O03010,Call
ACT024150,O03319,POC
ACT024151,O00780,Call
ACT024152,O01285,POC
ACT024153,O02083,Email
ACT024154,O01633,POC
ACT024155,O02128,Email
ACT024156,O02345,Workshop
ACT024157,O00148,Email
ACT024158,O01569,Call
ACT024159,O01685,Call
ACT024160,O02533,Email
ACT024161,O00318,POC
ACT024162,O01510,Email
ACT024163,O02030,Workshop
ACT024164,O01344,Call
ACT024165,O01358,Workshop
ACT024166,O01662,Email
ACT024167,O02284,POC
ACT024168,O03257,POC
ACT024169,O00290,Workshop
ACT024170,O03121,Demo
ACT024171,O02659,POC
ACT024172,O02990,Demo
ACT024173,O02715,POC
ACT024174,O02961,Email
ACT024175,O03462,Workshop
ACT024176,O01843,Email
ACT024177,O03000,Workshop
ACT024178,O00250,Email
ACT024179,O01942,Workshop
ACT024180,O01612,Call
ACT024181,O01314,Workshop
ACT024182,O02440,POC
ACT024183,O00626,Email
ACT024184,O02494,Call
ACT024185,O01864,Email
ACT024186,O00752,POC
ACT024187,O02373,POC
ACT024188,O01183,Call
ACT024189,O02127,POC
ACT024190,O00745,Email
ACT024191,O01499,Email
ACT024192,O02962,POC
ACT024193,O02696,Workshop
ACT024194,O02244,Workshop
ACT024195,O01289,Email
ACT024196,O00169,Call
ACT024197,O03268,Workshop
ACT024198,O02270,Call
ACT024199,O03245,Email
ACT024200,O02301,Demo
ACT024201,O01448,POC
ACT024202,O02140,Demo
ACT024203,O03018,Workshop
ACT024204,O01331,Demo
ACT024205,O00197,Demo
ACT024206,O02453,Email
ACT024207,O00428,Workshop
ACT024208,O03356,Call
ACT024209,O02598,Call
ACT024210,O02462,Workshop
ACT024211,O00569,Email
ACT024212,O02264,Email
ACT024213,O02637,Call
ACT024214,O02148,Workshop
ACT024215,O01971,Call
ACT024216,O00474,Call
ACT024217,O00125,Call
ACT024218,O01525,Workshop
ACT024219,O01179,Workshop
ACT024220,O01722,Workshop
ACT024221,O03425,Demo
ACT024222,O01816,Email
ACT024223,O02541,Workshop
ACT024224,O02242,Workshop
ACT024225,O01416,Call
ACT024226,O02212,Call
ACT024227,O01895,Workshop
ACT024228,O02445,Email
ACT024229,O02909,Demo
ACT024230,O00300,Demo
ACT024231,O02073,Call
ACT024232,O02732,POC
ACT024233,O03386,Call
ACT024234,O01316,POC
ACT024235,O00068,Demo
ACT024236,O02018,Call
ACT024237,O03020,Demo
ACT024238,O03083,Call
ACT024239,O02764,Workshop
ACT024240,O01228,Workshop
ACT024241,O02185,Call
ACT024242,O00464,Workshop
ACT024243,O03081,Call
ACT024244,O03436,Email
ACT024245,O00816,POC
ACT024246,O01609,Email
ACT024247,O03067,Call
ACT024248,O01236,Email
ACT024249,O00796,Email
ACT024250,O00303,POC
ACT024251,O01768,Email
ACT024252,O00365,Workshop
ACT024253,O02333,POC
ACT024254,O02213,Call
ACT024255,O00397,POC
ACT024256,O00378,POC
ACT024257,O03209,Workshop
ACT024258,O02066,Call
ACT024259,O01539,Email
ACT024260,O03141,Call
ACT024261,O02395,POC
ACT024262,O02892,POC
ACT024263,O00538,Call
ACT024264,O01648,POC
ACT024265,O02236,Demo
ACT024266,O02471,POC
ACT024267,O00244,POC
ACT024268,O00805,POC
ACT024269,O03302,Email
ACT024270,O01833,Workshop
ACT024271,O01584,Workshop
ACT024272,O02500,Workshop
ACT024273,O00883,Email
ACT024274,O02183,POC
ACT024275,O02098,Workshop
ACT024276,O00229,Workshop
ACT024277,O00786,Workshop
ACT024278,O01496,Email
ACT024279,O03432,Workshop
ACT024280,O00576,Call
ACT024281,O00929,POC
ACT024282,O02947,Demo
ACT024283,O02858,Demo
ACT024284,O00846,Call
ACT024285,O00436,Workshop
ACT024286,O02335,POC
ACT024287,O01866,POC
ACT024288,O00665,POC
ACT024289,O01869,Workshop
ACT024290,O02297,Demo
ACT024291,O03207,Call
ACT024292,O01806,POC
ACT024293,O01832,Workshop
ACT024294,O00617,Call
ACT024295,O03337,Demo
ACT024296,O00462,Call
ACT024297,O01460,POC
ACT024298,O03363,Workshop
ACT024299,O01461,Call
ACT024300,O02988,Email
ACT024301,O03396,POC
ACT024302,O02827,Workshop
ACT024303,O02173,Email
ACT024304,O02698,POC
ACT024305,O02199,Workshop
ACT024306,O03345,Call
ACT024307,O01791,Call
ACT024308,O00436,Email
ACT024309,O02894,Email
ACT024310,O02262,Call
ACT024311,O00313,Call
ACT024312,O00016,Email
ACT024313,O01625,Demo
ACT024314,O02542,Workshop
ACT024315,O02851,Call
ACT024316,O02351,POC
ACT024317,O00359,POC
ACT024318,O00310,Workshop
ACT024319,O03352,POC
ACT024320,O01227,Demo
ACT024321,O01222,Demo
ACT024322,O02941,Call
ACT024323,O02458,Demo
ACT024324,O01762,Call
ACT024325,O03000,Workshop
ACT024326,O02241,Call
ACT024327,O01031,Call
ACT024328,O00537,Call
ACT024329,O00078,Email
ACT024330,O01225,Email
ACT024331,O03142,Email
ACT024332,O00286,Email
ACT024333,O00623,Workshop
ACT024334,O00714,Call
ACT024335,O02637,Email
ACT024336,O02249,Demo
ACT024337,O02981,Email
ACT024338,O01477,Workshop
ACT024339,O02945,Email
ACT024340,O01327,Workshop
ACT024341,O02668,Call
ACT024342,O01876,POC
ACT024343,O02131,Email
ACT024344,O00684,POC
ACT024345,O02814,Demo
ACT024346,O03344,Workshop
ACT024347,O00292,Demo
ACT024348,O03367,POC
ACT024349,O00899,Demo
ACT024350,O00487,Workshop
ACT024351,O02272,Demo
ACT024352,O00707,Call
ACT024353,O02950,Call
ACT024354,O01879,POC
ACT024355,O03397,Email
ACT024356,O02892,Call
ACT024357,O02982,Email
ACT024358,O03021,Demo
ACT024359,O02593,POC
ACT024360,O00561,Call
ACT024361,O01731,Demo
ACT024362,O01579,Workshop
ACT024363,O00195,Workshop
ACT024364,O02391,POC
ACT024365,O00356,Call
ACT024366,O00877,Demo
ACT024367,O02631,Email
ACT024368,O00134,Email
ACT024369,O01661,Workshop
ACT024370,O02842,Email
ACT024371,O00504,Workshop
ACT024372,O03402,Call
ACT024373,O02193,Call
ACT024374,O00973,Workshop
ACT024375,O00903,Email
ACT024376,O03288,Workshop
ACT024377,O00902,Demo
ACT024378,O00580,Workshop
ACT024379,O00106,Call
ACT024380,O00129,Call
ACT024381,O00888,POC
ACT024382,O03112,POC
ACT024383,O03271,Call
ACT024384,O00879,Call
ACT024385,O00053,Workshop
ACT024386,O01966,POC
ACT024387,O01983,Email
ACT024388,O02961,POC
ACT024389,O00473,Demo
ACT024390,O02336,Demo
ACT024391,O02596,Workshop
ACT024392,O02096,Demo
ACT024393,O01962,Call
ACT024394,O01962,Email
ACT024395,O02220,POC
ACT024396,O02273,Demo
ACT024397,O02759,Demo
ACT024398,O02273,Call
ACT024399,O01293,POC
ACT024400,O01881,Demo
ACT024401,O00003,Demo
ACT024402,O00692,Email
ACT024403,O02763,Call
ACT024404,O01242,Email
ACT024405,O01789,Email
ACT024406,O02596,POC
ACT024407,O03347,Email
ACT024408,O02841,POC
ACT024409,O02226,Email
ACT024410,O01556,Workshop
ACT024411,O01982,Workshop
ACT024412,O00074,Workshop
ACT024413,O03362,Demo
ACT024414,O01382,Call
ACT024415,O00275,POC
ACT024416,O02874,Call
ACT024417,O03478,Call
ACT024418,O02262,POC
ACT024419,O00183,Workshop
ACT024420,O02289,POC
ACT024421,O01120,Call
ACT024422,O00078,Demo
ACT024423,O00238,Call
ACT024424,O02470,POC
ACT024425,O01619,Email
ACT024426,O00864,Email
ACT024427,O03354,Workshop
ACT024428,O00364,Email
ACT024429,O01417,POC
ACT024430,O01677,Workshop
ACT024431,O03356,Call
ACT024432,O01674,Call
ACT024433,O02873,POC
ACT024434,O03280,Call
ACT024435,O02275,Email
ACT024436,O02130,POC
ACT024437,O01316,POC
ACT024438,O01398,Demo
ACT024439,O01253,Email
ACT024440,O00052,Demo
ACT024441,O02668,POC
ACT024442,O01085,POC
ACT024443,O00243,Call
ACT024444,O02227,Workshop
ACT024445,O01032,Workshop
ACT024446,O02224,POC
ACT024447,O02255,Email
ACT024448,O01869,Workshop
ACT024449,O02293,Demo
ACT024450,O00076,POC
ACT024451,O01423,Demo
ACT024452,O01286,Demo
ACT024453,O01848,Call
ACT024454,O02610,Email
ACT024455,O01999,Workshop
ACT024456,O02951,POC
ACT024457,O00728,Call
ACT024458,O00843,Email
ACT024459,O01029,POC
ACT024460,O00894,POC
ACT024461,O00603,POC
ACT024462,O02901,Workshop
ACT024463,O00637,Call
ACT024464,O00482,Email
ACT024465,O01749,Demo
ACT024466,O01347,Demo
ACT024467,O02632,Call
ACT024468,O00975,Workshop
ACT024469,O00570,Email
ACT024470,O02501,Email
ACT024471,O03060,Call
ACT024472,O02487,Demo
ACT024473,O01394,Email
ACT024474,O03124,Workshop
ACT024475,O02562,Demo
ACT024476,O00508,Workshop
ACT024477,O02049,Call
ACT024478,O00200,Workshop
ACT024479,O00355,Workshop
ACT024480,O03095,Demo
ACT024481,O00328,Call
ACT024482,O00096,POC
ACT024483,O02896,POC
ACT024484,O00087,Email
ACT024485,O00978,Workshop
ACT024486,O02884,POC
ACT024487,O01350,Workshop
ACT024488,O02399,Call
ACT024489,O00010,Call
ACT024490,O01051,Demo
ACT024491,O01305,Demo
ACT024492,O01026,Email
ACT024493,O00265,Email
ACT024494,O02859,Email
ACT024495,O01620,Email
ACT024496,O00480,Workshop
ACT024497,O00929,Demo
ACT024498,O03329,Email
ACT024499,O03360,Call
ACT024500,O03130,Call
ACT024501,O01166,POC
ACT024502,O03176,POC
ACT024503,O02614,Demo
ACT024504,O01062,Email
ACT024505,O00136,Email
ACT024506,O00516,POC
ACT024507,O01751,Call
ACT024508,O02255,Email
ACT024509,O01641,Workshop
ACT024510,O02683,Call
ACT024511,O01135,Email
ACT024512,O00096,Workshop
ACT024513,O01806,Workshop
ACT024514,O03242,Email
ACT024515,O01624,Call
ACT024516,O02530,Email
ACT024517,O01948,Call
ACT024518,O02968,Email
ACT024519,O00371,Email
ACT024520,O02406,Demo
ACT024521,O01210,Workshop
ACT024522,O02913,Email
ACT024523,O01176,POC
ACT024524,O03236,Email
ACT024525,O01019,Workshop
ACT024526,O01245,Demo
ACT024527,O02950,Workshop
ACT024528,O03009,Demo
ACT024529,O02548,Demo
ACT024530,O03188,Call
ACT024531,O01677,Workshop
ACT024532,O02280,Demo
ACT024533,O01649,POC
ACT024534,O02133,Workshop
ACT024535,O01683,Workshop
ACT024536,O02697,Call
ACT024537,O01996,POC
ACT024538,O00356,Call
ACT024539,O02136,Workshop
ACT024540,O03276,POC
ACT024541,O02691,Call
ACT024542,O00592,Email
ACT024543,O01843,Workshop
ACT024544,O01965,Email
ACT024545,O00215,Email
ACT024546,O00156,Call
ACT024547,O02100,Demo
ACT024548,O01190,Email
ACT024549,O02797,Call
ACT024550,O02565,POC
ACT024551,O02852,Workshop
ACT024552,O01932,POC
ACT024553,O00139,Demo
ACT024554,O02908,Workshop
ACT024555,O02801,Workshop
ACT024556,O02328,Demo
ACT024557,O00308,Email
ACT024558,O01887,Email
ACT024559,O00854,POC
ACT024560,O00274,POC
ACT024561,O01646,Workshop
ACT024562,O00657,Workshop
ACT024563,O00620,Email
ACT024564,O01933,Demo
ACT024565,O01691,Email
ACT024566,O02466,Email
ACT024567,O00946,Demo
ACT024568,O00228,POC
ACT024569,O02121,Workshop
ACT024570,O01032,Email
ACT024571,O00006,Email
ACT024572,O00471,Workshop
ACT024573,O01757,Demo
ACT024574,O03027,Call
ACT024575,O00884,Email
ACT024576,O03409,POC
ACT024577,O00169,Workshop
ACT024578,O01195,Call
ACT024579,O02949,Call
ACT024580,O02570,Demo
ACT024581,O01951,Workshop
ACT024582,O01491,Workshop
ACT024583,O03442,Call
ACT024584,O00294,POC
ACT024585,O02149,POC
ACT024586,O00199,Workshop
ACT024587,O01573,Call
ACT024588,O00389,POC
ACT024589,O00156,Demo
ACT024590,O02397,Workshop
ACT024591,O03107,POC
ACT024592,O01874,Demo
ACT024593,O01062,Demo
ACT024594,O00408,Call
ACT024595,O00106,POC
ACT024596,O02664,Workshop
ACT024597,O02129,Email
ACT024598,O01990,POC
ACT024599,O00900,POC
ACT024600,O02565,POC
ACT024601,O00389,Workshop
ACT024602,O02001,Email
ACT024603,O01574,Email
ACT024604,O02721,POC
ACT024605,O02616,POC
ACT024606,O00841,Email
ACT024607,O00437,Demo
ACT024608,O03222,Email
ACT024609,O02056,Email
ACT024610,O00908,Email
ACT024611,O01642,Workshop
ACT024612,O01234,Call
ACT024613,O00743,Workshop
ACT024614,O00151,Call
ACT024615,O02755,Demo
ACT024616,O01227,POC
ACT024617,O00428,Demo
ACT024618,O02459,Email
ACT024619,O01487,Call
ACT024620,O00792,Demo
ACT024621,O00131,Call
ACT024622,O00031,Call
ACT024623,O00753,Email
ACT024624,O02388,Workshop
ACT024625,O01967,Demo
ACT024626,O00005,Call
ACT024627,O01810,Demo
ACT024628,O01037,Workshop
ACT024629,O02872,Demo
ACT024630,O01809,Workshop
ACT024631,O00955,Email
ACT024632,O01700,Demo
ACT024633,O02966,Demo
ACT024634,O03021,Demo
ACT024635,O01099,Workshop
ACT024636,O01907,Email
ACT024637,O02634,Email
ACT024638,O01995,Email
ACT024639,O00759,Workshop
ACT024640,O02038,POC
ACT024641,O01548,Call
ACT024642,O02525,Workshop
ACT024643,O00612,Workshop
ACT024644,O00140,POC
ACT024645,O03270,Email
ACT024646,O02159,Demo
ACT024647,O00172,POC
ACT024648,O01002,Call
ACT024649,O01673,Email
ACT024650,O00309,Call
ACT024651,O01846,POC
ACT024652,O00480,Call
ACT024653,O01510,Demo
ACT024654,O03041,Demo
ACT024655,O01317,Email
ACT024656,O02149,Email
ACT024657,O00854,POC
ACT024658,O02626,POC
ACT024659,O01428,Workshop
ACT024660,O00988,Workshop
ACT024661,O01410,Workshop
ACT024662,O02862,Call
ACT024663,O03143,POC
ACT024664,O02999,Demo
ACT024665,O02139,POC
ACT024666,O01243,Call
ACT024667,O00198,Workshop
ACT024668,O02729,Workshop
ACT024669,O02814,Demo
ACT024670,O00950,Call
ACT024671,O00812,Call
ACT024672,O00677,Call
ACT024673,O00359,Call
ACT024674,O02538,POC
ACT024675,O00340,Demo
ACT024676,O01978,POC
ACT024677,O02599,Email
ACT024678,O00699,Call
ACT024679,O01570,Workshop
ACT024680,O02250,Demo
ACT024681,O01249,POC
ACT024682,O02429,Demo
ACT024683,O01366,Workshop
ACT024684,O03477,Email
ACT024685,O01151,Demo
ACT024686,O02945,Demo
ACT024687,O02311,Demo
ACT024688,O01420,Demo
ACT024689,O01158,Email
ACT024690,O02734,Workshop
ACT024691,O01120,Call
ACT024692,O00430,Call
ACT024693,O00369,Demo
ACT024694,O01854,POC
ACT024695,O01772,Workshop
ACT024696,O01464,Workshop
ACT024697,O00439,Workshop
ACT024698,O01155,Demo
ACT024699,O00015,Call
ACT024700,O03372,Workshop
ACT024701,O00715,POC
ACT024702,O02456,Workshop
ACT024703,O02150,Email
ACT024704,O01087,Call
ACT024705,O01487,Demo
ACT024706,O02154,Email
ACT024707,O00942,Call
ACT024708,O02182,Demo
ACT024709,O02394,Demo
ACT024710,O00613,Demo
ACT024711,O02399,Demo
ACT024712,O02078,Call
ACT024713,O03320,Email
ACT024714,O02660,Call
ACT024715,O01207,Workshop
ACT024716,O01508,Demo
ACT024717,O01262,Demo
ACT024718,O02651,Workshop
ACT024719,O02933,Demo
ACT024720,O02304,POC
ACT024721,O01709,Email
ACT024722,O00550,Email
ACT024723,O02994,Demo
ACT024724,O00272,Workshop
ACT024725,O00950,Demo
ACT024726,O01448,Demo
ACT024727,O01454,Demo
ACT024728,O01999,Email
ACT024729,O00055,POC
ACT024730,O03245,Call
ACT024731,O02430,Call
ACT024732,O02940,Workshop
ACT024733,O03473,Call
ACT024734,O01180,Workshop
ACT024735,O02569,Call
ACT024736,O01702,Demo
ACT024737,O02977,Call
ACT024738,O02038,Demo
ACT024739,O02885,POC
ACT024740,O00458,Workshop
ACT024741,O00174,Workshop
ACT024742,O00599,Email
ACT024743,O00755,Email
ACT024744,O01426,Workshop
ACT024745,O00906,Email
ACT024746,O02769,Demo
ACT024747,O01610,Workshop
ACT024748,O01688,Call
ACT024749,O00973,Email
ACT024750,O02764,Workshop
ACT024751,O01128,Email
ACT024752,O00770,Workshop
ACT024753,O02601,Workshop
ACT024754,O03168,Email
ACT024755,O00662,Call
ACT024756,O01816,POC
ACT024757,O00779,Demo
ACT024758,O01174,Call
ACT024759,O01755,Workshop
ACT024760,O02060,POC
ACT024761,O00691,Demo
ACT024762,O01383,Call
ACT024763,O02951,Email
ACT024764,O01699,Workshop
ACT024765,O01299,Demo
ACT024766,O03255,Call
ACT024767,O00709,POC
ACT024768,O00694,Workshop
ACT024769,O00197,Email
ACT024770,O00745,Workshop
ACT024771,O01352,POC
ACT024772,O00710,Workshop
ACT024773,O00222,Email
ACT024774,O00785,POC
ACT024775,O01602,Workshop
ACT024776,O01383,Demo
ACT024777,O01077,Demo
ACT024778,O00823,POC
ACT024779,O01624,Workshop
ACT024780,O01962,Demo
ACT024781,O03232,POC
ACT024782,O01030,Workshop
ACT024783,O01698,POC
ACT024784,O00995,Call
ACT024785,O00544,Demo
ACT024786,O02098,Demo
ACT024787,O02309,POC
ACT024788,O01024,Call
ACT024789,O02305,Demo
ACT024790,O01619,POC
ACT024791,O02238,POC
ACT024792,O02942,Call
ACT024793,O02973,Call
ACT024794,O00567,POC
ACT024795,O03367,Demo
ACT024796,O01474,Call
ACT024797,O02983,Workshop
ACT024798,O03407,POC
ACT024799,O01560,Call
ACT024800,O00381,Call
ACT024801,O01325,Demo
ACT024802,O00321,POC
ACT024803,O02836,POC
ACT024804,O03273,POC
ACT024805,O02243,POC
ACT024806,O00103,Call
ACT024807,O01399,Workshop
ACT024808,O03354,Demo
ACT024809,O03429,Email
ACT024810,O00314,Email
ACT024811,O02162,Demo
ACT024812,O02150,POC
ACT024813,O02514,Workshop
ACT024814,O01815,Call
ACT024815,O01456,Call
ACT024816,O02123,POC
ACT024817,O01085,Call
ACT024818,O00092,Workshop
ACT024819,O03008,Demo
ACT024820,O00879,Workshop
ACT024821,O00386,POC
ACT024822,O00266,Demo
ACT024823,O00987,POC
ACT024824,O02022,POC
ACT024825,O00236,Workshop
ACT024826,O02155,Email
ACT024827,O01892,Call
ACT024828,O00489,Call
ACT024829,O00330,Call
ACT024830,O00962,Workshop
ACT024831,O02467,Email
ACT024832,O01634,Workshop
ACT024833,O03145,POC
ACT024834,O00380,Workshop
ACT024835,O02542,Call
ACT024836,O00229,Workshop
ACT024837,O02444,Email
ACT024838,O01999,Demo
ACT024839,O00605,POC
ACT024840,O03344,Demo
ACT024841,O02689,Email
ACT024842,O02850,Demo
ACT024843,O02362,POC
ACT024844,O00336,Email
ACT024845,O01483,Demo
ACT024846,O02086,Demo
ACT024847,O00171,POC
ACT024848,O01073,Email
ACT024849,O00758,Workshop
ACT024850,O00080,Email
ACT024851,O01540,Demo
ACT024852,O00866,POC
ACT024853,O01870,Workshop
ACT024854,O01691,Call
ACT024855,O02371,Call
ACT024856,O00386,Demo
ACT024857,O01621,Email
ACT024858,O00115,POC
ACT024859,O02688,Workshop
ACT024860,O02432,Email
ACT024861,O00763,Call
ACT024862,O01392,POC
ACT024863,O02665,Email
ACT024864,O00260,POC
ACT024865,O01413,POC
ACT024866,O00741,Demo
ACT024867,O01111,Demo
ACT024868,O01297,POC
ACT024869,O02957,POC
ACT024870,O02645,Call
ACT024871,O02644,Email
ACT024872,O00172,POC
ACT024873,O02612,Call
ACT024874,O01910,Workshop
ACT024875,O01593,Workshop
ACT024876,O01674,Workshop
ACT024877,O00706,Email
ACT024878,O00816,POC
ACT024879,O01206,Email
ACT024880,O02853,POC
ACT024881,O00102,Call
ACT024882,O01183,Workshop
ACT024883,O02241,Workshop
ACT024884,O00798,Workshop
ACT024885,O01030,Workshop
ACT024886,O03451,Workshop
ACT024887,O01885,Workshop
ACT024888,O02726,Email
ACT024889,O02657,Demo
ACT024890,O02923,Email
ACT024891,O01598,Email
ACT024892,O03441,Demo
ACT024893,O02903,POC
ACT024894,O00212,Workshop
ACT024895,O02248,Workshop
ACT024896,O01045,Call
ACT024897,O00718,POC
ACT024898,O01054,Demo
ACT024899,O03148,Call
ACT024900,O01273,Demo
ACT024901,O00752,Email
ACT024902,O02269,Demo
ACT024903,O00359,Workshop
ACT024904,O00307,Call
ACT024905,O02181,POC
ACT024906,O01321,Email
ACT024907,O00660,Email
ACT024908,O01384,Workshop
ACT024909,O02745,Call
ACT024910,O01598,Email
ACT024911,O02795,POC
ACT024912,O00572,Email
ACT024913,O00806,POC
ACT024914,O03008,Call
ACT024915,O00153,Email
ACT024916,O02052,POC
ACT024917,O01939,POC
ACT024918,O01085,Workshop
ACT024919,O01492,Email
ACT024920,O01497,Workshop
ACT024921,O00543,Call
ACT024922,O00521,POC
ACT024923,O03481,Email
ACT024924,O00600,Call
ACT024925,O01610,Email
ACT024926,O01528,Workshop
ACT024927,O00233,Demo
ACT024928,O00909,POC
ACT024929,O01275,Email
ACT024930,O02625,Workshop
ACT024931,O00160,Demo
ACT024932,O01839,Workshop
ACT024933,O03209,POC
ACT024934,O01240,POC
ACT024935,O01561,Workshop
ACT024936,O00865,Workshop
ACT024937,O00517,POC
ACT024938,O03249,Email
ACT024939,O02615,Workshop
ACT024940,O01813,Workshop
ACT024941,O02560,POC
ACT024942,O02141,Call
ACT024943,O00670,Workshop
ACT024944,O01165,POC
ACT024945,O01529,Demo
ACT024946,O02030,Call
ACT024947,O00160,Demo
ACT024948,O00077,Workshop
ACT024949,O02686,Email
ACT024950,O01272,Call
ACT024951,O00420,Call
ACT024952,O03100,Demo
ACT024953,O03012,Email
ACT024954,O03270,Email
ACT024955,O01300,Email
ACT024956,O00836,Email
ACT024957,O03330,Call
ACT024958,O00077,Workshop
ACT024959,O00257,POC
ACT024960,O03457,Call
ACT024961,O02300,POC
ACT024962,O03032,POC
ACT024963,O00254,Workshop
ACT024964,O01238,Demo
ACT024965,O02155,Email
ACT024966,O03011,POC
ACT024967,O03489,POC
ACT024968,O02220,Demo
ACT024969,O00001,Demo
ACT024970,O02647,POC
ACT024971,O02427,POC
ACT024972,O00574,Call
ACT024973,O01165,POC
ACT024974,O03391,Demo
ACT024975,O00531,Call
ACT024976,O01756,POC
ACT024977,O00138,Workshop
ACT024978,O01489,Email
ACT024979,O02231,POC
ACT024980,O02371,Call
ACT024981,O01435,Email
ACT024982,O01978,Demo
ACT024983,O01312,Email
ACT024984,O00869,Email
ACT024985,O00716,Demo
ACT024986,O01979,Call
ACT024987,O03109,Email
ACT024988,O03450,Workshop
ACT024989,O02766,Workshop
ACT024990,O01234,Demo
ACT024991,O02632,POC
ACT024992,O00001,Email
ACT024993,O01297,Email
ACT024994,O00444,Demo
ACT024995,O00934,Call
ACT024996,O00053,Email
ACT024997,O01040,Workshop
ACT024998,O00984,Email
ACT024999,O00840,Email
ACT025000,O00911,Email
