ContactID,AccountID,Name,Title,Email
C00001,A0385,Name1,IT Director,name1@example.com
C00002,A0211,Name2,VP IT,name2@example.com
C00003,A0466,Name3,CISO,name3@example.com
C00004,A0318,Name4,IT Director,name4@example.com
C00005,A0336,Name5,VP IT,name5@example.com
C00006,A0267,Name6,CISO,name6@example.com
C00007,A0358,Name7,IT Director,name7@example.com
C00008,A0402,Name8,VP IT,name8@example.com
C00009,A0053,Name9,CISO,name9@example.com
C00010,A0475,Name10,IT Director,name10@example.com
C00011,A0100,Name11,VP IT,name11@example.com
C00012,A0463,Name12,CISO,name12@example.com
C00013,A0300,Name13,IT Director,name13@example.com
C00014,A0369,Name14,VP IT,name14@example.com
C00015,A0379,Name15,CISO,name15@example.com
C00016,A0119,Name16,IT Director,name16@example.com
C00017,A0477,Name17,VP IT,name17@example.com
C00018,A0323,Name18,CISO,name18@example.com
C00019,A0280,Name19,IT Director,name19@example.com
C00020,A0042,Name20,VP IT,name20@example.com
C00021,A0311,Name21,CISO,name21@example.com
C00022,A0230,Name22,IT Director,name22@example.com
C00023,A0100,Name23,VP IT,name23@example.com
C00024,A0379,Name24,CISO,name24@example.com
C00025,A0132,Name25,IT Director,name25@example.com
C00026,A0344,Name26,VP IT,name26@example.com
C00027,A0483,Name27,CISO,name27@example.com
C00028,A0287,Name28,IT Director,name28@example.com
C00029,A0395,Name29,VP IT,name29@example.com
C00030,A0290,Name30,CISO,name30@example.com
C00031,A0479,Name31,IT Director,name31@example.com
C00032,A0180,Name32,VP IT,name32@example.com
C00033,A0105,Name33,CISO,name33@example.com
C00034,A0106,Name34,IT Director,name34@example.com
C00035,A0058,Name35,VP IT,name35@example.com
C00036,A0060,Name36,CISO,name36@example.com
C00037,A0360,Name37,IT Director,name37@example.com
C00038,A0426,Name38,VP IT,name38@example.com
C00039,A0210,Name39,CISO,name39@example.com
C00040,A0177,Name40,IT Director,name40@example.com
C00041,A0235,Name41,VP IT,name41@example.com
C00042,A0335,Name42,CISO,name42@example.com
C00043,A0368,Name43,IT Director,name43@example.com
C00044,A0456,Name44,VP IT,name44@example.com
C00045,A0134,Name45,CISO,name45@example.com
C00046,A0382,Name46,IT Director,name46@example.com
C00047,A0383,Name47,VP IT,name47@example.com
C00048,A0087,Name48,CISO,name48@example.com
C00049,A0486,Name49,IT Director,name49@example.com
C00050,A0269,Name50,VP IT,name50@example.com
C00051,A0453,Name51,CISO,name51@example.com
C00052,A0206,Name52,IT Director,name52@example.com
C00053,A0438,Name53,VP IT,name53@example.com
C00054,A0237,Name54,CISO,name54@example.com
C00055,A0431,Name55,IT Director,name55@example.com
C00056,A0364,Name56,VP IT,name56@example.com
C00057,A0473,Name57,CISO,name57@example.com
C00058,A0251,Name58,IT Director,name58@example.com
C00059,A0054,Name59,VP IT,name59@example.com
C00060,A0383,Name60,CISO,name60@example.com
C00061,A0472,Name61,IT Director,name61@example.com
C00062,A0366,Name62,VP IT,name62@example.com
C00063,A0450,Name63,CISO,name63@example.com
C00064,A0442,Name64,IT Director,name64@example.com
C00065,A0368,Name65,VP IT,name65@example.com
C00066,A0353,Name66,CISO,name66@example.com
C00067,A0201,Name67,IT Director,name67@example.com
C00068,A0442,Name68,VP IT,name68@example.com
C00069,A0374,Name69,CISO,name69@example.com
C00070,A0124,Name70,IT Director,name70@example.com
C00071,A0444,Name71,VP IT,name71@example.com
C00072,A0411,Name72,CISO,name72@example.com
C00073,A0312,Name73,IT Director,name73@example.com
C00074,A0261,Name74,VP IT,name74@example.com
C00075,A0436,Name75,CISO,name75@example.com
C00076,A0037,Name76,IT Director,name76@example.com
C00077,A0343,Name77,VP IT,name77@example.com
C00078,A0432,Name78,CISO,name78@example.com
C00079,A0331,Name79,IT Director,name79@example.com
C00080,A0197,Name80,VP IT,name80@example.com
C00081,A0384,Name81,CISO,name81@example.com
C00082,A0096,Name82,IT Director,name82@example.com
C00083,A0441,Name83,VP IT,name83@example.com
C00084,A0401,Name84,CISO,name84@example.com
C00085,A0118,Name85,IT Director,name85@example.com
C00086,A0457,Name86,VP IT,name86@example.com
C00087,A0150,Name87,CISO,name87@example.com
C00088,A0243,Name88,IT Director,name88@example.com
C00089,A0251,Name89,VP IT,name89@example.com
C00090,A0054,Name90,CISO,name90@example.com
C00091,A0298,Name91,IT Director,name91@example.com
C00092,A0171,Name92,VP IT,name92@example.com
C00093,A0497,Name93,CISO,name93@example.com
C00094,A0365,Name94,IT Director,name94@example.com
C00095,A0183,Name95,VP IT,name95@example.com
C00096,A0311,Name96,CISO,name96@example.com
C00097,A0170,Name97,IT Director,name97@example.com
C00098,A0228,Name98,VP IT,name98@example.com
C00099,A0266,Name99,CISO,name99@example.com
C00100,A0205,Name100,IT Director,name100@example.com
C00101,A0450,Name101,VP IT,name101@example.com
C00102,A0231,Name102,CISO,name102@example.com
C00103,A0171,Name103,IT Director,name103@example.com
C00104,A0316,Name104,VP IT,name104@example.com
C00105,A0034,Name105,CISO,name105@example.com
C00106,A0305,Name106,IT Director,name106@example.com
C00107,A0042,Name107,VP IT,name107@example.com
C00108,A0340,Name108,CISO,name108@example.com
C00109,A0254,Name109,IT Director,name109@example.com
C00110,A0085,Name110,VP IT,name110@example.com
C00111,A0073,Name111,CISO,name111@example.com
C00112,A0167,Name112,IT Director,name112@example.com
C00113,A0348,Name113,VP IT,name113@example.com
C00114,A0409,Name114,CISO,name114@example.com
C00115,A0247,Name115,IT Director,name115@example.com
C00116,A0364,Name116,VP IT,name116@example.com
C00117,A0310,Name117,CISO,name117@example.com
C00118,A0234,Name118,IT Director,name118@example.com
C00119,A0157,Name119,VP IT,name119@example.com
C00120,A0435,Name120,CISO,name120@example.com
C00121,A0050,Name121,IT Director,name121@example.com
C00122,A0423,Name122,VP IT,name122@example.com
C00123,A0025,Name123,CISO,name123@example.com
C00124,A0236,Name124,IT Director,name124@example.com
C00125,A0384,Name125,VP IT,name125@example.com
C00126,A0290,Name126,CISO,name126@example.com
C00127,A0022,Name127,IT Director,name127@example.com
C00128,A0493,Name128,VP IT,name128@example.com
C00129,A0037,Name129,CISO,name129@example.com
C00130,A0169,Name130,IT Director,name130@example.com
C00131,A0162,Name131,VP IT,name131@example.com
C00132,A0116,Name132,CISO,name132@example.com
C00133,A0458,Name133,IT Director,name133@example.com
C00134,A0413,Name134,VP IT,name134@example.com
C00135,A0132,Name135,CISO,name135@example.com
C00136,A0482,Name136,IT Director,name136@example.com
C00137,A0436,Name137,VP IT,name137@example.com
C00138,A0344,Name138,CISO,name138@example.com
C00139,A0452,Name139,IT Director,name139@example.com
C00140,A0340,Name140,VP IT,name140@example.com
C00141,A0225,Name141,CISO,name141@example.com
C00142,A0360,Name142,IT Director,name142@example.com
C00143,A0196,Name143,VP IT,name143@example.com
C00144,A0067,Name144,CISO,name144@example.com
C00145,A0238,Name145,IT Director,name145@example.com
C00146,A0277,Name146,VP IT,name146@example.com
C00147,A0052,Name147,CISO,name147@example.com
C00148,A0381,Name148,IT Director,name148@example.com
C00149,A0097,Name149,VP IT,name149@example.com
C00150,A0118,Name150,CISO,name150@example.com
C00151,A0010,Name151,IT Director,name151@example.com
C00152,A0003,Name152,VP IT,name152@example.com
C00153,A0393,Name153,CISO,name153@example.com
C00154,A0108,Name154,IT Director,name154@example.com
C00155,A0185,Name155,VP IT,name155@example.com
C00156,A0109,Name156,CISO,name156@example.com
C00157,A0340,Name157,IT Director,name157@example.com
C00158,A0087,Name158,VP IT,name158@example.com
C00159,A0020,Name159,CISO,name159@example.com
C00160,A0422,Name160,IT Director,name160@example.com
C00161,A0375,Name161,VP IT,name161@example.com
C00162,A0126,Name162,CISO,name162@example.com
C00163,A0169,Name163,IT Director,name163@example.com
C00164,A0224,Name164,VP IT,name164@example.com
C00165,A0255,Name165,CISO,name165@example.com
C00166,A0317,Name166,IT Director,name166@example.com
C00167,A0241,Name167,VP IT,name167@example.com
C00168,A0323,Name168,CISO,name168@example.com
C00169,A0217,Name169,IT Director,name169@example.com
C00170,A0487,Name170,VP IT,name170@example.com
C00171,A0264,Name171,CISO,name171@example.com
C00172,A0098,Name172,IT Director,name172@example.com
C00173,A0057,Name173,VP IT,name173@example.com
C00174,A0458,Name174,CISO,name174@example.com
C00175,A0377,Name175,IT Director,name175@example.com
C00176,A0181,Name176,VP IT,name176@example.com
C00177,A0271,Name177,CISO,name177@example.com
C00178,A0447,Name178,IT Director,name178@example.com
C00179,A0144,Name179,VP IT,name179@example.com
C00180,A0120,Name180,CISO,name180@example.com
C00181,A0489,Name181,IT Director,name181@example.com
C00182,A0200,Name182,VP IT,name182@example.com
C00183,A0345,Name183,CISO,name183@example.com
C00184,A0091,Name184,IT Director,name184@example.com
C00185,A0059,Name185,VP IT,name185@example.com
C00186,A0173,Name186,CISO,name186@example.com
C00187,A0219,Name187,IT Director,name187@example.com
C00188,A0466,Name188,VP IT,name188@example.com
C00189,A0319,Name189,CISO,name189@example.com
C00190,A0242,Name190,IT Director,name190@example.com
C00191,A0352,Name191,VP IT,name191@example.com
C00192,A0275,Name192,CISO,name192@example.com
C00193,A0264,Name193,IT Director,name193@example.com
C00194,A0499,Name194,VP IT,name194@example.com
C00195,A0422,Name195,CISO,name195@example.com
C00196,A0171,Name196,IT Director,name196@example.com
C00197,A0275,Name197,VP IT,name197@example.com
C00198,A0260,Name198,CISO,name198@example.com
C00199,A0281,Name199,IT Director,name199@example.com
C00200,A0307,Name200,VP IT,name200@example.com
C00201,A0142,Name201,CISO,name201@example.com
C00202,A0309,Name202,IT Director,name202@example.com
C00203,A0450,Name203,VP IT,name203@example.com
C00204,A0466,Name204,CISO,name204@example.com
C00205,A0308,Name205,IT Director,name205@example.com
C00206,A0438,Name206,VP IT,name206@example.com
C00207,A0402,Name207,CISO,name207@example.com
C00208,A0162,Name208,IT Director,name208@example.com
C00209,A0363,Name209,VP IT,name209@example.com
C00210,A0292,Name210,CISO,name210@example.com
C00211,A0282,Name211,IT Director,name211@example.com
C00212,A0266,Name212,VP IT,name212@example.com
C00213,A0111,Name213,CISO,name213@example.com
C00214,A0178,Name214,IT Director,name214@example.com
C00215,A0082,Name215,VP IT,name215@example.com
C00216,A0273,Name216,CISO,name216@example.com
C00217,A0005,Name217,IT Director,name217@example.com
C00218,A0267,Name218,VP IT,name218@example.com
C00219,A0093,Name219,CISO,name219@example.com
C00220,A0424,Name220,IT Director,name220@example.com
C00221,A0332,Name221,VP IT,name221@example.com
C00222,A0431,Name222,CISO,name222@example.com
C00223,A0400,Name223,IT Director,name223@example.com
C00224,A0169,Name224,VP IT,name224@example.com
C00225,A0263,Name225,CISO,name225@example.com
C00226,A0148,Name226,IT Director,name226@example.com
C00227,A0094,Name227,VP IT,name227@example.com
C00228,A0003,Name228,CISO,name228@example.com
C00229,A0040,Name229,IT Director,name229@example.com
C00230,A0146,Name230,VP IT,name230@example.com
C00231,A0264,Name231,CISO,name231@example.com
C00232,A0404,Name232,IT Director,name232@example.com
C00233,A0006,Name233,VP IT,name233@example.com
C00234,A0391,Name234,CISO,name234@example.com
C00235,A0121,Name235,IT Director,name235@example.com
C00236,A0022,Name236,VP IT,name236@example.com
C00237,A0339,Name237,CISO,name237@example.com
C00238,A0232,Name238,IT Director,name238@example.com
C00239,A0033,Name239,VP IT,name239@example.com
C00240,A0041,Name240,CISO,name240@example.com
C00241,A0492,Name241,IT Director,name241@example.com
C00242,A0199,Name242,VP IT,name242@example.com
C00243,A0041,Name243,CISO,name243@example.com
C00244,A0474,Name244,IT Director,name244@example.com
C00245,A0103,Name245,VP IT,name245@example.com
C00246,A0423,Name246,CISO,name246@example.com
C00247,A0038,Name247,IT Director,name247@example.com
C00248,A0228,Name248,VP IT,name248@example.com
C00249,A0346,Name249,CISO,name249@example.com
C00250,A0429,Name250,IT Director,name250@example.com
C00251,A0176,Name251,VP IT,name251@example.com
C00252,A0491,Name252,CISO,name252@example.com
C00253,A0290,Name253,IT Director,name253@example.com
C00254,A0035,Name254,VP IT,name254@example.com
C00255,A0079,Name255,CISO,name255@example.com
C00256,A0015,Name256,IT Director,name256@example.com
C00257,A0205,Name257,VP IT,name257@example.com
C00258,A0144,Name258,CISO,name258@example.com
C00259,A0053,Name259,IT Director,name259@example.com
C00260,A0177,Name260,VP IT,name260@example.com
C00261,A0018,Name261,CISO,name261@example.com
C00262,A0215,Name262,IT Director,name262@example.com
C00263,A0327,Name263,VP IT,name263@example.com
C00264,A0036,Name264,CISO,name264@example.com
C00265,A0458,Name265,IT Director,name265@example.com
C00266,A0110,Name266,VP IT,name266@example.com
C00267,A0297,Name267,CISO,name267@example.com
C00268,A0089,Name268,IT Director,name268@example.com
C00269,A0017,Name269,VP IT,name269@example.com
C00270,A0141,Name270,CISO,name270@example.com
C00271,A0137,Name271,IT Director,name271@example.com
C00272,A0460,Name272,VP IT,name272@example.com
C00273,A0025,Name273,CISO,name273@example.com
C00274,A0282,Name274,IT Director,name274@example.com
C00275,A0433,Name275,VP IT,name275@example.com
C00276,A0305,Name276,CISO,name276@example.com
C00277,A0386,Name277,IT Director,name277@example.com
C00278,A0042,Name278,VP IT,name278@example.com
C00279,A0119,Name279,CISO,name279@example.com
C00280,A0106,Name280,IT Director,name280@example.com
C00281,A0066,Name281,VP IT,name281@example.com
C00282,A0098,Name282,CISO,name282@example.com
C00283,A0486,Name283,IT Director,name283@example.com
C00284,A0196,Name284,VP IT,name284@example.com
C00285,A0324,Name285,CISO,name285@example.com
C00286,A0033,Name286,IT Director,name286@example.com
C00287,A0449,Name287,VP IT,name287@example.com
C00288,A0021,Name288,CISO,name288@example.com
C00289,A0026,Name289,IT Director,name289@example.com
C00290,A0428,Name290,VP IT,name290@example.com
C00291,A0335,Name291,CISO,name291@example.com
C00292,A0210,Name292,IT Director,name292@example.com
C00293,A0412,Name293,VP IT,name293@example.com
C00294,A0470,Name294,CISO,name294@example.com
C00295,A0451,Name295,IT Director,name295@example.com
C00296,A0388,Name296,VP IT,name296@example.com
C00297,A0231,Name297,CISO,name297@example.com
C00298,A0138,Name298,IT Director,name298@example.com
C00299,A0387,Name299,VP IT,name299@example.com
C00300,A0350,Name300,CISO,name300@example.com
C00301,A0394,Name301,IT Director,name301@example.com
C00302,A0186,Name302,VP IT,name302@example.com
C00303,A0254,Name303,CISO,name303@example.com
C00304,A0495,Name304,IT Director,name304@example.com
C00305,A0182,Name305,VP IT,name305@example.com
C00306,A0169,Name306,CISO,name306@example.com
C00307,A0250,Name307,IT Director,name307@example.com
C00308,A0113,Name308,VP IT,name308@example.com
C00309,A0368,Name309,CISO,name309@example.com
C00310,A0393,Name310,IT Director,name310@example.com
C00311,A0317,Name311,VP IT,name311@example.com
C00312,A0173,Name312,CISO,name312@example.com
C00313,A0119,Name313,IT Director,name313@example.com
C00314,A0188,Name314,VP IT,name314@example.com
C00315,A0288,Name315,CISO,name315@example.com
C00316,A0429,Name316,IT Director,name316@example.com
C00317,A0401,Name317,VP IT,name317@example.com
C00318,A0369,Name318,CISO,name318@example.com
C00319,A0461,Name319,IT Director,name319@example.com
C00320,A0015,Name320,VP IT,name320@example.com
C00321,A0257,Name321,CISO,name321@example.com
C00322,A0158,Name322,IT Director,name322@example.com
C00323,A0099,Name323,VP IT,name323@example.com
C00324,A0083,Name324,CISO,name324@example.com
C00325,A0357,Name325,IT Director,name325@example.com
C00326,A0022,Name326,VP IT,name326@example.com
C00327,A0112,Name327,CISO,name327@example.com
C00328,A0190,Name328,IT Director,name328@example.com
C00329,A0392,Name329,VP IT,name329@example.com
C00330,A0278,Name330,CISO,name330@example.com
C00331,A0473,Name331,IT Director,name331@example.com
C00332,A0434,Name332,VP IT,name332@example.com
C00333,A0082,Name333,CISO,name333@example.com
C00334,A0097,Name334,IT Director,name334@example.com
C00335,A0257,Name335,VP IT,name335@example.com
C00336,A0377,Name336,CISO,name336@example.com
C00337,A0083,Name337,IT Director,name337@example.com
C00338,A0125,Name338,VP IT,name338@example.com
C00339,A0212,Name339,CISO,name339@example.com
C00340,A0163,Name340,IT Director,name340@example.com
C00341,A0321,Name341,VP IT,name341@example.com
C00342,A0034,Name342,CISO,name342@example.com
C00343,A0186,Name343,IT Director,name343@example.com
C00344,A0291,Name344,VP IT,name344@example.com
C00345,A0481,Name345,CISO,name345@example.com
C00346,A0403,Name346,IT Director,name346@example.com
C00347,A0274,Name347,VP IT,name347@example.com
C00348,A0234,Name348,CISO,name348@example.com
C00349,A0061,Name349,IT Director,name349@example.com
C00350,A0027,Name350,VP IT,name350@example.com
C00351,A0125,Name351,CISO,name351@example.com
C00352,A0064,Name352,IT Director,name352@example.com
C00353,A0315,Name353,VP IT,name353@example.com
C00354,A0080,Name354,CISO,name354@example.com
C00355,A0254,Name355,IT Director,name355@example.com
C00356,A0252,Name356,VP IT,name356@example.com
C00357,A0448,Name357,CISO,name357@example.com
C00358,A0191,Name358,IT Director,name358@example.com
C00359,A0013,Name359,VP IT,name359@example.com
C00360,A0151,Name360,CISO,name360@example.com
C00361,A0166,Name361,IT Director,name361@example.com
C00362,A0278,Name362,VP IT,name362@example.com
C00363,A0188,Name363,CISO,name363@example.com
C00364,A0277,Name364,IT Director,name364@example.com
C00365,A0410,Name365,VP IT,name365@example.com
C00366,A0325,Name366,CISO,name366@example.com
C00367,A0112,Name367,IT Director,name367@example.com
C00368,A0441,Name368,VP IT,name368@example.com
C00369,A0162,Name369,CISO,name369@example.com
C00370,A0290,Name370,IT Director,name370@example.com
C00371,A0051,Name371,VP IT,name371@example.com
C00372,A0303,Name372,CISO,name372@example.com
C00373,A0457,Name373,IT Director,name373@example.com
C00374,A0084,Name374,VP IT,name374@example.com
C00375,A0390,Name375,CISO,name375@example.com
C00376,A0442,Name376,IT Director,name376@example.com
C00377,A0482,Name377,VP IT,name377@example.com
C00378,A0042,Name378,CISO,name378@example.com
C00379,A0095,Name379,IT Director,name379@example.com
C00380,A0057,Name380,VP IT,name380@example.com
C00381,A0387,Name381,CISO,name381@example.com
C00382,A0164,Name382,IT Director,name382@example.com
C00383,A0307,Name383,VP IT,name383@example.com
C00384,A0470,Name384,CISO,name384@example.com
C00385,A0009,Name385,IT Director,name385@example.com
C00386,A0438,Name386,VP IT,name386@example.com
C00387,A0393,Name387,CISO,name387@example.com
C00388,A0468,Name388,IT Director,name388@example.com
C00389,A0380,Name389,VP IT,name389@example.com
C00390,A0239,Name390,CISO,name390@example.com
C00391,A0364,Name391,IT Director,name391@example.com
C00392,A0218,Name392,VP IT,name392@example.com
C00393,A0172,Name393,CISO,name393@example.com
C00394,A0428,Name394,IT Director,name394@example.com
C00395,A0387,Name395,VP IT,name395@example.com
C00396,A0443,Name396,CISO,name396@example.com
C00397,A0059,Name397,IT Director,name397@example.com
C00398,A0330,Name398,VP IT,name398@example.com
C00399,A0361,Name399,CISO,name399@example.com
C00400,A0167,Name400,IT Director,name400@example.com
C00401,A0272,Name401,VP IT,name401@example.com
C00402,A0175,Name402,CISO,name402@example.com
C00403,A0035,Name403,IT Director,name403@example.com
C00404,A0488,Name404,VP IT,name404@example.com
C00405,A0276,Name405,CISO,name405@example.com
C00406,A0242,Name406,IT Director,name406@example.com
C00407,A0454,Name407,VP IT,name407@example.com
C00408,A0394,Name408,CISO,name408@example.com
C00409,A0192,Name409,IT Director,name409@example.com
C00410,A0413,Name410,VP IT,name410@example.com
C00411,A0085,Name411,CISO,name411@example.com
C00412,A0375,Name412,IT Director,name412@example.com
C00413,A0263,Name413,VP IT,name413@example.com
C00414,A0208,Name414,CISO,name414@example.com
C00415,A0279,Name415,IT Director,name415@example.com
C00416,A0032,Name416,VP IT,name416@example.com
C00417,A0401,Name417,CISO,name417@example.com
C00418,A0068,Name418,IT Director,name418@example.com
C00419,A0350,Name419,VP IT,name419@example.com
C00420,A0071,Name420,CISO,name420@example.com
C00421,A0462,Name421,IT Director,name421@example.com
C00422,A0164,Name422,VP IT,name422@example.com
C00423,A0265,Name423,CISO,name423@example.com
C00424,A0391,Name424,IT Director,name424@example.com
C00425,A0019,Name425,VP IT,name425@example.com
C00426,A0325,Name426,CISO,name426@example.com
C00427,A0055,Name427,IT Director,name427@example.com
C00428,A0184,Name428,VP IT,name428@example.com
C00429,A0209,Name429,CISO,name429@example.com
C00430,A0219,Name430,IT Director,name430@example.com
C00431,A0460,Name431,VP IT,name431@example.com
C00432,A0014,Name432,CISO,name432@example.com
C00433,A0226,Name433,IT Director,name433@example.com
C00434,A0214,Name434,VP IT,name434@example.com
C00435,A0261,Name435,CISO,name435@example.com
C00436,A0226,Name436,IT Director,name436@example.com
C00437,A0255,Name437,VP IT,name437@example.com
C00438,A0045,Name438,CISO,name438@example.com
C00439,A0212,Name439,IT Director,name439@example.com
C00440,A0436,Name440,VP IT,name440@example.com
C00441,A0282,Name441,CISO,name441@example.com
C00442,A0274,Name442,IT Director,name442@example.com
C00443,A0063,Name443,VP IT,name443@example.com
C00444,A0449,Name444,CISO,name444@example.com
C00445,A0129,Name445,IT Director,name445@example.com
C00446,A0213,Name446,VP IT,name446@example.com
C00447,A0311,Name447,CISO,name447@example.com
C00448,A0160,Name448,IT Director,name448@example.com
C00449,A0026,Name449,VP IT,name449@example.com
C00450,A0179,Name450,CISO,name450@example.com
C00451,A0245,Name451,IT Director,name451@example.com
C00452,A0237,Name452,VP IT,name452@example.com
C00453,A0290,Name453,CISO,name453@example.com
C00454,A0325,Name454,IT Director,name454@example.com
C00455,A0271,Name455,VP IT,name455@example.com
C00456,A0224,Name456,CISO,name456@example.com
C00457,A0060,Name457,IT Director,name457@example.com
C00458,A0417,Name458,VP IT,name458@example.com
C00459,A0198,Name459,CISO,name459@example.com
C00460,A0318,Name460,IT Director,name460@example.com
C00461,A0061,Name461,VP IT,name461@example.com
C00462,A0345,Name462,CISO,name462@example.com
C00463,A0428,Name463,IT Director,name463@example.com
C00464,A0125,Name464,VP IT,name464@example.com
C00465,A0155,Name465,CISO,name465@example.com
C00466,A0069,Name466,IT Director,name466@example.com
C00467,A0163,Name467,VP IT,name467@example.com
C00468,A0335,Name468,CISO,name468@example.com
C00469,A0088,Name469,IT Director,name469@example.com
C00470,A0033,Name470,VP IT,name470@example.com
C00471,A0031,Name471,CISO,name471@example.com
C00472,A0253,Name472,IT Director,name472@example.com
C00473,A0273,Name473,VP IT,name473@example.com
C00474,A0275,Name474,CISO,name474@example.com
C00475,A0220,Name475,IT Director,name475@example.com
C00476,A0492,Name476,VP IT,name476@example.com
C00477,A0318,Name477,CISO,name477@example.com
C00478,A0392,Name478,IT Director,name478@example.com
C00479,A0432,Name479,VP IT,name479@example.com
C00480,A0384,Name480,CISO,name480@example.com
C00481,A0425,Name481,IT Director,name481@example.com
C00482,A0264,Name482,VP IT,name482@example.com
C00483,A0343,Name483,CISO,name483@example.com
C00484,A0469,Name484,IT Director,name484@example.com
C00485,A0095,Name485,VP IT,name485@example.com
C00486,A0494,Name486,CISO,name486@example.com
C00487,A0491,Name487,IT Director,name487@example.com
C00488,A0365,Name488,VP IT,name488@example.com
C00489,A0389,Name489,CISO,name489@example.com
C00490,A0325,Name490,IT Director,name490@example.com
C00491,A0392,Name491,VP IT,name491@example.com
C00492,A0466,Name492,CISO,name492@example.com
C00493,A0210,Name493,IT Director,name493@example.com
C00494,A0207,Name494,VP IT,name494@example.com
C00495,A0126,Name495,CISO,name495@example.com
C00496,A0058,Name496,IT Director,name496@example.com
C00497,A0245,Name497,VP IT,name497@example.com
C00498,A0231,Name498,CISO,name498@example.com
C00499,A0334,Name499,IT Director,name499@example.com
C00500,A0428,Name500,VP IT,name500@example.com
C00501,A0018,Name501,CISO,name501@example.com
C00502,A0288,Name502,IT Director,name502@example.com
C00503,A0243,Name503,VP IT,name503@example.com
C00504,A0244,Name504,CISO,name504@example.com
C00505,A0043,Name505,IT Director,name505@example.com
C00506,A0397,Name506,VP IT,name506@example.com
C00507,A0086,Name507,CISO,name507@example.com
C00508,A0043,Name508,IT Director,name508@example.com
C00509,A0335,Name509,VP IT,name509@example.com
C00510,A0388,Name510,CISO,name510@example.com
C00511,A0107,Name511,IT Director,name511@example.com
C00512,A0329,Name512,VP IT,name512@example.com
C00513,A0372,Name513,CISO,name513@example.com
C00514,A0287,Name514,IT Director,name514@example.com
C00515,A0247,Name515,VP IT,name515@example.com
C00516,A0313,Name516,CISO,name516@example.com
C00517,A0417,Name517,IT Director,name517@example.com
C00518,A0419,Name518,VP IT,name518@example.com
C00519,A0048,Name519,CISO,name519@example.com
C00520,A0471,Name520,IT Director,name520@example.com
C00521,A0355,Name521,VP IT,name521@example.com
C00522,A0472,Name522,CISO,name522@example.com
C00523,A0365,Name523,IT Director,name523@example.com
C00524,A0403,Name524,VP IT,name524@example.com
C00525,A0279,Name525,CISO,name525@example.com
C00526,A0481,Name526,IT Director,name526@example.com
C00527,A0061,Name527,VP IT,name527@example.com
C00528,A0362,Name528,CISO,name528@example.com
C00529,A0134,Name529,IT Director,name529@example.com
C00530,A0093,Name530,VP IT,name530@example.com
C00531,A0481,Name531,CISO,name531@example.com
C00532,A0298,Name532,IT Director,name532@example.com
C00533,A0308,Name533,VP IT,name533@example.com
C00534,A0352,Name534,CISO,name534@example.com
C00535,A0279,Name535,IT Director,name535@example.com
C00536,A0383,Name536,VP IT,name536@example.com
C00537,A0009,Name537,CISO,name537@example.com
C00538,A0141,Name538,IT Director,name538@example.com
C00539,A0159,Name539,VP IT,name539@example.com
C00540,A0490,Name540,CISO,name540@example.com
C00541,A0042,Name541,IT Director,name541@example.com
C00542,A0278,Name542,VP IT,name542@example.com
C00543,A0303,Name543,CISO,name543@example.com
C00544,A0156,Name544,IT Director,name544@example.com
C00545,A0448,Name545,VP IT,name545@example.com
C00546,A0174,Name546,CISO,name546@example.com
C00547,A0392,Name547,IT Director,name547@example.com
C00548,A0253,Name548,VP IT,name548@example.com
C00549,A0293,Name549,CISO,name549@example.com
C00550,A0399,Name550,IT Director,name550@example.com
C00551,A0011,Name551,VP IT,name551@example.com
C00552,A0452,Name552,CISO,name552@example.com
C00553,A0171,Name553,IT Director,name553@example.com
C00554,A0369,Name554,VP IT,name554@example.com
C00555,A0364,Name555,CISO,name555@example.com
C00556,A0221,Name556,IT Director,name556@example.com
C00557,A0025,Name557,VP IT,name557@example.com
C00558,A0336,Name558,CISO,name558@example.com
C00559,A0087,Name559,IT Director,name559@example.com
C00560,A0030,Name560,VP IT,name560@example.com
C00561,A0259,Name561,CISO,name561@example.com
C00562,A0225,Name562,IT Director,name562@example.com
C00563,A0380,Name563,VP IT,name563@example.com
C00564,A0408,Name564,CISO,name564@example.com
C00565,A0425,Name565,IT Director,name565@example.com
C00566,A0144,Name566,VP IT,name566@example.com
C00567,A0452,Name567,CISO,name567@example.com
C00568,A0392,Name568,IT Director,name568@example.com
C00569,A0420,Name569,VP IT,name569@example.com
C00570,A0331,Name570,CISO,name570@example.com
C00571,A0278,Name571,IT Director,name571@example.com
C00572,A0257,Name572,VP IT,name572@example.com
C00573,A0419,Name573,CISO,name573@example.com
C00574,A0492,Name574,IT Director,name574@example.com
C00575,A0287,Name575,VP IT,name575@example.com
C00576,A0452,Name576,CISO,name576@example.com
C00577,A0297,Name577,IT Director,name577@example.com
C00578,A0497,Name578,VP IT,name578@example.com
C00579,A0293,Name579,CISO,name579@example.com
C00580,A0069,Name580,IT Director,name580@example.com
C00581,A0081,Name581,VP IT,name581@example.com
C00582,A0197,Name582,CISO,name582@example.com
C00583,A0462,Name583,IT Director,name583@example.com
C00584,A0062,Name584,VP IT,name584@example.com
C00585,A0078,Name585,CISO,name585@example.com
C00586,A0487,Name586,IT Director,name586@example.com
C00587,A0145,Name587,VP IT,name587@example.com
C00588,A0104,Name588,CISO,name588@example.com
C00589,A0451,Name589,IT Director,name589@example.com
C00590,A0368,Name590,VP IT,name590@example.com
C00591,A0096,Name591,CISO,name591@example.com
C00592,A0447,Name592,IT Director,name592@example.com
C00593,A0409,Name593,VP IT,name593@example.com
C00594,A0378,Name594,CISO,name594@example.com
C00595,A0286,Name595,IT Director,name595@example.com
C00596,A0365,Name596,VP IT,name596@example.com
C00597,A0253,Name597,CISO,name597@example.com
C00598,A0241,Name598,IT Director,name598@example.com
C00599,A0247,Name599,VP IT,name599@example.com
C00600,A0062,Name600,CISO,name600@example.com
C00601,A0264,Name601,IT Director,name601@example.com
C00602,A0098,Name602,VP IT,name602@example.com
C00603,A0316,Name603,CISO,name603@example.com
C00604,A0148,Name604,IT Director,name604@example.com
C00605,A0421,Name605,VP IT,name605@example.com
C00606,A0101,Name606,CISO,name606@example.com
C00607,A0076,Name607,IT Director,name607@example.com
C00608,A0093,Name608,VP IT,name608@example.com
C00609,A0494,Name609,CISO,name609@example.com
C00610,A0078,Name610,IT Director,name610@example.com
C00611,A0031,Name611,VP IT,name611@example.com
C00612,A0256,Name612,CISO,name612@example.com
C00613,A0255,Name613,IT Director,name613@example.com
C00614,A0450,Name614,VP IT,name614@example.com
C00615,A0397,Name615,CISO,name615@example.com
C00616,A0148,Name616,IT Director,name616@example.com
C00617,A0487,Name617,VP IT,name617@example.com
C00618,A0330,Name618,CISO,name618@example.com
C00619,A0387,Name619,IT Director,name619@example.com
C00620,A0266,Name620,VP IT,name620@example.com
C00621,A0040,Name621,CISO,name621@example.com
C00622,A0308,Name622,IT Director,name622@example.com
C00623,A0416,Name623,VP IT,name623@example.com
C00624,A0228,Name624,CISO,name624@example.com
C00625,A0046,Name625,IT Director,name625@example.com
C00626,A0100,Name626,VP IT,name626@example.com
C00627,A0365,Name627,CISO,name627@example.com
C00628,A0435,Name628,IT Director,name628@example.com
C00629,A0024,Name629,VP IT,name629@example.com
C00630,A0112,Name630,CISO,name630@example.com
C00631,A0032,Name631,IT Director,name631@example.com
C00632,A0127,Name632,VP IT,name632@example.com
C00633,A0169,Name633,CISO,name633@example.com
C00634,A0201,Name634,IT Director,name634@example.com
C00635,A0360,Name635,VP IT,name635@example.com
C00636,A0303,Name636,CISO,name636@example.com
C00637,A0236,Name637,IT Director,name637@example.com
C00638,A0494,Name638,VP IT,name638@example.com
C00639,A0112,Name639,CISO,name639@example.com
C00640,A0049,Name640,IT Director,name640@example.com
C00641,A0365,Name641,VP IT,name641@example.com
C00642,A0265,Name642,CISO,name642@example.com
C00643,A0220,Name643,IT Director,name643@example.com
C00644,A0336,Name644,VP IT,name644@example.com
C00645,A0475,Name645,CISO,name645@example.com
C00646,A0467,Name646,IT Director,name646@example.com
C00647,A0266,Name647,VP IT,name647@example.com
C00648,A0057,Name648,CISO,name648@example.com
C00649,A0253,Name649,IT Director,name649@example.com
C00650,A0372,Name650,VP IT,name650@example.com
C00651,A0226,Name651,CISO,name651@example.com
C00652,A0239,Name652,IT Director,name652@example.com
C00653,A0259,Name653,VP IT,name653@example.com
C00654,A0253,Name654,CISO,name654@example.com
C00655,A0137,Name655,IT Director,name655@example.com
C00656,A0120,Name656,VP IT,name656@example.com
C00657,A0028,Name657,CISO,name657@example.com
C00658,A0073,Name658,IT Director,name658@example.com
C00659,A0335,Name659,VP IT,name659@example.com
C00660,A0432,Name660,CISO,name660@example.com
C00661,A0297,Name661,IT Director,name661@example.com
C00662,A0091,Name662,VP IT,name662@example.com
C00663,A0431,Name663,CISO,name663@example.com
C00664,A0256,Name664,IT Director,name664@example.com
C00665,A0500,Name665,VP IT,name665@example.com
C00666,A0223,Name666,CISO,name666@example.com
C00667,A0075,Name667,IT Director,name667@example.com
C00668,A0340,Name668,VP IT,name668@example.com
C00669,A0490,Name669,CISO,name669@example.com
C00670,A0285,Name670,IT Director,name670@example.com
C00671,A0336,Name671,VP IT,name671@example.com
C00672,A0263,Name672,CISO,name672@example.com
C00673,A0175,Name673,IT Director,name673@example.com
C00674,A0480,Name674,VP IT,name674@example.com
C00675,A0282,Name675,CISO,name675@example.com
C00676,A0131,Name676,IT Director,name676@example.com
C00677,A0096,Name677,VP IT,name677@example.com
C00678,A0450,Name678,CISO,name678@example.com
C00679,A0114,Name679,IT Director,name679@example.com
C00680,A0347,Name680,VP IT,name680@example.com
C00681,A0487,Name681,CISO,name681@example.com
C00682,A0114,Name682,IT Director,name682@example.com
C00683,A0067,Name683,VP IT,name683@example.com
C00684,A0014,Name684,CISO,name684@example.com
C00685,A0205,Name685,IT Director,name685@example.com
C00686,A0468,Name686,VP IT,name686@example.com
C00687,A0257,Name687,CISO,name687@example.com
C00688,A0311,Name688,IT Director,name688@example.com
C00689,A0291,Name689,VP IT,name689@example.com
C00690,A0450,Name690,CISO,name690@example.com
C00691,A0291,Name691,IT Director,name691@example.com
C00692,A0500,Name692,VP IT,name692@example.com
C00693,A0334,Name693,CISO,name693@example.com
C00694,A0420,Name694,IT Director,name694@example.com
C00695,A0221,Name695,VP IT,name695@example.com
C00696,A0449,Name696,CISO,name696@example.com
C00697,A0033,Name697,IT Director,name697@example.com
C00698,A0326,Name698,VP IT,name698@example.com
C00699,A0362,Name699,CISO,name699@example.com
C00700,A0428,Name700,IT Director,name700@example.com
C00701,A0405,Name701,VP IT,name701@example.com
C00702,A0406,Name702,CISO,name702@example.com
C00703,A0432,Name703,IT Director,name703@example.com
C00704,A0072,Name704,VP IT,name704@example.com
C00705,A0121,Name705,CISO,name705@example.com
C00706,A0100,Name706,IT Director,name706@example.com
C00707,A0247,Name707,VP IT,name707@example.com
C00708,A0339,Name708,CISO,name708@example.com
C00709,A0007,Name709,IT Director,name709@example.com
C00710,A0473,Name710,VP IT,name710@example.com
C00711,A0208,Name711,CISO,name711@example.com
C00712,A0427,Name712,IT Director,name712@example.com
C00713,A0402,Name713,VP IT,name713@example.com
C00714,A0397,Name714,CISO,name714@example.com
C00715,A0306,Name715,IT Director,name715@example.com
C00716,A0372,Name716,VP IT,name716@example.com
C00717,A0064,Name717,CISO,name717@example.com
C00718,A0092,Name718,IT Director,name718@example.com
C00719,A0219,Name719,VP IT,name719@example.com
C00720,A0441,Name720,CISO,name720@example.com
C00721,A0235,Name721,IT Director,name721@example.com
C00722,A0219,Name722,VP IT,name722@example.com
C00723,A0176,Name723,CISO,name723@example.com
C00724,A0175,Name724,IT Director,name724@example.com
C00725,A0211,Name725,VP IT,name725@example.com
C00726,A0103,Name726,CISO,name726@example.com
C00727,A0235,Name727,IT Director,name727@example.com
C00728,A0268,Name728,VP IT,name728@example.com
C00729,A0352,Name729,CISO,name729@example.com
C00730,A0075,Name730,IT Director,name730@example.com
C00731,A0447,Name731,VP IT,name731@example.com
C00732,A0348,Name732,CISO,name732@example.com
C00733,A0499,Name733,IT Director,name733@example.com
C00734,A0014,Name734,VP IT,name734@example.com
C00735,A0219,Name735,CISO,name735@example.com
C00736,A0029,Name736,IT Director,name736@example.com
C00737,A0372,Name737,VP IT,name737@example.com
C00738,A0173,Name738,CISO,name738@example.com
C00739,A0237,Name739,IT Director,name739@example.com
C00740,A0075,Name740,VP IT,name740@example.com
C00741,A0497,Name741,CISO,name741@example.com
C00742,A0108,Name742,IT Director,name742@example.com
C00743,A0363,Name743,VP IT,name743@example.com
C00744,A0348,Name744,CISO,name744@example.com
C00745,A0068,Name745,IT Director,name745@example.com
C00746,A0104,Name746,VP IT,name746@example.com
C00747,A0195,Name747,CISO,name747@example.com
C00748,A0278,Name748,IT Director,name748@example.com
C00749,A0345,Name749,VP IT,name749@example.com
C00750,A0152,Name750,CISO,name750@example.com
C00751,A0418,Name751,IT Director,name751@example.com
C00752,A0289,Name752,VP IT,name752@example.com
C00753,A0136,Name753,CISO,name753@example.com
C00754,A0234,Name754,IT Director,name754@example.com
C00755,A0324,Name755,VP IT,name755@example.com
C00756,A0040,Name756,CISO,name756@example.com
C00757,A0140,Name757,IT Director,name757@example.com
C00758,A0232,Name758,VP IT,name758@example.com
C00759,A0390,Name759,CISO,name759@example.com
C00760,A0046,Name760,IT Director,name760@example.com
C00761,A0291,Name761,VP IT,name761@example.com
C00762,A0029,Name762,CISO,name762@example.com
C00763,A0003,Name763,IT Director,name763@example.com
C00764,A0314,Name764,VP IT,name764@example.com
C00765,A0213,Name765,CISO,name765@example.com
C00766,A0201,Name766,IT Director,name766@example.com
C00767,A0443,Name767,VP IT,name767@example.com
C00768,A0496,Name768,CISO,name768@example.com
C00769,A0192,Name769,IT Director,name769@example.com
C00770,A0394,Name770,VP IT,name770@example.com
C00771,A0215,Name771,CISO,name771@example.com
C00772,A0065,Name772,IT Director,name772@example.com
C00773,A0170,Name773,VP IT,name773@example.com
C00774,A0402,Name774,CISO,name774@example.com
C00775,A0082,Name775,IT Director,name775@example.com
C00776,A0092,Name776,VP IT,name776@example.com
C00777,A0206,Name777,CISO,name777@example.com
C00778,A0318,Name778,IT Director,name778@example.com
C00779,A0422,Name779,VP IT,name779@example.com
C00780,A0178,Name780,CISO,name780@example.com
C00781,A0084,Name781,IT Director,name781@example.com
C00782,A0241,Name782,VP IT,name782@example.com
C00783,A0039,Name783,CISO,name783@example.com
C00784,A0075,Name784,IT Director,name784@example.com
C00785,A0377,Name785,VP IT,name785@example.com
C00786,A0111,Name786,CISO,name786@example.com
C00787,A0351,Name787,IT Director,name787@example.com
C00788,A0473,Name788,VP IT,name788@example.com
C00789,A0032,Name789,CISO,name789@example.com
C00790,A0021,Name790,IT Director,name790@example.com
C00791,A0350,Name791,VP IT,name791@example.com
C00792,A0451,Name792,CISO,name792@example.com
C00793,A0036,Name793,IT Director,name793@example.com
C00794,A0451,Name794,VP IT,name794@example.com
C00795,A0131,Name795,CISO,name795@example.com
C00796,A0153,Name796,IT Director,name796@example.com
C00797,A0421,Name797,VP IT,name797@example.com
C00798,A0013,Name798,CISO,name798@example.com
C00799,A0174,Name799,IT Director,name799@example.com
C00800,A0377,Name800,VP IT,name800@example.com
C00801,A0344,Name801,CISO,name801@example.com
C00802,A0247,Name802,IT Director,name802@example.com
C00803,A0089,Name803,VP IT,name803@example.com
C00804,A0441,Name804,CISO,name804@example.com
C00805,A0330,Name805,IT Director,name805@example.com
C00806,A0057,Name806,VP IT,name806@example.com
C00807,A0408,Name807,CISO,name807@example.com
C00808,A0282,Name808,IT Director,name808@example.com
C00809,A0231,Name809,VP IT,name809@example.com
C00810,A0316,Name810,CISO,name810@example.com
C00811,A0419,Name811,IT Director,name811@example.com
C00812,A0062,Name812,VP IT,name812@example.com
C00813,A0374,Name813,CISO,name813@example.com
C00814,A0383,Name814,IT Director,name814@example.com
C00815,A0150,Name815,VP IT,name815@example.com
C00816,A0350,Name816,CISO,name816@example.com
C00817,A0379,Name817,IT Director,name817@example.com
C00818,A0458,Name818,VP IT,name818@example.com
C00819,A0333,Name819,CISO,name819@example.com
C00820,A0251,Name820,IT Director,name820@example.com
C00821,A0487,Name821,VP IT,name821@example.com
C00822,A0058,Name822,CISO,name822@example.com
C00823,A0437,Name823,IT Director,name823@example.com
C00824,A0408,Name824,VP IT,name824@example.com
C00825,A0021,Name825,CISO,name825@example.com
C00826,A0024,Name826,IT Director,name826@example.com
C00827,A0293,Name827,VP IT,name827@example.com
C00828,A0360,Name828,CISO,name828@example.com
C00829,A0181,Name829,IT Director,name829@example.com
C00830,A0253,Name830,VP IT,name830@example.com
C00831,A0485,Name831,CISO,name831@example.com
C00832,A0145,Name832,IT Director,name832@example.com
C00833,A0273,Name833,VP IT,name833@example.com
C00834,A0300,Name834,CISO,name834@example.com
C00835,A0280,Name835,IT Director,name835@example.com
C00836,A0105,Name836,VP IT,name836@example.com
C00837,A0059,Name837,CISO,name837@example.com
C00838,A0102,Name838,IT Director,name838@example.com
C00839,A0145,Name839,VP IT,name839@example.com
C00840,A0030,Name840,CISO,name840@example.com
C00841,A0344,Name841,IT Director,name841@example.com
C00842,A0037,Name842,VP IT,name842@example.com
C00843,A0453,Name843,CISO,name843@example.com
C00844,A0352,Name844,IT Director,name844@example.com
C00845,A0140,Name845,VP IT,name845@example.com
C00846,A0308,Name846,CISO,name846@example.com
C00847,A0448,Name847,IT Director,name847@example.com
C00848,A0400,Name848,VP IT,name848@example.com
C00849,A0476,Name849,CISO,name849@example.com
C00850,A0195,Name850,IT Director,name850@example.com
C00851,A0447,Name851,VP IT,name851@example.com
C00852,A0269,Name852,CISO,name852@example.com
C00853,A0493,Name853,IT Director,name853@example.com
C00854,A0493,Name854,VP IT,name854@example.com
C00855,A0196,Name855,CISO,name855@example.com
C00856,A0197,Name856,IT Director,name856@example.com
C00857,A0209,Name857,VP IT,name857@example.com
C00858,A0274,Name858,CISO,name858@example.com
C00859,A0043,Name859,IT Director,name859@example.com
C00860,A0446,Name860,VP IT,name860@example.com
C00861,A0450,Name861,CISO,name861@example.com
C00862,A0098,Name862,IT Director,name862@example.com
C00863,A0403,Name863,VP IT,name863@example.com
C00864,A0275,Name864,CISO,name864@example.com
C00865,A0492,Name865,IT Director,name865@example.com
C00866,A0078,Name866,VP IT,name866@example.com
C00867,A0165,Name867,CISO,name867@example.com
C00868,A0157,Name868,IT Director,name868@example.com
C00869,A0176,Name869,VP IT,name869@example.com
C00870,A0438,Name870,CISO,name870@example.com
C00871,A0064,Name871,IT Director,name871@example.com
C00872,A0063,Name872,VP IT,name872@example.com
C00873,A0024,Name873,CISO,name873@example.com
C00874,A0221,Name874,IT Director,name874@example.com
C00875,A0404,Name875,VP IT,name875@example.com
C00876,A0353,Name876,CISO,name876@example.com
C00877,A0441,Name877,IT Director,name877@example.com
C00878,A0297,Name878,VP IT,name878@example.com
C00879,A0058,Name879,CISO,name879@example.com
C00880,A0313,Name880,IT Director,name880@example.com
C00881,A0471,Name881,VP IT,name881@example.com
C00882,A0329,Name882,CISO,name882@example.com
C00883,A0442,Name883,IT Director,name883@example.com
C00884,A0351,Name884,VP IT,name884@example.com
C00885,A0015,Name885,CISO,name885@example.com
C00886,A0077,Name886,IT Director,name886@example.com
C00887,A0371,Name887,VP IT,name887@example.com
C00888,A0192,Name888,CISO,name888@example.com
C00889,A0019,Name889,IT Director,name889@example.com
C00890,A0454,Name890,VP IT,name890@example.com
C00891,A0037,Name891,CISO,name891@example.com
C00892,A0113,Name892,IT Director,name892@example.com
C00893,A0058,Name893,VP IT,name893@example.com
C00894,A0495,Name894,CISO,name894@example.com
C00895,A0033,Name895,IT Director,name895@example.com
C00896,A0419,Name896,VP IT,name896@example.com
C00897,A0376,Name897,CISO,name897@example.com
C00898,A0126,Name898,IT Director,name898@example.com
C00899,A0152,Name899,VP IT,name899@example.com
C00900,A0447,Name900,CISO,name900@example.com
C00901,A0169,Name901,IT Director,name901@example.com
C00902,A0308,Name902,VP IT,name902@example.com
C00903,A0093,Name903,CISO,name903@example.com
C00904,A0033,Name904,IT Director,name904@example.com
C00905,A0099,Name905,VP IT,name905@example.com
C00906,A0371,Name906,CISO,name906@example.com
C00907,A0433,Name907,IT Director,name907@example.com
C00908,A0421,Name908,VP IT,name908@example.com
C00909,A0435,Name909,CISO,name909@example.com
C00910,A0344,Name910,IT Director,name910@example.com
C00911,A0298,Name911,VP IT,name911@example.com
C00912,A0128,Name912,CISO,name912@example.com
C00913,A0011,Name913,IT Director,name913@example.com
C00914,A0028,Name914,VP IT,name914@example.com
C00915,A0182,Name915,CISO,name915@example.com
C00916,A0302,Name916,IT Director,name916@example.com
C00917,A0230,Name917,VP IT,name917@example.com
C00918,A0131,Name918,CISO,name918@example.com
C00919,A0396,Name919,IT Director,name919@example.com
C00920,A0133,Name920,VP IT,name920@example.com
C00921,A0177,Name921,CISO,name921@example.com
C00922,A0452,Name922,IT Director,name922@example.com
C00923,A0311,Name923,VP IT,name923@example.com
C00924,A0107,Name924,CISO,name924@example.com
C00925,A0289,Name925,IT Director,name925@example.com
C00926,A0283,Name926,VP IT,name926@example.com
C00927,A0247,Name927,CISO,name927@example.com
C00928,A0261,Name928,IT Director,name928@example.com
C00929,A0490,Name929,VP IT,name929@example.com
C00930,A0327,Name930,CISO,name930@example.com
C00931,A0485,Name931,IT Director,name931@example.com
C00932,A0413,Name932,VP IT,name932@example.com
C00933,A0214,Name933,CISO,name933@example.com
C00934,A0478,Name934,IT Director,name934@example.com
C00935,A0204,Name935,VP IT,name935@example.com
C00936,A0147,Name936,CISO,name936@example.com
C00937,A0010,Name937,IT Director,name937@example.com
C00938,A0211,Name938,VP IT,name938@example.com
C00939,A0463,Name939,CISO,name939@example.com
C00940,A0289,Name940,IT Director,name940@example.com
C00941,A0194,Name941,VP IT,name941@example.com
C00942,A0420,Name942,CISO,name942@example.com
C00943,A0446,Name943,IT Director,name943@example.com
C00944,A0050,Name944,VP IT,name944@example.com
C00945,A0016,Name945,CISO,name945@example.com
C00946,A0147,Name946,IT Director,name946@example.com
C00947,A0488,Name947,VP IT,name947@example.com
C00948,A0298,Name948,CISO,name948@example.com
C00949,A0099,Name949,IT Director,name949@example.com
C00950,A0135,Name950,VP IT,name950@example.com
C00951,A0457,Name951,CISO,name951@example.com
C00952,A0145,Name952,IT Director,name952@example.com
C00953,A0324,Name953,VP IT,name953@example.com
C00954,A0243,Name954,CISO,name954@example.com
C00955,A0089,Name955,IT Director,name955@example.com
C00956,A0461,Name956,VP IT,name956@example.com
C00957,A0386,Name957,CISO,name957@example.com
C00958,A0289,Name958,IT Director,name958@example.com
C00959,A0269,Name959,VP IT,name959@example.com
C00960,A0284,Name960,CISO,name960@example.com
C00961,A0476,Name961,IT Director,name961@example.com
C00962,A0209,Name962,VP IT,name962@example.com
C00963,A0383,Name963,CISO,name963@example.com
C00964,A0401,Name964,IT Director,name964@example.com
C00965,A0389,Name965,VP IT,name965@example.com
C00966,A0350,Name966,CISO,name966@example.com
C00967,A0408,Name967,IT Director,name967@example.com
C00968,A0096,Name968,VP IT,name968@example.com
C00969,A0273,Name969,CISO,name969@example.com
C00970,A0160,Name970,IT Director,name970@example.com
C00971,A0007,Name971,VP IT,name971@example.com
C00972,A0093,Name972,CISO,name972@example.com
C00973,A0321,Name973,IT Director,name973@example.com
C00974,A0304,Name974,VP IT,name974@example.com
C00975,A0310,Name975,CISO,name975@example.com
C00976,A0379,Name976,IT Director,name976@example.com
C00977,A0272,Name977,VP IT,name977@example.com
C00978,A0015,Name978,CISO,name978@example.com
C00979,A0163,Name979,IT Director,name979@example.com
C00980,A0494,Name980,VP IT,name980@example.com
C00981,A0371,Name981,CISO,name981@example.com
C00982,A0151,Name982,IT Director,name982@example.com
C00983,A0370,Name983,VP IT,name983@example.com
C00984,A0237,Name984,CISO,name984@example.com
C00985,A0324,Name985,IT Director,name985@example.com
C00986,A0139,Name986,VP IT,name986@example.com
C00987,A0462,Name987,CISO,name987@example.com
C00988,A0121,Name988,IT Director,name988@example.com
C00989,A0005,Name989,VP IT,name989@example.com
C00990,A0244,Name990,CISO,name990@example.com
C00991,A0223,Name991,IT Director,name991@example.com
C00992,A0301,Name992,VP IT,name992@example.com
C00993,A0482,Name993,CISO,name993@example.com
C00994,A0004,Name994,IT Director,name994@example.com
C00995,A0490,Name995,VP IT,name995@example.com
C00996,A0436,Name996,CISO,name996@example.com
C00997,A0238,Name997,IT Director,name997@example.com
C00998,A0157,Name998,VP IT,name998@example.com
C00999,A0382,Name999,CISO,name999@example.com
C01000,A0300,Name1000,IT Director,name1000@example.com
C01001,A0012,Name1001,VP IT,name1001@example.com
C01002,A0495,Name1002,CISO,name1002@example.com
C01003,A0235,Name1003,IT Director,name1003@example.com
C01004,A0391,Name1004,VP IT,name1004@example.com
C01005,A0247,Name1005,CISO,name1005@example.com
C01006,A0351,Name1006,IT Director,name1006@example.com
C01007,A0496,Name1007,VP IT,name1007@example.com
C01008,A0062,Name1008,CISO,name1008@example.com
C01009,A0182,Name1009,IT Director,name1009@example.com
C01010,A0432,Name1010,VP IT,name1010@example.com
C01011,A0425,Name1011,CISO,name1011@example.com
C01012,A0193,Name1012,IT Director,name1012@example.com
C01013,A0108,Name1013,VP IT,name1013@example.com
C01014,A0196,Name1014,CISO,name1014@example.com
C01015,A0487,Name1015,IT Director,name1015@example.com
C01016,A0459,Name1016,VP IT,name1016@example.com
C01017,A0311,Name1017,CISO,name1017@example.com
C01018,A0451,Name1018,IT Director,name1018@example.com
C01019,A0182,Name1019,VP IT,name1019@example.com
C01020,A0226,Name1020,CISO,name1020@example.com
C01021,A0439,Name1021,IT Director,name1021@example.com
C01022,A0383,Name1022,VP IT,name1022@example.com
C01023,A0326,Name1023,CISO,name1023@example.com
C01024,A0316,Name1024,IT Director,name1024@example.com
C01025,A0073,Name1025,VP IT,name1025@example.com
C01026,A0469,Name1026,CISO,name1026@example.com
C01027,A0279,Name1027,IT Director,name1027@example.com
C01028,A0279,Name1028,VP IT,name1028@example.com
C01029,A0122,Name1029,CISO,name1029@example.com
C01030,A0211,Name1030,IT Director,name1030@example.com
C01031,A0361,Name1031,VP IT,name1031@example.com
C01032,A0137,Name1032,CISO,name1032@example.com
C01033,A0357,Name1033,IT Director,name1033@example.com
C01034,A0268,Name1034,VP IT,name1034@example.com
C01035,A0181,Name1035,CISO,name1035@example.com
C01036,A0469,Name1036,IT Director,name1036@example.com
C01037,A0474,Name1037,VP IT,name1037@example.com
C01038,A0244,Name1038,CISO,name1038@example.com
C01039,A0368,Name1039,IT Director,name1039@example.com
C01040,A0325,Name1040,VP IT,name1040@example.com
C01041,A0459,Name1041,CISO,name1041@example.com
C01042,A0319,Name1042,IT Director,name1042@example.com
C01043,A0162,Name1043,VP IT,name1043@example.com
C01044,A0079,Name1044,CISO,name1044@example.com
C01045,A0092,Name1045,IT Director,name1045@example.com
C01046,A0281,Name1046,VP IT,name1046@example.com
C01047,A0338,Name1047,CISO,name1047@example.com
C01048,A0186,Name1048,IT Director,name1048@example.com
C01049,A0231,Name1049,VP IT,name1049@example.com
C01050,A0084,Name1050,CISO,name1050@example.com
C01051,A0270,Name1051,IT Director,name1051@example.com
C01052,A0418,Name1052,VP IT,name1052@example.com
C01053,A0440,Name1053,CISO,name1053@example.com
C01054,A0047,Name1054,IT Director,name1054@example.com
C01055,A0268,Name1055,VP IT,name1055@example.com
C01056,A0259,Name1056,CISO,name1056@example.com
C01057,A0440,Name1057,IT Director,name1057@example.com
C01058,A0346,Name1058,VP IT,name1058@example.com
C01059,A0089,Name1059,CISO,name1059@example.com
C01060,A0188,Name1060,IT Director,name1060@example.com
C01061,A0295,Name1061,VP IT,name1061@example.com
C01062,A0282,Name1062,CISO,name1062@example.com
C01063,A0120,Name1063,IT Director,name1063@example.com
C01064,A0400,Name1064,VP IT,name1064@example.com
C01065,A0086,Name1065,CISO,name1065@example.com
C01066,A0129,Name1066,IT Director,name1066@example.com
C01067,A0089,Name1067,VP IT,name1067@example.com
C01068,A0073,Name1068,CISO,name1068@example.com
C01069,A0063,Name1069,IT Director,name1069@example.com
C01070,A0478,Name1070,VP IT,name1070@example.com
C01071,A0303,Name1071,CISO,name1071@example.com
C01072,A0276,Name1072,IT Director,name1072@example.com
C01073,A0487,Name1073,VP IT,name1073@example.com
C01074,A0187,Name1074,CISO,name1074@example.com
C01075,A0397,Name1075,IT Director,name1075@example.com
C01076,A0315,Name1076,VP IT,name1076@example.com
C01077,A0080,Name1077,CISO,name1077@example.com
C01078,A0271,Name1078,IT Director,name1078@example.com
C01079,A0067,Name1079,VP IT,name1079@example.com
C01080,A0096,Name1080,CISO,name1080@example.com
C01081,A0262,Name1081,IT Director,name1081@example.com
C01082,A0340,Name1082,VP IT,name1082@example.com
C01083,A0381,Name1083,CISO,name1083@example.com
C01084,A0420,Name1084,IT Director,name1084@example.com
C01085,A0430,Name1085,VP IT,name1085@example.com
C01086,A0275,Name1086,CISO,name1086@example.com
C01087,A0312,Name1087,IT Director,name1087@example.com
C01088,A0181,Name1088,VP IT,name1088@example.com
C01089,A0443,Name1089,CISO,name1089@example.com
C01090,A0490,Name1090,IT Director,name1090@example.com
C01091,A0106,Name1091,VP IT,name1091@example.com
C01092,A0490,Name1092,CISO,name1092@example.com
C01093,A0112,Name1093,IT Director,name1093@example.com
C01094,A0335,Name1094,VP IT,name1094@example.com
C01095,A0115,Name1095,CISO,name1095@example.com
C01096,A0476,Name1096,IT Director,name1096@example.com
C01097,A0131,Name1097,VP IT,name1097@example.com
C01098,A0029,Name1098,CISO,name1098@example.com
C01099,A0297,Name1099,IT Director,name1099@example.com
C01100,A0126,Name1100,VP IT,name1100@example.com
C01101,A0093,Name1101,CISO,name1101@example.com
C01102,A0205,Name1102,IT Director,name1102@example.com
C01103,A0480,Name1103,VP IT,name1103@example.com
C01104,A0134,Name1104,CISO,name1104@example.com
C01105,A0047,Name1105,IT Director,name1105@example.com
C01106,A0136,Name1106,VP IT,name1106@example.com
C01107,A0287,Name1107,CISO,name1107@example.com
C01108,A0244,Name1108,IT Director,name1108@example.com
C01109,A0405,Name1109,VP IT,name1109@example.com
C01110,A0459,Name1110,CISO,name1110@example.com
C01111,A0156,Name1111,IT Director,name1111@example.com
C01112,A0293,Name1112,VP IT,name1112@example.com
C01113,A0403,Name1113,CISO,name1113@example.com
C01114,A0166,Name1114,IT Director,name1114@example.com
C01115,A0277,Name1115,VP IT,name1115@example.com
C01116,A0326,Name1116,CISO,name1116@example.com
C01117,A0491,Name1117,IT Director,name1117@example.com
C01118,A0318,Name1118,VP IT,name1118@example.com
C01119,A0230,Name1119,CISO,name1119@example.com
C01120,A0201,Name1120,IT Director,name1120@example.com
C01121,A0411,Name1121,VP IT,name1121@example.com
C01122,A0229,Name1122,CISO,name1122@example.com
C01123,A0412,Name1123,IT Director,name1123@example.com
C01124,A0151,Name1124,VP IT,name1124@example.com
C01125,A0469,Name1125,CISO,name1125@example.com
C01126,A0006,Name1126,IT Director,name1126@example.com
C01127,A0185,Name1127,VP IT,name1127@example.com
C01128,A0473,Name1128,CISO,name1128@example.com
C01129,A0079,Name1129,IT Director,name1129@example.com
C01130,A0382,Name1130,VP IT,name1130@example.com
C01131,A0272,Name1131,CISO,name1131@example.com
C01132,A0372,Name1132,IT Director,name1132@example.com
C01133,A0366,Name1133,VP IT,name1133@example.com
C01134,A0280,Name1134,CISO,name1134@example.com
C01135,A0092,Name1135,IT Director,name1135@example.com
C01136,A0069,Name1136,VP IT,name1136@example.com
C01137,A0146,Name1137,CISO,name1137@example.com
C01138,A0373,Name1138,IT Director,name1138@example.com
C01139,A0159,Name1139,VP IT,name1139@example.com
C01140,A0062,Name1140,CISO,name1140@example.com
C01141,A0041,Name1141,IT Director,name1141@example.com
C01142,A0017,Name1142,VP IT,name1142@example.com
C01143,A0029,Name1143,CISO,name1143@example.com
C01144,A0171,Name1144,IT Director,name1144@example.com
C01145,A0311,Name1145,VP IT,name1145@example.com
C01146,A0113,Name1146,CISO,name1146@example.com
C01147,A0284,Name1147,IT Director,name1147@example.com
C01148,A0201,Name1148,VP IT,name1148@example.com
C01149,A0457,Name1149,CISO,name1149@example.com
C01150,A0098,Name1150,IT Director,name1150@example.com
C01151,A0412,Name1151,VP IT,name1151@example.com
C01152,A0441,Name1152,CISO,name1152@example.com
C01153,A0151,Name1153,IT Director,name1153@example.com
C01154,A0221,Name1154,VP IT,name1154@example.com
C01155,A0245,Name1155,CISO,name1155@example.com
C01156,A0262,Name1156,IT Director,name1156@example.com
C01157,A0243,Name1157,VP IT,name1157@example.com
C01158,A0026,Name1158,CISO,name1158@example.com
C01159,A0400,Name1159,IT Director,name1159@example.com
C01160,A0105,Name1160,VP IT,name1160@example.com
C01161,A0144,Name1161,CISO,name1161@example.com
C01162,A0329,Name1162,IT Director,name1162@example.com
C01163,A0074,Name1163,VP IT,name1163@example.com
C01164,A0239,Name1164,CISO,name1164@example.com
C01165,A0428,Name1165,IT Director,name1165@example.com
C01166,A0303,Name1166,VP IT,name1166@example.com
C01167,A0175,Name1167,CISO,name1167@example.com
C01168,A0394,Name1168,IT Director,name1168@example.com
C01169,A0167,Name1169,VP IT,name1169@example.com
C01170,A0191,Name1170,CISO,name1170@example.com
C01171,A0244,Name1171,IT Director,name1171@example.com
C01172,A0138,Name1172,VP IT,name1172@example.com
C01173,A0204,Name1173,CISO,name1173@example.com
C01174,A0396,Name1174,IT Director,name1174@example.com
C01175,A0019,Name1175,VP IT,name1175@example.com
C01176,A0252,Name1176,CISO,name1176@example.com
C01177,A0128,Name1177,IT Director,name1177@example.com
C01178,A0086,Name1178,VP IT,name1178@example.com
C01179,A0290,Name1179,CISO,name1179@example.com
C01180,A0078,Name1180,IT Director,name1180@example.com
C01181,A0196,Name1181,VP IT,name1181@example.com
C01182,A0354,Name1182,CISO,name1182@example.com
C01183,A0037,Name1183,IT Director,name1183@example.com
C01184,A0052,Name1184,VP IT,name1184@example.com
C01185,A0480,Name1185,CISO,name1185@example.com
C01186,A0345,Name1186,IT Director,name1186@example.com
C01187,A0346,Name1187,VP IT,name1187@example.com
C01188,A0113,Name1188,CISO,name1188@example.com
C01189,A0271,Name1189,IT Director,name1189@example.com
C01190,A0294,Name1190,VP IT,name1190@example.com
C01191,A0005,Name1191,CISO,name1191@example.com
C01192,A0063,Name1192,IT Director,name1192@example.com
C01193,A0054,Name1193,VP IT,name1193@example.com
C01194,A0194,Name1194,CISO,name1194@example.com
C01195,A0496,Name1195,IT Director,name1195@example.com
C01196,A0171,Name1196,VP IT,name1196@example.com
C01197,A0050,Name1197,CISO,name1197@example.com
C01198,A0316,Name1198,IT Director,name1198@example.com
C01199,A0496,Name1199,VP IT,name1199@example.com
C01200,A0282,Name1200,CISO,name1200@example.com
C01201,A0414,Name1201,IT Director,name1201@example.com
C01202,A0169,Name1202,VP IT,name1202@example.com
C01203,A0204,Name1203,CISO,name1203@example.com
C01204,A0215,Name1204,IT Director,name1204@example.com
C01205,A0272,Name1205,VP IT,name1205@example.com
C01206,A0277,Name1206,CISO,name1206@example.com
C01207,A0017,Name1207,IT Director,name1207@example.com
C01208,A0225,Name1208,VP IT,name1208@example.com
C01209,A0083,Name1209,CISO,name1209@example.com
C01210,A0120,Name1210,IT Director,name1210@example.com
C01211,A0296,Name1211,VP IT,name1211@example.com
C01212,A0090,Name1212,CISO,name1212@example.com
C01213,A0481,Name1213,IT Director,name1213@example.com
C01214,A0351,Name1214,VP IT,name1214@example.com
C01215,A0420,Name1215,CISO,name1215@example.com
C01216,A0479,Name1216,IT Director,name1216@example.com
C01217,A0024,Name1217,VP IT,name1217@example.com
C01218,A0112,Name1218,CISO,name1218@example.com
C01219,A0452,Name1219,IT Director,name1219@example.com
C01220,A0317,Name1220,VP IT,name1220@example.com
C01221,A0193,Name1221,CISO,name1221@example.com
C01222,A0381,Name1222,IT Director,name1222@example.com
C01223,A0314,Name1223,VP IT,name1223@example.com
C01224,A0138,Name1224,CISO,name1224@example.com
C01225,A0074,Name1225,IT Director,name1225@example.com
C01226,A0343,Name1226,VP IT,name1226@example.com
C01227,A0308,Name1227,CISO,name1227@example.com
C01228,A0201,Name1228,IT Director,name1228@example.com
C01229,A0213,Name1229,VP IT,name1229@example.com
C01230,A0467,Name1230,CISO,name1230@example.com
C01231,A0111,Name1231,IT Director,name1231@example.com
C01232,A0452,Name1232,VP IT,name1232@example.com
C01233,A0275,Name1233,CISO,name1233@example.com
C01234,A0366,Name1234,IT Director,name1234@example.com
C01235,A0047,Name1235,VP IT,name1235@example.com
C01236,A0012,Name1236,CISO,name1236@example.com
C01237,A0149,Name1237,IT Director,name1237@example.com
C01238,A0384,Name1238,VP IT,name1238@example.com
C01239,A0387,Name1239,CISO,name1239@example.com
C01240,A0389,Name1240,IT Director,name1240@example.com
C01241,A0059,Name1241,VP IT,name1241@example.com
C01242,A0393,Name1242,CISO,name1242@example.com
C01243,A0084,Name1243,IT Director,name1243@example.com
C01244,A0191,Name1244,VP IT,name1244@example.com
C01245,A0087,Name1245,CISO,name1245@example.com
C01246,A0390,Name1246,IT Director,name1246@example.com
C01247,A0148,Name1247,VP IT,name1247@example.com
C01248,A0407,Name1248,CISO,name1248@example.com
C01249,A0352,Name1249,IT Director,name1249@example.com
C01250,A0272,Name1250,VP IT,name1250@example.com
C01251,A0187,Name1251,CISO,name1251@example.com
C01252,A0430,Name1252,IT Director,name1252@example.com
C01253,A0301,Name1253,VP IT,name1253@example.com
C01254,A0045,Name1254,CISO,name1254@example.com
C01255,A0454,Name1255,IT Director,name1255@example.com
C01256,A0076,Name1256,VP IT,name1256@example.com
C01257,A0075,Name1257,CISO,name1257@example.com
C01258,A0269,Name1258,IT Director,name1258@example.com
C01259,A0086,Name1259,VP IT,name1259@example.com
C01260,A0397,Name1260,CISO,name1260@example.com
C01261,A0151,Name1261,IT Director,name1261@example.com
C01262,A0024,Name1262,VP IT,name1262@example.com
C01263,A0083,Name1263,CISO,name1263@example.com
C01264,A0234,Name1264,IT Director,name1264@example.com
C01265,A0008,Name1265,VP IT,name1265@example.com
C01266,A0068,Name1266,CISO,name1266@example.com
C01267,A0175,Name1267,IT Director,name1267@example.com
C01268,A0495,Name1268,VP IT,name1268@example.com
C01269,A0205,Name1269,CISO,name1269@example.com
C01270,A0005,Name1270,IT Director,name1270@example.com
C01271,A0298,Name1271,VP IT,name1271@example.com
C01272,A0474,Name1272,CISO,name1272@example.com
C01273,A0498,Name1273,IT Director,name1273@example.com
C01274,A0156,Name1274,VP IT,name1274@example.com
C01275,A0139,Name1275,CISO,name1275@example.com
C01276,A0408,Name1276,IT Director,name1276@example.com
C01277,A0112,Name1277,VP IT,name1277@example.com
C01278,A0292,Name1278,CISO,name1278@example.com
C01279,A0213,Name1279,IT Director,name1279@example.com
C01280,A0356,Name1280,VP IT,name1280@example.com
C01281,A0128,Name1281,CISO,name1281@example.com
C01282,A0209,Name1282,IT Director,name1282@example.com
C01283,A0441,Name1283,VP IT,name1283@example.com
C01284,A0427,Name1284,CISO,name1284@example.com
C01285,A0008,Name1285,IT Director,name1285@example.com
C01286,A0223,Name1286,VP IT,name1286@example.com
C01287,A0239,Name1287,CISO,name1287@example.com
C01288,A0204,Name1288,IT Director,name1288@example.com
C01289,A0205,Name1289,VP IT,name1289@example.com
C01290,A0161,Name1290,CISO,name1290@example.com
C01291,A0199,Name1291,IT Director,name1291@example.com
C01292,A0322,Name1292,VP IT,name1292@example.com
C01293,A0329,Name1293,CISO,name1293@example.com
C01294,A0377,Name1294,IT Director,name1294@example.com
C01295,A0421,Name1295,VP IT,name1295@example.com
C01296,A0449,Name1296,CISO,name1296@example.com
C01297,A0096,Name1297,IT Director,name1297@example.com
C01298,A0002,Name1298,VP IT,name1298@example.com
C01299,A0148,Name1299,CISO,name1299@example.com
C01300,A0367,Name1300,IT Director,name1300@example.com
C01301,A0424,Name1301,VP IT,name1301@example.com
C01302,A0150,Name1302,CISO,name1302@example.com
C01303,A0013,Name1303,IT Director,name1303@example.com
C01304,A0405,Name1304,VP IT,name1304@example.com
C01305,A0184,Name1305,CISO,name1305@example.com
C01306,A0192,Name1306,IT Director,name1306@example.com
C01307,A0058,Name1307,VP IT,name1307@example.com
C01308,A0119,Name1308,CISO,name1308@example.com
C01309,A0232,Name1309,IT Director,name1309@example.com
C01310,A0403,Name1310,VP IT,name1310@example.com
C01311,A0295,Name1311,CISO,name1311@example.com
C01312,A0324,Name1312,IT Director,name1312@example.com
C01313,A0106,Name1313,VP IT,name1313@example.com
C01314,A0053,Name1314,CISO,name1314@example.com
C01315,A0183,Name1315,IT Director,name1315@example.com
C01316,A0291,Name1316,VP IT,name1316@example.com
C01317,A0235,Name1317,CISO,name1317@example.com
C01318,A0077,Name1318,IT Director,name1318@example.com
C01319,A0098,Name1319,VP IT,name1319@example.com
C01320,A0137,Name1320,CISO,name1320@example.com
C01321,A0500,Name1321,IT Director,name1321@example.com
C01322,A0106,Name1322,VP IT,name1322@example.com
C01323,A0027,Name1323,CISO,name1323@example.com
C01324,A0172,Name1324,IT Director,name1324@example.com
C01325,A0454,Name1325,VP IT,name1325@example.com
C01326,A0252,Name1326,CISO,name1326@example.com
C01327,A0248,Name1327,IT Director,name1327@example.com
C01328,A0439,Name1328,VP IT,name1328@example.com
C01329,A0311,Name1329,CISO,name1329@example.com
C01330,A0490,Name1330,IT Director,name1330@example.com
C01331,A0262,Name1331,VP IT,name1331@example.com
C01332,A0283,Name1332,CISO,name1332@example.com
C01333,A0336,Name1333,IT Director,name1333@example.com
C01334,A0274,Name1334,VP IT,name1334@example.com
C01335,A0228,Name1335,CISO,name1335@example.com
C01336,A0350,Name1336,IT Director,name1336@example.com
C01337,A0117,Name1337,VP IT,name1337@example.com
C01338,A0389,Name1338,CISO,name1338@example.com
C01339,A0182,Name1339,IT Director,name1339@example.com
C01340,A0274,Name1340,VP IT,name1340@example.com
C01341,A0134,Name1341,CISO,name1341@example.com
C01342,A0028,Name1342,IT Director,name1342@example.com
C01343,A0196,Name1343,VP IT,name1343@example.com
C01344,A0481,Name1344,CISO,name1344@example.com
C01345,A0490,Name1345,IT Director,name1345@example.com
C01346,A0456,Name1346,VP IT,name1346@example.com
C01347,A0326,Name1347,CISO,name1347@example.com
C01348,A0203,Name1348,IT Director,name1348@example.com
C01349,A0045,Name1349,VP IT,name1349@example.com
C01350,A0322,Name1350,CISO,name1350@example.com
C01351,A0229,Name1351,IT Director,name1351@example.com
C01352,A0483,Name1352,VP IT,name1352@example.com
C01353,A0239,Name1353,CISO,name1353@example.com
C01354,A0338,Name1354,IT Director,name1354@example.com
C01355,A0188,Name1355,VP IT,name1355@example.com
C01356,A0432,Name1356,CISO,name1356@example.com
C01357,A0210,Name1357,IT Director,name1357@example.com
C01358,A0196,Name1358,VP IT,name1358@example.com
C01359,A0413,Name1359,CISO,name1359@example.com
C01360,A0317,Name1360,IT Director,name1360@example.com
C01361,A0055,Name1361,VP IT,name1361@example.com
C01362,A0325,Name1362,CISO,name1362@example.com
C01363,A0032,Name1363,IT Director,name1363@example.com
C01364,A0030,Name1364,VP IT,name1364@example.com
C01365,A0316,Name1365,CISO,name1365@example.com
C01366,A0184,Name1366,IT Director,name1366@example.com
C01367,A0120,Name1367,VP IT,name1367@example.com
C01368,A0230,Name1368,CISO,name1368@example.com
C01369,A0299,Name1369,IT Director,name1369@example.com
C01370,A0074,Name1370,VP IT,name1370@example.com
C01371,A0234,Name1371,CISO,name1371@example.com
C01372,A0361,Name1372,IT Director,name1372@example.com
C01373,A0087,Name1373,VP IT,name1373@example.com
C01374,A0078,Name1374,CISO,name1374@example.com
C01375,A0474,Name1375,IT Director,name1375@example.com
C01376,A0446,Name1376,VP IT,name1376@example.com
C01377,A0247,Name1377,CISO,name1377@example.com
C01378,A0045,Name1378,IT Director,name1378@example.com
C01379,A0315,Name1379,VP IT,name1379@example.com
C01380,A0123,Name1380,CISO,name1380@example.com
C01381,A0002,Name1381,IT Director,name1381@example.com
C01382,A0093,Name1382,VP IT,name1382@example.com
C01383,A0062,Name1383,CISO,name1383@example.com
C01384,A0192,Name1384,IT Director,name1384@example.com
C01385,A0419,Name1385,VP IT,name1385@example.com
C01386,A0129,Name1386,CISO,name1386@example.com
C01387,A0374,Name1387,IT Director,name1387@example.com
C01388,A0317,Name1388,VP IT,name1388@example.com
C01389,A0224,Name1389,CISO,name1389@example.com
C01390,A0232,Name1390,IT Director,name1390@example.com
C01391,A0407,Name1391,VP IT,name1391@example.com
C01392,A0253,Name1392,CISO,name1392@example.com
C01393,A0345,Name1393,IT Director,name1393@example.com
C01394,A0442,Name1394,VP IT,name1394@example.com
C01395,A0396,Name1395,CISO,name1395@example.com
C01396,A0278,Name1396,IT Director,name1396@example.com
C01397,A0477,Name1397,VP IT,name1397@example.com
C01398,A0245,Name1398,CISO,name1398@example.com
C01399,A0106,Name1399,IT Director,name1399@example.com
C01400,A0276,Name1400,VP IT,name1400@example.com
C01401,A0100,Name1401,CISO,name1401@example.com
C01402,A0107,Name1402,IT Director,name1402@example.com
C01403,A0465,Name1403,VP IT,name1403@example.com
C01404,A0155,Name1404,CISO,name1404@example.com
C01405,A0304,Name1405,IT Director,name1405@example.com
C01406,A0378,Name1406,VP IT,name1406@example.com
C01407,A0161,Name1407,CISO,name1407@example.com
C01408,A0049,Name1408,IT Director,name1408@example.com
C01409,A0061,Name1409,VP IT,name1409@example.com
C01410,A0127,Name1410,CISO,name1410@example.com
C01411,A0098,Name1411,IT Director,name1411@example.com
C01412,A0286,Name1412,VP IT,name1412@example.com
C01413,A0478,Name1413,CISO,name1413@example.com
C01414,A0046,Name1414,IT Director,name1414@example.com
C01415,A0497,Name1415,VP IT,name1415@example.com
C01416,A0173,Name1416,CISO,name1416@example.com
C01417,A0097,Name1417,IT Director,name1417@example.com
C01418,A0065,Name1418,VP IT,name1418@example.com
C01419,A0213,Name1419,CISO,name1419@example.com
C01420,A0127,Name1420,IT Director,name1420@example.com
C01421,A0238,Name1421,VP IT,name1421@example.com
C01422,A0147,Name1422,CISO,name1422@example.com
C01423,A0063,Name1423,IT Director,name1423@example.com
C01424,A0114,Name1424,VP IT,name1424@example.com
C01425,A0437,Name1425,CISO,name1425@example.com
C01426,A0237,Name1426,IT Director,name1426@example.com
C01427,A0032,Name1427,VP IT,name1427@example.com
C01428,A0241,Name1428,CISO,name1428@example.com
C01429,A0471,Name1429,IT Director,name1429@example.com
C01430,A0443,Name1430,VP IT,name1430@example.com
C01431,A0185,Name1431,CISO,name1431@example.com
C01432,A0358,Name1432,IT Director,name1432@example.com
C01433,A0094,Name1433,VP IT,name1433@example.com
C01434,A0449,Name1434,CISO,name1434@example.com
C01435,A0462,Name1435,IT Director,name1435@example.com
C01436,A0216,Name1436,VP IT,name1436@example.com
C01437,A0403,Name1437,CISO,name1437@example.com
C01438,A0180,Name1438,IT Director,name1438@example.com
C01439,A0030,Name1439,VP IT,name1439@example.com
C01440,A0165,Name1440,CISO,name1440@example.com
C01441,A0258,Name1441,IT Director,name1441@example.com
C01442,A0129,Name1442,VP IT,name1442@example.com
C01443,A0452,Name1443,CISO,name1443@example.com
C01444,A0239,Name1444,IT Director,name1444@example.com
C01445,A0018,Name1445,VP IT,name1445@example.com
C01446,A0092,Name1446,CISO,name1446@example.com
C01447,A0320,Name1447,IT Director,name1447@example.com
C01448,A0328,Name1448,VP IT,name1448@example.com
C01449,A0330,Name1449,CISO,name1449@example.com
C01450,A0152,Name1450,IT Director,name1450@example.com
C01451,A0165,Name1451,VP IT,name1451@example.com
C01452,A0404,Name1452,CISO,name1452@example.com
C01453,A0120,Name1453,IT Director,name1453@example.com
C01454,A0267,Name1454,VP IT,name1454@example.com
C01455,A0018,Name1455,CISO,name1455@example.com
C01456,A0409,Name1456,IT Director,name1456@example.com
C01457,A0349,Name1457,VP IT,name1457@example.com
C01458,A0159,Name1458,CISO,name1458@example.com
C01459,A0212,Name1459,IT Director,name1459@example.com
C01460,A0314,Name1460,VP IT,name1460@example.com
C01461,A0038,Name1461,CISO,name1461@example.com
C01462,A0361,Name1462,IT Director,name1462@example.com
C01463,A0142,Name1463,VP IT,name1463@example.com
C01464,A0285,Name1464,CISO,name1464@example.com
C01465,A0123,Name1465,IT Director,name1465@example.com
C01466,A0358,Name1466,VP IT,name1466@example.com
C01467,A0459,Name1467,CISO,name1467@example.com
C01468,A0193,Name1468,IT Director,name1468@example.com
C01469,A0283,Name1469,VP IT,name1469@example.com
C01470,A0202,Name1470,CISO,name1470@example.com
C01471,A0358,Name1471,IT Director,name1471@example.com
C01472,A0043,Name1472,VP IT,name1472@example.com
C01473,A0269,Name1473,CISO,name1473@example.com
C01474,A0083,Name1474,IT Director,name1474@example.com
C01475,A0463,Name1475,VP IT,name1475@example.com
C01476,A0133,Name1476,CISO,name1476@example.com
C01477,A0328,Name1477,IT Director,name1477@example.com
C01478,A0375,Name1478,VP IT,name1478@example.com
C01479,A0421,Name1479,CISO,name1479@example.com
C01480,A0054,Name1480,IT Director,name1480@example.com
C01481,A0194,Name1481,VP IT,name1481@example.com
C01482,A0122,Name1482,CISO,name1482@example.com
C01483,A0077,Name1483,IT Director,name1483@example.com
C01484,A0043,Name1484,VP IT,name1484@example.com
C01485,A0147,Name1485,CISO,name1485@example.com
C01486,A0188,Name1486,IT Director,name1486@example.com
C01487,A0391,Name1487,VP IT,name1487@example.com
C01488,A0308,Name1488,CISO,name1488@example.com
C01489,A0303,Name1489,IT Director,name1489@example.com
C01490,A0190,Name1490,VP IT,name1490@example.com
C01491,A0241,Name1491,CISO,name1491@example.com
C01492,A0377,Name1492,IT Director,name1492@example.com
C01493,A0181,Name1493,VP IT,name1493@example.com
C01494,A0222,Name1494,CISO,name1494@example.com
C01495,A0393,Name1495,IT Director,name1495@example.com
C01496,A0191,Name1496,VP IT,name1496@example.com
C01497,A0041,Name1497,CISO,name1497@example.com
C01498,A0301,Name1498,IT Director,name1498@example.com
C01499,A0139,Name1499,VP IT,name1499@example.com
C01500,A0236,Name1500,CISO,name1500@example.com
C01501,A0160,Name1501,IT Director,name1501@example.com
C01502,A0203,Name1502,VP IT,name1502@example.com
C01503,A0012,Name1503,CISO,name1503@example.com
C01504,A0490,Name1504,IT Director,name1504@example.com
C01505,A0277,Name1505,VP IT,name1505@example.com
C01506,A0134,Name1506,CISO,name1506@example.com
C01507,A0338,Name1507,IT Director,name1507@example.com
C01508,A0163,Name1508,VP IT,name1508@example.com
C01509,A0220,Name1509,CISO,name1509@example.com
C01510,A0495,Name1510,IT Director,name1510@example.com
C01511,A0430,Name1511,VP IT,name1511@example.com
C01512,A0438,Name1512,CISO,name1512@example.com
C01513,A0236,Name1513,IT Director,name1513@example.com
C01514,A0396,Name1514,VP IT,name1514@example.com
C01515,A0147,Name1515,CISO,name1515@example.com
C01516,A0149,Name1516,IT Director,name1516@example.com
C01517,A0169,Name1517,VP IT,name1517@example.com
C01518,A0053,Name1518,CISO,name1518@example.com
C01519,A0478,Name1519,IT Director,name1519@example.com
C01520,A0201,Name1520,VP IT,name1520@example.com
C01521,A0206,Name1521,CISO,name1521@example.com
C01522,A0133,Name1522,IT Director,name1522@example.com
C01523,A0253,Name1523,VP IT,name1523@example.com
C01524,A0008,Name1524,CISO,name1524@example.com
C01525,A0359,Name1525,IT Director,name1525@example.com
C01526,A0215,Name1526,VP IT,name1526@example.com
C01527,A0416,Name1527,CISO,name1527@example.com
C01528,A0373,Name1528,IT Director,name1528@example.com
C01529,A0341,Name1529,VP IT,name1529@example.com
C01530,A0237,Name1530,CISO,name1530@example.com
C01531,A0202,Name1531,IT Director,name1531@example.com
C01532,A0460,Name1532,VP IT,name1532@example.com
C01533,A0123,Name1533,CISO,name1533@example.com
C01534,A0202,Name1534,IT Director,name1534@example.com
C01535,A0144,Name1535,VP IT,name1535@example.com
C01536,A0408,Name1536,CISO,name1536@example.com
C01537,A0030,Name1537,IT Director,name1537@example.com
C01538,A0384,Name1538,VP IT,name1538@example.com
C01539,A0194,Name1539,CISO,name1539@example.com
C01540,A0026,Name1540,IT Director,name1540@example.com
C01541,A0038,Name1541,VP IT,name1541@example.com
C01542,A0257,Name1542,CISO,name1542@example.com
C01543,A0481,Name1543,IT Director,name1543@example.com
C01544,A0253,Name1544,VP IT,name1544@example.com
C01545,A0173,Name1545,CISO,name1545@example.com
C01546,A0444,Name1546,IT Director,name1546@example.com
C01547,A0487,Name1547,VP IT,name1547@example.com
C01548,A0295,Name1548,CISO,name1548@example.com
C01549,A0114,Name1549,IT Director,name1549@example.com
C01550,A0391,Name1550,VP IT,name1550@example.com
C01551,A0227,Name1551,CISO,name1551@example.com
C01552,A0005,Name1552,IT Director,name1552@example.com
C01553,A0081,Name1553,VP IT,name1553@example.com
C01554,A0347,Name1554,CISO,name1554@example.com
C01555,A0391,Name1555,IT Director,name1555@example.com
C01556,A0237,Name1556,VP IT,name1556@example.com
C01557,A0350,Name1557,CISO,name1557@example.com
C01558,A0023,Name1558,IT Director,name1558@example.com
C01559,A0115,Name1559,VP IT,name1559@example.com
C01560,A0057,Name1560,CISO,name1560@example.com
C01561,A0450,Name1561,IT Director,name1561@example.com
C01562,A0186,Name1562,VP IT,name1562@example.com
C01563,A0378,Name1563,CISO,name1563@example.com
C01564,A0423,Name1564,IT Director,name1564@example.com
C01565,A0183,Name1565,VP IT,name1565@example.com
C01566,A0356,Name1566,CISO,name1566@example.com
C01567,A0344,Name1567,IT Director,name1567@example.com
C01568,A0223,Name1568,VP IT,name1568@example.com
C01569,A0322,Name1569,CISO,name1569@example.com
C01570,A0248,Name1570,IT Director,name1570@example.com
C01571,A0237,Name1571,VP IT,name1571@example.com
C01572,A0133,Name1572,CISO,name1572@example.com
C01573,A0410,Name1573,IT Director,name1573@example.com
C01574,A0105,Name1574,VP IT,name1574@example.com
C01575,A0077,Name1575,CISO,name1575@example.com
C01576,A0173,Name1576,IT Director,name1576@example.com
C01577,A0413,Name1577,VP IT,name1577@example.com
C01578,A0492,Name1578,CISO,name1578@example.com
C01579,A0311,Name1579,IT Director,name1579@example.com
C01580,A0212,Name1580,VP IT,name1580@example.com
C01581,A0350,Name1581,CISO,name1581@example.com
C01582,A0204,Name1582,IT Director,name1582@example.com
C01583,A0209,Name1583,VP IT,name1583@example.com
C01584,A0081,Name1584,CISO,name1584@example.com
C01585,A0370,Name1585,IT Director,name1585@example.com
C01586,A0495,Name1586,VP IT,name1586@example.com
C01587,A0103,Name1587,CISO,name1587@example.com
C01588,A0207,Name1588,IT Director,name1588@example.com
C01589,A0447,Name1589,VP IT,name1589@example.com
C01590,A0234,Name1590,CISO,name1590@example.com
C01591,A0490,Name1591,IT Director,name1591@example.com
C01592,A0015,Name1592,VP IT,name1592@example.com
C01593,A0474,Name1593,CISO,name1593@example.com
C01594,A0207,Name1594,IT Director,name1594@example.com
C01595,A0092,Name1595,VP IT,name1595@example.com
C01596,A0455,Name1596,CISO,name1596@example.com
C01597,A0445,Name1597,IT Director,name1597@example.com
C01598,A0318,Name1598,VP IT,name1598@example.com
C01599,A0356,Name1599,CISO,name1599@example.com
C01600,A0260,Name1600,IT Director,name1600@example.com
C01601,A0176,Name1601,VP IT,name1601@example.com
C01602,A0261,Name1602,CISO,name1602@example.com
C01603,A0353,Name1603,IT Director,name1603@example.com
C01604,A0144,Name1604,VP IT,name1604@example.com
C01605,A0371,Name1605,CISO,name1605@example.com
C01606,A0137,Name1606,IT Director,name1606@example.com
C01607,A0281,Name1607,VP IT,name1607@example.com
C01608,A0243,Name1608,CISO,name1608@example.com
C01609,A0425,Name1609,IT Director,name1609@example.com
C01610,A0359,Name1610,VP IT,name1610@example.com
C01611,A0469,Name1611,CISO,name1611@example.com
C01612,A0435,Name1612,IT Director,name1612@example.com
C01613,A0056,Name1613,VP IT,name1613@example.com
C01614,A0498,Name1614,CISO,name1614@example.com
C01615,A0422,Name1615,IT Director,name1615@example.com
C01616,A0313,Name1616,VP IT,name1616@example.com
C01617,A0362,Name1617,CISO,name1617@example.com
C01618,A0040,Name1618,IT Director,name1618@example.com
C01619,A0095,Name1619,VP IT,name1619@example.com
C01620,A0429,Name1620,CISO,name1620@example.com
C01621,A0178,Name1621,IT Director,name1621@example.com
C01622,A0031,Name1622,VP IT,name1622@example.com
C01623,A0340,Name1623,CISO,name1623@example.com
C01624,A0097,Name1624,IT Director,name1624@example.com
C01625,A0181,Name1625,VP IT,name1625@example.com
C01626,A0261,Name1626,CISO,name1626@example.com
C01627,A0023,Name1627,IT Director,name1627@example.com
C01628,A0157,Name1628,VP IT,name1628@example.com
C01629,A0416,Name1629,CISO,name1629@example.com
C01630,A0495,Name1630,IT Director,name1630@example.com
C01631,A0071,Name1631,VP IT,name1631@example.com
C01632,A0048,Name1632,CISO,name1632@example.com
C01633,A0328,Name1633,IT Director,name1633@example.com
C01634,A0377,Name1634,VP IT,name1634@example.com
C01635,A0283,Name1635,CISO,name1635@example.com
C01636,A0153,Name1636,IT Director,name1636@example.com
C01637,A0078,Name1637,VP IT,name1637@example.com
C01638,A0431,Name1638,CISO,name1638@example.com
C01639,A0139,Name1639,IT Director,name1639@example.com
C01640,A0039,Name1640,VP IT,name1640@example.com
C01641,A0401,Name1641,CISO,name1641@example.com
C01642,A0278,Name1642,IT Director,name1642@example.com
C01643,A0379,Name1643,VP IT,name1643@example.com
C01644,A0096,Name1644,CISO,name1644@example.com
C01645,A0443,Name1645,IT Director,name1645@example.com
C01646,A0491,Name1646,VP IT,name1646@example.com
C01647,A0088,Name1647,CISO,name1647@example.com
C01648,A0412,Name1648,IT Director,name1648@example.com
C01649,A0245,Name1649,VP IT,name1649@example.com
C01650,A0111,Name1650,CISO,name1650@example.com
C01651,A0245,Name1651,IT Director,name1651@example.com
C01652,A0239,Name1652,VP IT,name1652@example.com
C01653,A0097,Name1653,CISO,name1653@example.com
C01654,A0042,Name1654,IT Director,name1654@example.com
C01655,A0246,Name1655,VP IT,name1655@example.com
C01656,A0119,Name1656,CISO,name1656@example.com
C01657,A0263,Name1657,IT Director,name1657@example.com
C01658,A0036,Name1658,VP IT,name1658@example.com
C01659,A0215,Name1659,CISO,name1659@example.com
C01660,A0282,Name1660,IT Director,name1660@example.com
C01661,A0163,Name1661,VP IT,name1661@example.com
C01662,A0475,Name1662,CISO,name1662@example.com
C01663,A0188,Name1663,IT Director,name1663@example.com
C01664,A0116,Name1664,VP IT,name1664@example.com
C01665,A0282,Name1665,CISO,name1665@example.com
C01666,A0188,Name1666,IT Director,name1666@example.com
C01667,A0365,Name1667,VP IT,name1667@example.com
C01668,A0098,Name1668,CISO,name1668@example.com
C01669,A0499,Name1669,IT Director,name1669@example.com
C01670,A0052,Name1670,VP IT,name1670@example.com
C01671,A0256,Name1671,CISO,name1671@example.com
C01672,A0014,Name1672,IT Director,name1672@example.com
C01673,A0333,Name1673,VP IT,name1673@example.com
C01674,A0153,Name1674,CISO,name1674@example.com
C01675,A0474,Name1675,IT Director,name1675@example.com
C01676,A0355,Name1676,VP IT,name1676@example.com
C01677,A0075,Name1677,CISO,name1677@example.com
C01678,A0244,Name1678,IT Director,name1678@example.com
C01679,A0457,Name1679,VP IT,name1679@example.com
C01680,A0211,Name1680,CISO,name1680@example.com
C01681,A0129,Name1681,IT Director,name1681@example.com
C01682,A0193,Name1682,VP IT,name1682@example.com
C01683,A0050,Name1683,CISO,name1683@example.com
C01684,A0013,Name1684,IT Director,name1684@example.com
C01685,A0496,Name1685,VP IT,name1685@example.com
C01686,A0122,Name1686,CISO,name1686@example.com
C01687,A0096,Name1687,IT Director,name1687@example.com
C01688,A0325,Name1688,VP IT,name1688@example.com
C01689,A0184,Name1689,CISO,name1689@example.com
C01690,A0291,Name1690,IT Director,name1690@example.com
C01691,A0171,Name1691,VP IT,name1691@example.com
C01692,A0226,Name1692,CISO,name1692@example.com
C01693,A0399,Name1693,IT Director,name1693@example.com
C01694,A0251,Name1694,VP IT,name1694@example.com
C01695,A0312,Name1695,CISO,name1695@example.com
C01696,A0194,Name1696,IT Director,name1696@example.com
C01697,A0500,Name1697,VP IT,name1697@example.com
C01698,A0332,Name1698,CISO,name1698@example.com
C01699,A0055,Name1699,IT Director,name1699@example.com
C01700,A0178,Name1700,VP IT,name1700@example.com
C01701,A0471,Name1701,CISO,name1701@example.com
C01702,A0204,Name1702,IT Director,name1702@example.com
C01703,A0021,Name1703,VP IT,name1703@example.com
C01704,A0457,Name1704,CISO,name1704@example.com
C01705,A0034,Name1705,IT Director,name1705@example.com
C01706,A0363,Name1706,VP IT,name1706@example.com
C01707,A0313,Name1707,CISO,name1707@example.com
C01708,A0404,Name1708,IT Director,name1708@example.com
C01709,A0310,Name1709,VP IT,name1709@example.com
C01710,A0282,Name1710,CISO,name1710@example.com
C01711,A0262,Name1711,IT Director,name1711@example.com
C01712,A0489,Name1712,VP IT,name1712@example.com
C01713,A0032,Name1713,CISO,name1713@example.com
C01714,A0389,Name1714,IT Director,name1714@example.com
C01715,A0120,Name1715,VP IT,name1715@example.com
C01716,A0210,Name1716,CISO,name1716@example.com
C01717,A0180,Name1717,IT Director,name1717@example.com
C01718,A0227,Name1718,VP IT,name1718@example.com
C01719,A0176,Name1719,CISO,name1719@example.com
C01720,A0367,Name1720,IT Director,name1720@example.com
C01721,A0266,Name1721,VP IT,name1721@example.com
C01722,A0146,Name1722,CISO,name1722@example.com
C01723,A0217,Name1723,IT Director,name1723@example.com
C01724,A0240,Name1724,VP IT,name1724@example.com
C01725,A0398,Name1725,CISO,name1725@example.com
C01726,A0423,Name1726,IT Director,name1726@example.com
C01727,A0006,Name1727,VP IT,name1727@example.com
C01728,A0215,Name1728,CISO,name1728@example.com
C01729,A0079,Name1729,IT Director,name1729@example.com
C01730,A0236,Name1730,VP IT,name1730@example.com
C01731,A0258,Name1731,CISO,name1731@example.com
C01732,A0166,Name1732,IT Director,name1732@example.com
C01733,A0381,Name1733,VP IT,name1733@example.com
C01734,A0001,Name1734,CISO,name1734@example.com
C01735,A0355,Name1735,IT Director,name1735@example.com
C01736,A0322,Name1736,VP IT,name1736@example.com
C01737,A0100,Name1737,CISO,name1737@example.com
C01738,A0184,Name1738,IT Director,name1738@example.com
C01739,A0244,Name1739,VP IT,name1739@example.com
C01740,A0209,Name1740,CISO,name1740@example.com
C01741,A0346,Name1741,IT Director,name1741@example.com
C01742,A0385,Name1742,VP IT,name1742@example.com
C01743,A0040,Name1743,CISO,name1743@example.com
C01744,A0299,Name1744,IT Director,name1744@example.com
C01745,A0209,Name1745,VP IT,name1745@example.com
C01746,A0204,Name1746,CISO,name1746@example.com
C01747,A0089,Name1747,IT Director,name1747@example.com
C01748,A0138,Name1748,VP IT,name1748@example.com
C01749,A0325,Name1749,CISO,name1749@example.com
C01750,A0288,Name1750,IT Director,name1750@example.com
C01751,A0027,Name1751,VP IT,name1751@example.com
C01752,A0229,Name1752,CISO,name1752@example.com
C01753,A0006,Name1753,IT Director,name1753@example.com
C01754,A0256,Name1754,VP IT,name1754@example.com
C01755,A0194,Name1755,CISO,name1755@example.com
C01756,A0297,Name1756,IT Director,name1756@example.com
C01757,A0325,Name1757,VP IT,name1757@example.com
C01758,A0342,Name1758,CISO,name1758@example.com
C01759,A0387,Name1759,IT Director,name1759@example.com
C01760,A0241,Name1760,VP IT,name1760@example.com
C01761,A0495,Name1761,CISO,name1761@example.com
C01762,A0173,Name1762,IT Director,name1762@example.com
C01763,A0354,Name1763,VP IT,name1763@example.com
C01764,A0272,Name1764,CISO,name1764@example.com
C01765,A0457,Name1765,IT Director,name1765@example.com
C01766,A0236,Name1766,VP IT,name1766@example.com
C01767,A0233,Name1767,CISO,name1767@example.com
C01768,A0004,Name1768,IT Director,name1768@example.com
C01769,A0152,Name1769,VP IT,name1769@example.com
C01770,A0061,Name1770,CISO,name1770@example.com
C01771,A0024,Name1771,IT Director,name1771@example.com
C01772,A0427,Name1772,VP IT,name1772@example.com
C01773,A0123,Name1773,CISO,name1773@example.com
C01774,A0162,Name1774,IT Director,name1774@example.com
C01775,A0448,Name1775,VP IT,name1775@example.com
C01776,A0028,Name1776,CISO,name1776@example.com
C01777,A0296,Name1777,IT Director,name1777@example.com
C01778,A0074,Name1778,VP IT,name1778@example.com
C01779,A0067,Name1779,CISO,name1779@example.com
C01780,A0118,Name1780,IT Director,name1780@example.com
C01781,A0482,Name1781,VP IT,name1781@example.com
C01782,A0473,Name1782,CISO,name1782@example.com
C01783,A0333,Name1783,IT Director,name1783@example.com
C01784,A0285,Name1784,VP IT,name1784@example.com
C01785,A0088,Name1785,CISO,name1785@example.com
C01786,A0452,Name1786,IT Director,name1786@example.com
C01787,A0080,Name1787,VP IT,name1787@example.com
C01788,A0459,Name1788,CISO,name1788@example.com
C01789,A0267,Name1789,IT Director,name1789@example.com
C01790,A0157,Name1790,VP IT,name1790@example.com
C01791,A0334,Name1791,CISO,name1791@example.com
C01792,A0267,Name1792,IT Director,name1792@example.com
C01793,A0317,Name1793,VP IT,name1793@example.com
C01794,A0194,Name1794,CISO,name1794@example.com
C01795,A0305,Name1795,IT Director,name1795@example.com
C01796,A0369,Name1796,VP IT,name1796@example.com
C01797,A0077,Name1797,CISO,name1797@example.com
C01798,A0167,Name1798,IT Director,name1798@example.com
C01799,A0047,Name1799,VP IT,name1799@example.com
C01800,A0220,Name1800,CISO,name1800@example.com
C01801,A0298,Name1801,IT Director,name1801@example.com
C01802,A0477,Name1802,VP IT,name1802@example.com
C01803,A0490,Name1803,CISO,name1803@example.com
C01804,A0212,Name1804,IT Director,name1804@example.com
C01805,A0334,Name1805,VP IT,name1805@example.com
C01806,A0412,Name1806,CISO,name1806@example.com
C01807,A0456,Name1807,IT Director,name1807@example.com
C01808,A0148,Name1808,VP IT,name1808@example.com
C01809,A0380,Name1809,CISO,name1809@example.com
C01810,A0033,Name1810,IT Director,name1810@example.com
C01811,A0213,Name1811,VP IT,name1811@example.com
C01812,A0101,Name1812,CISO,name1812@example.com
C01813,A0118,Name1813,IT Director,name1813@example.com
C01814,A0351,Name1814,VP IT,name1814@example.com
C01815,A0259,Name1815,CISO,name1815@example.com
C01816,A0225,Name1816,IT Director,name1816@example.com
C01817,A0263,Name1817,VP IT,name1817@example.com
C01818,A0249,Name1818,CISO,name1818@example.com
C01819,A0460,Name1819,IT Director,name1819@example.com
C01820,A0327,Name1820,VP IT,name1820@example.com
C01821,A0223,Name1821,CISO,name1821@example.com
C01822,A0123,Name1822,IT Director,name1822@example.com
C01823,A0498,Name1823,VP IT,name1823@example.com
C01824,A0387,Name1824,CISO,name1824@example.com
C01825,A0191,Name1825,IT Director,name1825@example.com
C01826,A0118,Name1826,VP IT,name1826@example.com
C01827,A0495,Name1827,CISO,name1827@example.com
C01828,A0232,Name1828,IT Director,name1828@example.com
C01829,A0330,Name1829,VP IT,name1829@example.com
C01830,A0477,Name1830,CISO,name1830@example.com
C01831,A0247,Name1831,IT Director,name1831@example.com
C01832,A0209,Name1832,VP IT,name1832@example.com
C01833,A0478,Name1833,CISO,name1833@example.com
C01834,A0247,Name1834,IT Director,name1834@example.com
C01835,A0229,Name1835,VP IT,name1835@example.com
C01836,A0457,Name1836,CISO,name1836@example.com
C01837,A0126,Name1837,IT Director,name1837@example.com
C01838,A0061,Name1838,VP IT,name1838@example.com
C01839,A0106,Name1839,CISO,name1839@example.com
C01840,A0223,Name1840,IT Director,name1840@example.com
C01841,A0083,Name1841,VP IT,name1841@example.com
C01842,A0300,Name1842,CISO,name1842@example.com
C01843,A0227,Name1843,IT Director,name1843@example.com
C01844,A0297,Name1844,VP IT,name1844@example.com
C01845,A0251,Name1845,CISO,name1845@example.com
C01846,A0451,Name1846,IT Director,name1846@example.com
C01847,A0263,Name1847,VP IT,name1847@example.com
C01848,A0457,Name1848,CISO,name1848@example.com
C01849,A0081,Name1849,IT Director,name1849@example.com
C01850,A0179,Name1850,VP IT,name1850@example.com
C01851,A0055,Name1851,CISO,name1851@example.com
C01852,A0223,Name1852,IT Director,name1852@example.com
C01853,A0079,Name1853,VP IT,name1853@example.com
C01854,A0375,Name1854,CISO,name1854@example.com
C01855,A0385,Name1855,IT Director,name1855@example.com
C01856,A0077,Name1856,VP IT,name1856@example.com
C01857,A0305,Name1857,CISO,name1857@example.com
C01858,A0412,Name1858,IT Director,name1858@example.com
C01859,A0470,Name1859,VP IT,name1859@example.com
C01860,A0252,Name1860,CISO,name1860@example.com
C01861,A0377,Name1861,IT Director,name1861@example.com
C01862,A0443,Name1862,VP IT,name1862@example.com
C01863,A0330,Name1863,CISO,name1863@example.com
C01864,A0364,Name1864,IT Director,name1864@example.com
C01865,A0405,Name1865,VP IT,name1865@example.com
C01866,A0160,Name1866,CISO,name1866@example.com
C01867,A0041,Name1867,IT Director,name1867@example.com
C01868,A0243,Name1868,VP IT,name1868@example.com
C01869,A0414,Name1869,CISO,name1869@example.com
C01870,A0309,Name1870,IT Director,name1870@example.com
C01871,A0340,Name1871,VP IT,name1871@example.com
C01872,A0192,Name1872,CISO,name1872@example.com
C01873,A0029,Name1873,IT Director,name1873@example.com
C01874,A0164,Name1874,VP IT,name1874@example.com
C01875,A0120,Name1875,CISO,name1875@example.com
C01876,A0441,Name1876,IT Director,name1876@example.com
C01877,A0253,Name1877,VP IT,name1877@example.com
C01878,A0181,Name1878,CISO,name1878@example.com
C01879,A0230,Name1879,IT Director,name1879@example.com
C01880,A0128,Name1880,VP IT,name1880@example.com
C01881,A0186,Name1881,CISO,name1881@example.com
C01882,A0192,Name1882,IT Director,name1882@example.com
C01883,A0288,Name1883,VP IT,name1883@example.com
C01884,A0352,Name1884,CISO,name1884@example.com
C01885,A0195,Name1885,IT Director,name1885@example.com
C01886,A0489,Name1886,VP IT,name1886@example.com
C01887,A0456,Name1887,CISO,name1887@example.com
C01888,A0432,Name1888,IT Director,name1888@example.com
C01889,A0483,Name1889,VP IT,name1889@example.com
C01890,A0082,Name1890,CISO,name1890@example.com
C01891,A0381,Name1891,IT Director,name1891@example.com
C01892,A0306,Name1892,VP IT,name1892@example.com
C01893,A0280,Name1893,CISO,name1893@example.com
C01894,A0149,Name1894,IT Director,name1894@example.com
C01895,A0387,Name1895,VP IT,name1895@example.com
C01896,A0397,Name1896,CISO,name1896@example.com
C01897,A0045,Name1897,IT Director,name1897@example.com
C01898,A0217,Name1898,VP IT,name1898@example.com
C01899,A0299,Name1899,CISO,name1899@example.com
C01900,A0146,Name1900,IT Director,name1900@example.com
C01901,A0054,Name1901,VP IT,name1901@example.com
C01902,A0189,Name1902,CISO,name1902@example.com
C01903,A0161,Name1903,IT Director,name1903@example.com
C01904,A0366,Name1904,VP IT,name1904@example.com
C01905,A0085,Name1905,CISO,name1905@example.com
C01906,A0471,Name1906,IT Director,name1906@example.com
C01907,A0404,Name1907,VP IT,name1907@example.com
C01908,A0036,Name1908,CISO,name1908@example.com
C01909,A0420,Name1909,IT Director,name1909@example.com
C01910,A0354,Name1910,VP IT,name1910@example.com
C01911,A0187,Name1911,CISO,name1911@example.com
C01912,A0377,Name1912,IT Director,name1912@example.com
C01913,A0100,Name1913,VP IT,name1913@example.com
C01914,A0303,Name1914,CISO,name1914@example.com
C01915,A0500,Name1915,IT Director,name1915@example.com
C01916,A0494,Name1916,VP IT,name1916@example.com
C01917,A0391,Name1917,CISO,name1917@example.com
C01918,A0361,Name1918,IT Director,name1918@example.com
C01919,A0325,Name1919,VP IT,name1919@example.com
C01920,A0277,Name1920,CISO,name1920@example.com
C01921,A0060,Name1921,IT Director,name1921@example.com
C01922,A0252,Name1922,VP IT,name1922@example.com
C01923,A0183,Name1923,CISO,name1923@example.com
C01924,A0176,Name1924,IT Director,name1924@example.com
C01925,A0343,Name1925,VP IT,name1925@example.com
C01926,A0091,Name1926,CISO,name1926@example.com
C01927,A0213,Name1927,IT Director,name1927@example.com
C01928,A0037,Name1928,VP IT,name1928@example.com
C01929,A0436,Name1929,CISO,name1929@example.com
C01930,A0258,Name1930,IT Director,name1930@example.com
C01931,A0054,Name1931,VP IT,name1931@example.com
C01932,A0112,Name1932,CISO,name1932@example.com
C01933,A0417,Name1933,IT Director,name1933@example.com
C01934,A0136,Name1934,VP IT,name1934@example.com
C01935,A0043,Name1935,CISO,name1935@example.com
C01936,A0399,Name1936,IT Director,name1936@example.com
C01937,A0123,Name1937,VP IT,name1937@example.com
C01938,A0490,Name1938,CISO,name1938@example.com
C01939,A0391,Name1939,IT Director,name1939@example.com
C01940,A0431,Name1940,VP IT,name1940@example.com
C01941,A0487,Name1941,CISO,name1941@example.com
C01942,A0207,Name1942,IT Director,name1942@example.com
C01943,A0057,Name1943,VP IT,name1943@example.com
C01944,A0257,Name1944,CISO,name1944@example.com
C01945,A0457,Name1945,IT Director,name1945@example.com
C01946,A0278,Name1946,VP IT,name1946@example.com
C01947,A0241,Name1947,CISO,name1947@example.com
C01948,A0063,Name1948,IT Director,name1948@example.com
C01949,A0010,Name1949,VP IT,name1949@example.com
C01950,A0426,Name1950,CISO,name1950@example.com
C01951,A0217,Name1951,IT Director,name1951@example.com
C01952,A0222,Name1952,VP IT,name1952@example.com
C01953,A0242,Name1953,CISO,name1953@example.com
C01954,A0247,Name1954,IT Director,name1954@example.com
C01955,A0316,Name1955,VP IT,name1955@example.com
C01956,A0007,Name1956,CISO,name1956@example.com
C01957,A0352,Name1957,IT Director,name1957@example.com
C01958,A0454,Name1958,VP IT,name1958@example.com
C01959,A0395,Name1959,CISO,name1959@example.com
C01960,A0138,Name1960,IT Director,name1960@example.com
C01961,A0253,Name1961,VP IT,name1961@example.com
C01962,A0088,Name1962,CISO,name1962@example.com
C01963,A0272,Name1963,IT Director,name1963@example.com
C01964,A0172,Name1964,VP IT,name1964@example.com
C01965,A0116,Name1965,CISO,name1965@example.com
C01966,A0319,Name1966,IT Director,name1966@example.com
C01967,A0322,Name1967,VP IT,name1967@example.com
C01968,A0056,Name1968,CISO,name1968@example.com
C01969,A0192,Name1969,IT Director,name1969@example.com
C01970,A0391,Name1970,VP IT,name1970@example.com
C01971,A0381,Name1971,CISO,name1971@example.com
C01972,A0033,Name1972,IT Director,name1972@example.com
C01973,A0061,Name1973,VP IT,name1973@example.com
C01974,A0293,Name1974,CISO,name1974@example.com
C01975,A0041,Name1975,IT Director,name1975@example.com
C01976,A0092,Name1976,VP IT,name1976@example.com
C01977,A0142,Name1977,CISO,name1977@example.com
C01978,A0233,Name1978,IT Director,name1978@example.com
C01979,A0016,Name1979,VP IT,name1979@example.com
C01980,A0231,Name1980,CISO,name1980@example.com
C01981,A0235,Name1981,IT Director,name1981@example.com
C01982,A0389,Name1982,VP IT,name1982@example.com
C01983,A0112,Name1983,CISO,name1983@example.com
C01984,A0374,Name1984,IT Director,name1984@example.com
C01985,A0129,Name1985,VP IT,name1985@example.com
C01986,A0381,Name1986,CISO,name1986@example.com
C01987,A0500,Name1987,IT Director,name1987@example.com
C01988,A0090,Name1988,VP IT,name1988@example.com
C01989,A0142,Name1989,CISO,name1989@example.com
C01990,A0490,Name1990,IT Director,name1990@example.com
C01991,A0181,Name1991,VP IT,name1991@example.com
C01992,A0302,Name1992,CISO,name1992@example.com
C01993,A0461,Name1993,IT Director,name1993@example.com
C01994,A0232,Name1994,VP IT,name1994@example.com
C01995,A0100,Name1995,CISO,name1995@example.com
C01996,A0402,Name1996,IT Director,name1996@example.com
C01997,A0223,Name1997,VP IT,name1997@example.com
C01998,A0099,Name1998,CISO,name1998@example.com
C01999,A0215,Name1999,IT Director,name1999@example.com
C02000,A0305,Name2000,VP IT,name2000@example.com
C02001,A0458,Name2001,CISO,name2001@example.com
C02002,A0041,Name2002,IT Director,name2002@example.com
C02003,A0356,Name2003,VP IT,name2003@example.com
C02004,A0038,Name2004,CISO,name2004@example.com
C02005,A0258,Name2005,IT Director,name2005@example.com
C02006,A0357,Name2006,VP IT,name2006@example.com
C02007,A0167,Name2007,CISO,name2007@example.com
C02008,A0160,Name2008,IT Director,name2008@example.com
C02009,A0065,Name2009,VP IT,name2009@example.com
C02010,A0419,Name2010,CISO,name2010@example.com
C02011,A0488,Name2011,IT Director,name2011@example.com
C02012,A0458,Name2012,VP IT,name2012@example.com
C02013,A0046,Name2013,CISO,name2013@example.com
C02014,A0057,Name2014,IT Director,name2014@example.com
C02015,A0132,Name2015,VP IT,name2015@example.com
C02016,A0130,Name2016,CISO,name2016@example.com
C02017,A0378,Name2017,IT Director,name2017@example.com
C02018,A0406,Name2018,VP IT,name2018@example.com
C02019,A0414,Name2019,CISO,name2019@example.com
C02020,A0037,Name2020,IT Director,name2020@example.com
C02021,A0183,Name2021,VP IT,name2021@example.com
C02022,A0115,Name2022,CISO,name2022@example.com
C02023,A0370,Name2023,IT Director,name2023@example.com
C02024,A0402,Name2024,VP IT,name2024@example.com
C02025,A0112,Name2025,CISO,name2025@example.com
C02026,A0043,Name2026,IT Director,name2026@example.com
C02027,A0055,Name2027,VP IT,name2027@example.com
C02028,A0122,Name2028,CISO,name2028@example.com
C02029,A0167,Name2029,IT Director,name2029@example.com
C02030,A0475,Name2030,VP IT,name2030@example.com
C02031,A0473,Name2031,CISO,name2031@example.com
C02032,A0457,Name2032,IT Director,name2032@example.com
C02033,A0195,Name2033,VP IT,name2033@example.com
C02034,A0493,Name2034,CISO,name2034@example.com
C02035,A0143,Name2035,IT Director,name2035@example.com
C02036,A0001,Name2036,VP IT,name2036@example.com
C02037,A0409,Name2037,CISO,name2037@example.com
C02038,A0079,Name2038,IT Director,name2038@example.com
C02039,A0142,Name2039,VP IT,name2039@example.com
C02040,A0248,Name2040,CISO,name2040@example.com
C02041,A0178,Name2041,IT Director,name2041@example.com
C02042,A0222,Name2042,VP IT,name2042@example.com
C02043,A0106,Name2043,CISO,name2043@example.com
C02044,A0105,Name2044,IT Director,name2044@example.com
C02045,A0109,Name2045,VP IT,name2045@example.com
C02046,A0352,Name2046,CISO,name2046@example.com
C02047,A0044,Name2047,IT Director,name2047@example.com
C02048,A0500,Name2048,VP IT,name2048@example.com
C02049,A0111,Name2049,CISO,name2049@example.com
C02050,A0168,Name2050,IT Director,name2050@example.com
C02051,A0191,Name2051,VP IT,name2051@example.com
C02052,A0263,Name2052,CISO,name2052@example.com
C02053,A0400,Name2053,IT Director,name2053@example.com
C02054,A0347,Name2054,VP IT,name2054@example.com
C02055,A0303,Name2055,CISO,name2055@example.com
C02056,A0040,Name2056,IT Director,name2056@example.com
C02057,A0378,Name2057,VP IT,name2057@example.com
C02058,A0299,Name2058,CISO,name2058@example.com
C02059,A0394,Name2059,IT Director,name2059@example.com
C02060,A0004,Name2060,VP IT,name2060@example.com
C02061,A0411,Name2061,CISO,name2061@example.com
C02062,A0431,Name2062,IT Director,name2062@example.com
C02063,A0389,Name2063,VP IT,name2063@example.com
C02064,A0180,Name2064,CISO,name2064@example.com
C02065,A0039,Name2065,IT Director,name2065@example.com
C02066,A0347,Name2066,VP IT,name2066@example.com
C02067,A0022,Name2067,CISO,name2067@example.com
C02068,A0488,Name2068,IT Director,name2068@example.com
C02069,A0216,Name2069,VP IT,name2069@example.com
C02070,A0008,Name2070,CISO,name2070@example.com
C02071,A0395,Name2071,IT Director,name2071@example.com
C02072,A0216,Name2072,VP IT,name2072@example.com
C02073,A0457,Name2073,CISO,name2073@example.com
C02074,A0495,Name2074,IT Director,name2074@example.com
C02075,A0492,Name2075,VP IT,name2075@example.com
C02076,A0176,Name2076,CISO,name2076@example.com
C02077,A0312,Name2077,IT Director,name2077@example.com
C02078,A0225,Name2078,VP IT,name2078@example.com
C02079,A0386,Name2079,CISO,name2079@example.com
C02080,A0462,Name2080,IT Director,name2080@example.com
C02081,A0369,Name2081,VP IT,name2081@example.com
C02082,A0200,Name2082,CISO,name2082@example.com
C02083,A0285,Name2083,IT Director,name2083@example.com
C02084,A0211,Name2084,VP IT,name2084@example.com
C02085,A0174,Name2085,CISO,name2085@example.com
C02086,A0285,Name2086,IT Director,name2086@example.com
C02087,A0199,Name2087,VP IT,name2087@example.com
C02088,A0114,Name2088,CISO,name2088@example.com
C02089,A0365,Name2089,IT Director,name2089@example.com
C02090,A0285,Name2090,VP IT,name2090@example.com
C02091,A0235,Name2091,CISO,name2091@example.com
C02092,A0024,Name2092,IT Director,name2092@example.com
C02093,A0294,Name2093,VP IT,name2093@example.com
C02094,A0340,Name2094,CISO,name2094@example.com
C02095,A0487,Name2095,IT Director,name2095@example.com
C02096,A0274,Name2096,VP IT,name2096@example.com
C02097,A0298,Name2097,CISO,name2097@example.com
C02098,A0229,Name2098,IT Director,name2098@example.com
C02099,A0310,Name2099,VP IT,name2099@example.com
C02100,A0156,Name2100,CISO,name2100@example.com
C02101,A0024,Name2101,IT Director,name2101@example.com
C02102,A0098,Name2102,VP IT,name2102@example.com
C02103,A0476,Name2103,CISO,name2103@example.com
C02104,A0227,Name2104,IT Director,name2104@example.com
C02105,A0483,Name2105,VP IT,name2105@example.com
C02106,A0400,Name2106,CISO,name2106@example.com
C02107,A0223,Name2107,IT Director,name2107@example.com
C02108,A0466,Name2108,VP IT,name2108@example.com
C02109,A0066,Name2109,CISO,name2109@example.com
C02110,A0354,Name2110,IT Director,name2110@example.com
C02111,A0262,Name2111,VP IT,name2111@example.com
C02112,A0490,Name2112,CISO,name2112@example.com
C02113,A0331,Name2113,IT Director,name2113@example.com
C02114,A0394,Name2114,VP IT,name2114@example.com
C02115,A0232,Name2115,CISO,name2115@example.com
C02116,A0270,Name2116,IT Director,name2116@example.com
C02117,A0183,Name2117,VP IT,name2117@example.com
C02118,A0044,Name2118,CISO,name2118@example.com
C02119,A0468,Name2119,IT Director,name2119@example.com
C02120,A0190,Name2120,VP IT,name2120@example.com
C02121,A0341,Name2121,CISO,name2121@example.com
C02122,A0050,Name2122,IT Director,name2122@example.com
C02123,A0072,Name2123,VP IT,name2123@example.com
C02124,A0470,Name2124,CISO,name2124@example.com
C02125,A0439,Name2125,IT Director,name2125@example.com
C02126,A0487,Name2126,VP IT,name2126@example.com
C02127,A0142,Name2127,CISO,name2127@example.com
C02128,A0493,Name2128,IT Director,name2128@example.com
C02129,A0060,Name2129,VP IT,name2129@example.com
C02130,A0498,Name2130,CISO,name2130@example.com
C02131,A0028,Name2131,IT Director,name2131@example.com
C02132,A0163,Name2132,VP IT,name2132@example.com
C02133,A0050,Name2133,CISO,name2133@example.com
C02134,A0355,Name2134,IT Director,name2134@example.com
C02135,A0381,Name2135,VP IT,name2135@example.com
C02136,A0464,Name2136,CISO,name2136@example.com
C02137,A0046,Name2137,IT Director,name2137@example.com
C02138,A0281,Name2138,VP IT,name2138@example.com
C02139,A0074,Name2139,CISO,name2139@example.com
C02140,A0437,Name2140,IT Director,name2140@example.com
C02141,A0477,Name2141,VP IT,name2141@example.com
C02142,A0183,Name2142,CISO,name2142@example.com
C02143,A0180,Name2143,IT Director,name2143@example.com
C02144,A0091,Name2144,VP IT,name2144@example.com
C02145,A0148,Name2145,CISO,name2145@example.com
C02146,A0463,Name2146,IT Director,name2146@example.com
C02147,A0256,Name2147,VP IT,name2147@example.com
C02148,A0384,Name2148,CISO,name2148@example.com
C02149,A0432,Name2149,IT Director,name2149@example.com
C02150,A0313,Name2150,VP IT,name2150@example.com
C02151,A0203,Name2151,CISO,name2151@example.com
C02152,A0241,Name2152,IT Director,name2152@example.com
C02153,A0360,Name2153,VP IT,name2153@example.com
C02154,A0129,Name2154,CISO,name2154@example.com
C02155,A0363,Name2155,IT Director,name2155@example.com
C02156,A0265,Name2156,VP IT,name2156@example.com
C02157,A0189,Name2157,CISO,name2157@example.com
C02158,A0439,Name2158,IT Director,name2158@example.com
C02159,A0015,Name2159,VP IT,name2159@example.com
C02160,A0241,Name2160,CISO,name2160@example.com
C02161,A0325,Name2161,IT Director,name2161@example.com
C02162,A0177,Name2162,VP IT,name2162@example.com
C02163,A0398,Name2163,CISO,name2163@example.com
C02164,A0375,Name2164,IT Director,name2164@example.com
C02165,A0416,Name2165,VP IT,name2165@example.com
C02166,A0243,Name2166,CISO,name2166@example.com
C02167,A0048,Name2167,IT Director,name2167@example.com
C02168,A0220,Name2168,VP IT,name2168@example.com
C02169,A0166,Name2169,CISO,name2169@example.com
C02170,A0175,Name2170,IT Director,name2170@example.com
C02171,A0205,Name2171,VP IT,name2171@example.com
C02172,A0200,Name2172,CISO,name2172@example.com
C02173,A0272,Name2173,IT Director,name2173@example.com
C02174,A0024,Name2174,VP IT,name2174@example.com
C02175,A0224,Name2175,CISO,name2175@example.com
C02176,A0265,Name2176,IT Director,name2176@example.com
C02177,A0486,Name2177,VP IT,name2177@example.com
C02178,A0297,Name2178,CISO,name2178@example.com
C02179,A0064,Name2179,IT Director,name2179@example.com
C02180,A0414,Name2180,VP IT,name2180@example.com
C02181,A0476,Name2181,CISO,name2181@example.com
C02182,A0127,Name2182,IT Director,name2182@example.com
C02183,A0084,Name2183,VP IT,name2183@example.com
C02184,A0483,Name2184,CISO,name2184@example.com
C02185,A0110,Name2185,IT Director,name2185@example.com
C02186,A0072,Name2186,VP IT,name2186@example.com
C02187,A0342,Name2187,CISO,name2187@example.com
C02188,A0415,Name2188,IT Director,name2188@example.com
C02189,A0212,Name2189,VP IT,name2189@example.com
C02190,A0225,Name2190,CISO,name2190@example.com
C02191,A0288,Name2191,IT Director,name2191@example.com
C02192,A0178,Name2192,VP IT,name2192@example.com
C02193,A0269,Name2193,CISO,name2193@example.com
C02194,A0340,Name2194,IT Director,name2194@example.com
C02195,A0464,Name2195,VP IT,name2195@example.com
C02196,A0229,Name2196,CISO,name2196@example.com
C02197,A0191,Name2197,IT Director,name2197@example.com
C02198,A0274,Name2198,VP IT,name2198@example.com
C02199,A0134,Name2199,CISO,name2199@example.com
C02200,A0019,Name2200,IT Director,name2200@example.com
C02201,A0327,Name2201,VP IT,name2201@example.com
C02202,A0051,Name2202,CISO,name2202@example.com
C02203,A0129,Name2203,IT Director,name2203@example.com
C02204,A0184,Name2204,VP IT,name2204@example.com
C02205,A0114,Name2205,CISO,name2205@example.com
C02206,A0134,Name2206,IT Director,name2206@example.com
C02207,A0370,Name2207,VP IT,name2207@example.com
C02208,A0426,Name2208,CISO,name2208@example.com
C02209,A0020,Name2209,IT Director,name2209@example.com
C02210,A0336,Name2210,VP IT,name2210@example.com
C02211,A0375,Name2211,CISO,name2211@example.com
C02212,A0166,Name2212,IT Director,name2212@example.com
C02213,A0109,Name2213,VP IT,name2213@example.com
C02214,A0386,Name2214,CISO,name2214@example.com
C02215,A0274,Name2215,IT Director,name2215@example.com
C02216,A0301,Name2216,VP IT,name2216@example.com
C02217,A0018,Name2217,CISO,name2217@example.com
C02218,A0004,Name2218,IT Director,name2218@example.com
C02219,A0357,Name2219,VP IT,name2219@example.com
C02220,A0141,Name2220,CISO,name2220@example.com
C02221,A0178,Name2221,IT Director,name2221@example.com
C02222,A0485,Name2222,VP IT,name2222@example.com
C02223,A0037,Name2223,CISO,name2223@example.com
C02224,A0461,Name2224,IT Director,name2224@example.com
C02225,A0401,Name2225,VP IT,name2225@example.com
C02226,A0319,Name2226,CISO,name2226@example.com
C02227,A0296,Name2227,IT Director,name2227@example.com
C02228,A0229,Name2228,VP IT,name2228@example.com
C02229,A0448,Name2229,CISO,name2229@example.com
C02230,A0325,Name2230,IT Director,name2230@example.com
C02231,A0221,Name2231,VP IT,name2231@example.com
C02232,A0185,Name2232,CISO,name2232@example.com
C02233,A0313,Name2233,IT Director,name2233@example.com
C02234,A0471,Name2234,VP IT,name2234@example.com
C02235,A0460,Name2235,CISO,name2235@example.com
C02236,A0491,Name2236,IT Director,name2236@example.com
C02237,A0486,Name2237,VP IT,name2237@example.com
C02238,A0411,Name2238,CISO,name2238@example.com
C02239,A0451,Name2239,IT Director,name2239@example.com
C02240,A0300,Name2240,VP IT,name2240@example.com
C02241,A0225,Name2241,CISO,name2241@example.com
C02242,A0044,Name2242,IT Director,name2242@example.com
C02243,A0394,Name2243,VP IT,name2243@example.com
C02244,A0214,Name2244,CISO,name2244@example.com
C02245,A0407,Name2245,IT Director,name2245@example.com
C02246,A0254,Name2246,VP IT,name2246@example.com
C02247,A0008,Name2247,CISO,name2247@example.com
C02248,A0138,Name2248,IT Director,name2248@example.com
C02249,A0408,Name2249,VP IT,name2249@example.com
C02250,A0270,Name2250,CISO,name2250@example.com
C02251,A0124,Name2251,IT Director,name2251@example.com
C02252,A0260,Name2252,VP IT,name2252@example.com
C02253,A0480,Name2253,CISO,name2253@example.com
C02254,A0394,Name2254,IT Director,name2254@example.com
C02255,A0162,Name2255,VP IT,name2255@example.com
C02256,A0088,Name2256,CISO,name2256@example.com
C02257,A0358,Name2257,IT Director,name2257@example.com
C02258,A0102,Name2258,VP IT,name2258@example.com
C02259,A0454,Name2259,CISO,name2259@example.com
C02260,A0010,Name2260,IT Director,name2260@example.com
C02261,A0101,Name2261,VP IT,name2261@example.com
C02262,A0049,Name2262,CISO,name2262@example.com
C02263,A0364,Name2263,IT Director,name2263@example.com
C02264,A0326,Name2264,VP IT,name2264@example.com
C02265,A0456,Name2265,CISO,name2265@example.com
C02266,A0409,Name2266,IT Director,name2266@example.com
C02267,A0003,Name2267,VP IT,name2267@example.com
C02268,A0486,Name2268,CISO,name2268@example.com
C02269,A0111,Name2269,IT Director,name2269@example.com
C02270,A0383,Name2270,VP IT,name2270@example.com
C02271,A0081,Name2271,CISO,name2271@example.com
C02272,A0379,Name2272,IT Director,name2272@example.com
C02273,A0213,Name2273,VP IT,name2273@example.com
C02274,A0300,Name2274,CISO,name2274@example.com
C02275,A0436,Name2275,IT Director,name2275@example.com
C02276,A0346,Name2276,VP IT,name2276@example.com
C02277,A0464,Name2277,CISO,name2277@example.com
C02278,A0349,Name2278,IT Director,name2278@example.com
C02279,A0477,Name2279,VP IT,name2279@example.com
C02280,A0384,Name2280,CISO,name2280@example.com
C02281,A0492,Name2281,IT Director,name2281@example.com
C02282,A0350,Name2282,VP IT,name2282@example.com
C02283,A0361,Name2283,CISO,name2283@example.com
C02284,A0222,Name2284,IT Director,name2284@example.com
C02285,A0398,Name2285,VP IT,name2285@example.com
C02286,A0245,Name2286,CISO,name2286@example.com
C02287,A0334,Name2287,IT Director,name2287@example.com
C02288,A0432,Name2288,VP IT,name2288@example.com
C02289,A0154,Name2289,CISO,name2289@example.com
C02290,A0397,Name2290,IT Director,name2290@example.com
C02291,A0116,Name2291,VP IT,name2291@example.com
C02292,A0487,Name2292,CISO,name2292@example.com
C02293,A0263,Name2293,IT Director,name2293@example.com
C02294,A0052,Name2294,VP IT,name2294@example.com
C02295,A0475,Name2295,CISO,name2295@example.com
C02296,A0293,Name2296,IT Director,name2296@example.com
C02297,A0368,Name2297,VP IT,name2297@example.com
C02298,A0247,Name2298,CISO,name2298@example.com
C02299,A0111,Name2299,IT Director,name2299@example.com
C02300,A0155,Name2300,VP IT,name2300@example.com
C02301,A0456,Name2301,CISO,name2301@example.com
C02302,A0494,Name2302,IT Director,name2302@example.com
C02303,A0358,Name2303,VP IT,name2303@example.com
C02304,A0346,Name2304,CISO,name2304@example.com
C02305,A0101,Name2305,IT Director,name2305@example.com
C02306,A0488,Name2306,VP IT,name2306@example.com
C02307,A0215,Name2307,CISO,name2307@example.com
C02308,A0329,Name2308,IT Director,name2308@example.com
C02309,A0077,Name2309,VP IT,name2309@example.com
C02310,A0183,Name2310,CISO,name2310@example.com
C02311,A0483,Name2311,IT Director,name2311@example.com
C02312,A0353,Name2312,VP IT,name2312@example.com
C02313,A0023,Name2313,CISO,name2313@example.com
C02314,A0352,Name2314,IT Director,name2314@example.com
C02315,A0392,Name2315,VP IT,name2315@example.com
C02316,A0487,Name2316,CISO,name2316@example.com
C02317,A0146,Name2317,IT Director,name2317@example.com
C02318,A0133,Name2318,VP IT,name2318@example.com
C02319,A0437,Name2319,CISO,name2319@example.com
C02320,A0369,Name2320,IT Director,name2320@example.com
C02321,A0150,Name2321,VP IT,name2321@example.com
C02322,A0170,Name2322,CISO,name2322@example.com
C02323,A0388,Name2323,IT Director,name2323@example.com
C02324,A0005,Name2324,VP IT,name2324@example.com
C02325,A0369,Name2325,CISO,name2325@example.com
C02326,A0054,Name2326,IT Director,name2326@example.com
C02327,A0302,Name2327,VP IT,name2327@example.com
C02328,A0474,Name2328,CISO,name2328@example.com
C02329,A0215,Name2329,IT Director,name2329@example.com
C02330,A0309,Name2330,VP IT,name2330@example.com
C02331,A0247,Name2331,CISO,name2331@example.com
C02332,A0186,Name2332,IT Director,name2332@example.com
C02333,A0242,Name2333,VP IT,name2333@example.com
C02334,A0405,Name2334,CISO,name2334@example.com
C02335,A0203,Name2335,IT Director,name2335@example.com
C02336,A0500,Name2336,VP IT,name2336@example.com
C02337,A0309,Name2337,CISO,name2337@example.com
C02338,A0030,Name2338,IT Director,name2338@example.com
C02339,A0008,Name2339,VP IT,name2339@example.com
C02340,A0303,Name2340,CISO,name2340@example.com
C02341,A0083,Name2341,IT Director,name2341@example.com
C02342,A0053,Name2342,VP IT,name2342@example.com
C02343,A0414,Name2343,CISO,name2343@example.com
C02344,A0358,Name2344,IT Director,name2344@example.com
C02345,A0047,Name2345,VP IT,name2345@example.com
C02346,A0350,Name2346,CISO,name2346@example.com
C02347,A0320,Name2347,IT Director,name2347@example.com
C02348,A0488,Name2348,VP IT,name2348@example.com
C02349,A0336,Name2349,CISO,name2349@example.com
C02350,A0117,Name2350,IT Director,name2350@example.com
C02351,A0078,Name2351,VP IT,name2351@example.com
C02352,A0397,Name2352,CISO,name2352@example.com
C02353,A0139,Name2353,IT Director,name2353@example.com
C02354,A0480,Name2354,VP IT,name2354@example.com
C02355,A0171,Name2355,CISO,name2355@example.com
C02356,A0128,Name2356,IT Director,name2356@example.com
C02357,A0349,Name2357,VP IT,name2357@example.com
C02358,A0128,Name2358,CISO,name2358@example.com
C02359,A0226,Name2359,IT Director,name2359@example.com
C02360,A0363,Name2360,VP IT,name2360@example.com
C02361,A0281,Name2361,CISO,name2361@example.com
C02362,A0211,Name2362,IT Director,name2362@example.com
C02363,A0161,Name2363,VP IT,name2363@example.com
C02364,A0437,Name2364,CISO,name2364@example.com
C02365,A0464,Name2365,IT Director,name2365@example.com
C02366,A0212,Name2366,VP IT,name2366@example.com
C02367,A0467,Name2367,CISO,name2367@example.com
C02368,A0215,Name2368,IT Director,name2368@example.com
C02369,A0395,Name2369,VP IT,name2369@example.com
C02370,A0349,Name2370,CISO,name2370@example.com
C02371,A0118,Name2371,IT Director,name2371@example.com
C02372,A0457,Name2372,VP IT,name2372@example.com
C02373,A0231,Name2373,CISO,name2373@example.com
C02374,A0424,Name2374,IT Director,name2374@example.com
C02375,A0126,Name2375,VP IT,name2375@example.com
C02376,A0423,Name2376,CISO,name2376@example.com
C02377,A0356,Name2377,IT Director,name2377@example.com
C02378,A0012,Name2378,VP IT,name2378@example.com
C02379,A0134,Name2379,CISO,name2379@example.com
C02380,A0395,Name2380,IT Director,name2380@example.com
C02381,A0324,Name2381,VP IT,name2381@example.com
C02382,A0199,Name2382,CISO,name2382@example.com
C02383,A0468,Name2383,IT Director,name2383@example.com
C02384,A0127,Name2384,VP IT,name2384@example.com
C02385,A0334,Name2385,CISO,name2385@example.com
C02386,A0087,Name2386,IT Director,name2386@example.com
C02387,A0310,Name2387,VP IT,name2387@example.com
C02388,A0050,Name2388,CISO,name2388@example.com
C02389,A0371,Name2389,IT Director,name2389@example.com
C02390,A0153,Name2390,VP IT,name2390@example.com
C02391,A0364,Name2391,CISO,name2391@example.com
C02392,A0155,Name2392,IT Director,name2392@example.com
C02393,A0167,Name2393,VP IT,name2393@example.com
C02394,A0154,Name2394,CISO,name2394@example.com
C02395,A0192,Name2395,IT Director,name2395@example.com
C02396,A0044,Name2396,VP IT,name2396@example.com
C02397,A0283,Name2397,CISO,name2397@example.com
C02398,A0265,Name2398,IT Director,name2398@example.com
C02399,A0072,Name2399,VP IT,name2399@example.com
C02400,A0407,Name2400,CISO,name2400@example.com
C02401,A0319,Name2401,IT Director,name2401@example.com
C02402,A0277,Name2402,VP IT,name2402@example.com
C02403,A0155,Name2403,CISO,name2403@example.com
C02404,A0344,Name2404,IT Director,name2404@example.com
C02405,A0278,Name2405,VP IT,name2405@example.com
C02406,A0077,Name2406,CISO,name2406@example.com
C02407,A0500,Name2407,IT Director,name2407@example.com
C02408,A0446,Name2408,VP IT,name2408@example.com
C02409,A0226,Name2409,CISO,name2409@example.com
C02410,A0303,Name2410,IT Director,name2410@example.com
C02411,A0275,Name2411,VP IT,name2411@example.com
C02412,A0268,Name2412,CISO,name2412@example.com
C02413,A0037,Name2413,IT Director,name2413@example.com
C02414,A0424,Name2414,VP IT,name2414@example.com
C02415,A0341,Name2415,CISO,name2415@example.com
C02416,A0385,Name2416,IT Director,name2416@example.com
C02417,A0271,Name2417,VP IT,name2417@example.com
C02418,A0478,Name2418,CISO,name2418@example.com
C02419,A0498,Name2419,IT Director,name2419@example.com
C02420,A0390,Name2420,VP IT,name2420@example.com
C02421,A0317,Name2421,CISO,name2421@example.com
C02422,A0009,Name2422,IT Director,name2422@example.com
C02423,A0400,Name2423,VP IT,name2423@example.com
C02424,A0082,Name2424,CISO,name2424@example.com
C02425,A0056,Name2425,IT Director,name2425@example.com
C02426,A0385,Name2426,VP IT,name2426@example.com
C02427,A0364,Name2427,CISO,name2427@example.com
C02428,A0149,Name2428,IT Director,name2428@example.com
C02429,A0342,Name2429,VP IT,name2429@example.com
C02430,A0184,Name2430,CISO,name2430@example.com
C02431,A0253,Name2431,IT Director,name2431@example.com
C02432,A0273,Name2432,VP IT,name2432@example.com
C02433,A0339,Name2433,CISO,name2433@example.com
C02434,A0018,Name2434,IT Director,name2434@example.com
C02435,A0252,Name2435,VP IT,name2435@example.com
C02436,A0186,Name2436,CISO,name2436@example.com
C02437,A0272,Name2437,IT Director,name2437@example.com
C02438,A0306,Name2438,VP IT,name2438@example.com
C02439,A0066,Name2439,CISO,name2439@example.com
C02440,A0412,Name2440,IT Director,name2440@example.com
C02441,A0297,Name2441,VP IT,name2441@example.com
C02442,A0343,Name2442,CISO,name2442@example.com
C02443,A0345,Name2443,IT Director,name2443@example.com
C02444,A0257,Name2444,VP IT,name2444@example.com
C02445,A0324,Name2445,CISO,name2445@example.com
C02446,A0305,Name2446,IT Director,name2446@example.com
C02447,A0447,Name2447,VP IT,name2447@example.com
C02448,A0099,Name2448,CISO,name2448@example.com
C02449,A0234,Name2449,IT Director,name2449@example.com
C02450,A0495,Name2450,VP IT,name2450@example.com
C02451,A0060,Name2451,CISO,name2451@example.com
C02452,A0066,Name2452,IT Director,name2452@example.com
C02453,A0274,Name2453,VP IT,name2453@example.com
C02454,A0192,Name2454,CISO,name2454@example.com
C02455,A0139,Name2455,IT Director,name2455@example.com
C02456,A0264,Name2456,VP IT,name2456@example.com
C02457,A0484,Name2457,CISO,name2457@example.com
C02458,A0480,Name2458,IT Director,name2458@example.com
C02459,A0385,Name2459,VP IT,name2459@example.com
C02460,A0352,Name2460,CISO,name2460@example.com
C02461,A0169,Name2461,IT Director,name2461@example.com
C02462,A0217,Name2462,VP IT,name2462@example.com
C02463,A0284,Name2463,CISO,name2463@example.com
C02464,A0408,Name2464,IT Director,name2464@example.com
C02465,A0463,Name2465,VP IT,name2465@example.com
C02466,A0258,Name2466,CISO,name2466@example.com
C02467,A0472,Name2467,IT Director,name2467@example.com
C02468,A0453,Name2468,VP IT,name2468@example.com
C02469,A0067,Name2469,CISO,name2469@example.com
C02470,A0007,Name2470,IT Director,name2470@example.com
C02471,A0436,Name2471,VP IT,name2471@example.com
C02472,A0307,Name2472,CISO,name2472@example.com
C02473,A0291,Name2473,IT Director,name2473@example.com
C02474,A0211,Name2474,VP IT,name2474@example.com
C02475,A0208,Name2475,CISO,name2475@example.com
C02476,A0185,Name2476,IT Director,name2476@example.com
C02477,A0412,Name2477,VP IT,name2477@example.com
C02478,A0277,Name2478,CISO,name2478@example.com
C02479,A0142,Name2479,IT Director,name2479@example.com
C02480,A0077,Name2480,VP IT,name2480@example.com
C02481,A0165,Name2481,CISO,name2481@example.com
C02482,A0139,Name2482,IT Director,name2482@example.com
C02483,A0052,Name2483,VP IT,name2483@example.com
C02484,A0052,Name2484,CISO,name2484@example.com
C02485,A0313,Name2485,IT Director,name2485@example.com
C02486,A0217,Name2486,VP IT,name2486@example.com
C02487,A0498,Name2487,CISO,name2487@example.com
C02488,A0199,Name2488,IT Director,name2488@example.com
C02489,A0336,Name2489,VP IT,name2489@example.com
C02490,A0074,Name2490,CISO,name2490@example.com
C02491,A0286,Name2491,IT Director,name2491@example.com
C02492,A0044,Name2492,VP IT,name2492@example.com
C02493,A0247,Name2493,CISO,name2493@example.com
C02494,A0137,Name2494,IT Director,name2494@example.com
C02495,A0333,Name2495,VP IT,name2495@example.com
C02496,A0369,Name2496,CISO,name2496@example.com
C02497,A0039,Name2497,IT Director,name2497@example.com
C02498,A0213,Name2498,VP IT,name2498@example.com
C02499,A0371,Name2499,CISO,name2499@example.com
C02500,A0319,Name2500,IT Director,name2500@example.com
C02501,A0419,Name2501,VP IT,name2501@example.com
C02502,A0412,Name2502,CISO,name2502@example.com
C02503,A0400,Name2503,IT Director,name2503@example.com
C02504,A0081,Name2504,VP IT,name2504@example.com
C02505,A0272,Name2505,CISO,name2505@example.com
C02506,A0363,Name2506,IT Director,name2506@example.com
C02507,A0109,Name2507,VP IT,name2507@example.com
C02508,A0296,Name2508,CISO,name2508@example.com
C02509,A0484,Name2509,IT Director,name2509@example.com
C02510,A0201,Name2510,VP IT,name2510@example.com
C02511,A0180,Name2511,CISO,name2511@example.com
C02512,A0104,Name2512,IT Director,name2512@example.com
C02513,A0313,Name2513,VP IT,name2513@example.com
C02514,A0224,Name2514,CISO,name2514@example.com
C02515,A0087,Name2515,IT Director,name2515@example.com
C02516,A0360,Name2516,VP IT,name2516@example.com
C02517,A0112,Name2517,CISO,name2517@example.com
C02518,A0157,Name2518,IT Director,name2518@example.com
C02519,A0415,Name2519,VP IT,name2519@example.com
C02520,A0427,Name2520,CISO,name2520@example.com
C02521,A0308,Name2521,IT Director,name2521@example.com
C02522,A0391,Name2522,VP IT,name2522@example.com
C02523,A0025,Name2523,CISO,name2523@example.com
C02524,A0191,Name2524,IT Director,name2524@example.com
C02525,A0190,Name2525,VP IT,name2525@example.com
C02526,A0467,Name2526,CISO,name2526@example.com
C02527,A0422,Name2527,IT Director,name2527@example.com
C02528,A0278,Name2528,VP IT,name2528@example.com
C02529,A0172,Name2529,CISO,name2529@example.com
C02530,A0199,Name2530,IT Director,name2530@example.com
C02531,A0423,Name2531,VP IT,name2531@example.com
C02532,A0422,Name2532,CISO,name2532@example.com
C02533,A0013,Name2533,IT Director,name2533@example.com
C02534,A0383,Name2534,VP IT,name2534@example.com
C02535,A0308,Name2535,CISO,name2535@example.com
C02536,A0441,Name2536,IT Director,name2536@example.com
C02537,A0487,Name2537,VP IT,name2537@example.com
C02538,A0251,Name2538,CISO,name2538@example.com
C02539,A0166,Name2539,IT Director,name2539@example.com
C02540,A0366,Name2540,VP IT,name2540@example.com
C02541,A0318,Name2541,CISO,name2541@example.com
C02542,A0124,Name2542,IT Director,name2542@example.com
C02543,A0354,Name2543,VP IT,name2543@example.com
C02544,A0106,Name2544,CISO,name2544@example.com
C02545,A0051,Name2545,IT Director,name2545@example.com
C02546,A0286,Name2546,VP IT,name2546@example.com
C02547,A0359,Name2547,CISO,name2547@example.com
C02548,A0188,Name2548,IT Director,name2548@example.com
C02549,A0342,Name2549,VP IT,name2549@example.com
C02550,A0365,Name2550,CISO,name2550@example.com
C02551,A0088,Name2551,IT Director,name2551@example.com
C02552,A0085,Name2552,VP IT,name2552@example.com
C02553,A0253,Name2553,CISO,name2553@example.com
C02554,A0315,Name2554,IT Director,name2554@example.com
C02555,A0400,Name2555,VP IT,name2555@example.com
C02556,A0035,Name2556,CISO,name2556@example.com
C02557,A0398,Name2557,IT Director,name2557@example.com
C02558,A0346,Name2558,VP IT,name2558@example.com
C02559,A0166,Name2559,CISO,name2559@example.com
C02560,A0054,Name2560,IT Director,name2560@example.com
C02561,A0243,Name2561,VP IT,name2561@example.com
C02562,A0478,Name2562,CISO,name2562@example.com
C02563,A0419,Name2563,IT Director,name2563@example.com
C02564,A0090,Name2564,VP IT,name2564@example.com
C02565,A0138,Name2565,CISO,name2565@example.com
C02566,A0115,Name2566,IT Director,name2566@example.com
C02567,A0301,Name2567,VP IT,name2567@example.com
C02568,A0474,Name2568,CISO,name2568@example.com
C02569,A0409,Name2569,IT Director,name2569@example.com
C02570,A0371,Name2570,VP IT,name2570@example.com
C02571,A0169,Name2571,CISO,name2571@example.com
C02572,A0118,Name2572,IT Director,name2572@example.com
C02573,A0279,Name2573,VP IT,name2573@example.com
C02574,A0002,Name2574,CISO,name2574@example.com
C02575,A0392,Name2575,IT Director,name2575@example.com
C02576,A0380,Name2576,VP IT,name2576@example.com
C02577,A0489,Name2577,CISO,name2577@example.com
C02578,A0115,Name2578,IT Director,name2578@example.com
C02579,A0032,Name2579,VP IT,name2579@example.com
C02580,A0310,Name2580,CISO,name2580@example.com
C02581,A0302,Name2581,IT Director,name2581@example.com
C02582,A0484,Name2582,VP IT,name2582@example.com
C02583,A0074,Name2583,CISO,name2583@example.com
C02584,A0159,Name2584,IT Director,name2584@example.com
C02585,A0064,Name2585,VP IT,name2585@example.com
C02586,A0337,Name2586,CISO,name2586@example.com
C02587,A0414,Name2587,IT Director,name2587@example.com
C02588,A0371,Name2588,VP IT,name2588@example.com
C02589,A0424,Name2589,CISO,name2589@example.com
C02590,A0211,Name2590,IT Director,name2590@example.com
C02591,A0161,Name2591,VP IT,name2591@example.com
C02592,A0441,Name2592,CISO,name2592@example.com
C02593,A0307,Name2593,IT Director,name2593@example.com
C02594,A0165,Name2594,VP IT,name2594@example.com
C02595,A0089,Name2595,CISO,name2595@example.com
C02596,A0347,Name2596,IT Director,name2596@example.com
C02597,A0321,Name2597,VP IT,name2597@example.com
C02598,A0199,Name2598,CISO,name2598@example.com
C02599,A0132,Name2599,IT Director,name2599@example.com
C02600,A0328,Name2600,VP IT,name2600@example.com
C02601,A0444,Name2601,CISO,name2601@example.com
C02602,A0032,Name2602,IT Director,name2602@example.com
C02603,A0287,Name2603,VP IT,name2603@example.com
C02604,A0393,Name2604,CISO,name2604@example.com
C02605,A0044,Name2605,IT Director,name2605@example.com
C02606,A0284,Name2606,VP IT,name2606@example.com
C02607,A0273,Name2607,CISO,name2607@example.com
C02608,A0134,Name2608,IT Director,name2608@example.com
C02609,A0152,Name2609,VP IT,name2609@example.com
C02610,A0199,Name2610,CISO,name2610@example.com
C02611,A0149,Name2611,IT Director,name2611@example.com
C02612,A0433,Name2612,VP IT,name2612@example.com
C02613,A0199,Name2613,CISO,name2613@example.com
C02614,A0202,Name2614,IT Director,name2614@example.com
C02615,A0464,Name2615,VP IT,name2615@example.com
C02616,A0058,Name2616,CISO,name2616@example.com
C02617,A0373,Name2617,IT Director,name2617@example.com
C02618,A0405,Name2618,VP IT,name2618@example.com
C02619,A0488,Name2619,CISO,name2619@example.com
C02620,A0068,Name2620,IT Director,name2620@example.com
C02621,A0341,Name2621,VP IT,name2621@example.com
C02622,A0403,Name2622,CISO,name2622@example.com
C02623,A0004,Name2623,IT Director,name2623@example.com
C02624,A0230,Name2624,VP IT,name2624@example.com
C02625,A0363,Name2625,CISO,name2625@example.com
C02626,A0069,Name2626,IT Director,name2626@example.com
C02627,A0437,Name2627,VP IT,name2627@example.com
C02628,A0205,Name2628,CISO,name2628@example.com
C02629,A0224,Name2629,IT Director,name2629@example.com
C02630,A0217,Name2630,VP IT,name2630@example.com
C02631,A0228,Name2631,CISO,name2631@example.com
C02632,A0296,Name2632,IT Director,name2632@example.com
C02633,A0472,Name2633,VP IT,name2633@example.com
C02634,A0421,Name2634,CISO,name2634@example.com
C02635,A0336,Name2635,IT Director,name2635@example.com
C02636,A0012,Name2636,VP IT,name2636@example.com
C02637,A0256,Name2637,CISO,name2637@example.com
C02638,A0039,Name2638,IT Director,name2638@example.com
C02639,A0331,Name2639,VP IT,name2639@example.com
C02640,A0093,Name2640,CISO,name2640@example.com
C02641,A0249,Name2641,IT Director,name2641@example.com
C02642,A0050,Name2642,VP IT,name2642@example.com
C02643,A0455,Name2643,CISO,name2643@example.com
C02644,A0269,Name2644,IT Director,name2644@example.com
C02645,A0018,Name2645,VP IT,name2645@example.com
C02646,A0283,Name2646,CISO,name2646@example.com
C02647,A0481,Name2647,IT Director,name2647@example.com
C02648,A0488,Name2648,VP IT,name2648@example.com
C02649,A0218,Name2649,CISO,name2649@example.com
C02650,A0242,Name2650,IT Director,name2650@example.com
C02651,A0173,Name2651,VP IT,name2651@example.com
C02652,A0373,Name2652,CISO,name2652@example.com
C02653,A0140,Name2653,IT Director,name2653@example.com
C02654,A0024,Name2654,VP IT,name2654@example.com
C02655,A0369,Name2655,CISO,name2655@example.com
C02656,A0008,Name2656,IT Director,name2656@example.com
C02657,A0096,Name2657,VP IT,name2657@example.com
C02658,A0427,Name2658,CISO,name2658@example.com
C02659,A0005,Name2659,IT Director,name2659@example.com
C02660,A0240,Name2660,VP IT,name2660@example.com
C02661,A0476,Name2661,CISO,name2661@example.com
C02662,A0380,Name2662,IT Director,name2662@example.com
C02663,A0189,Name2663,VP IT,name2663@example.com
C02664,A0025,Name2664,CISO,name2664@example.com
C02665,A0100,Name2665,IT Director,name2665@example.com
C02666,A0209,Name2666,VP IT,name2666@example.com
C02667,A0086,Name2667,CISO,name2667@example.com
C02668,A0397,Name2668,IT Director,name2668@example.com
C02669,A0003,Name2669,VP IT,name2669@example.com
C02670,A0358,Name2670,CISO,name2670@example.com
C02671,A0444,Name2671,IT Director,name2671@example.com
C02672,A0008,Name2672,VP IT,name2672@example.com
C02673,A0457,Name2673,CISO,name2673@example.com
C02674,A0409,Name2674,IT Director,name2674@example.com
C02675,A0128,Name2675,VP IT,name2675@example.com
C02676,A0011,Name2676,CISO,name2676@example.com
C02677,A0088,Name2677,IT Director,name2677@example.com
C02678,A0452,Name2678,VP IT,name2678@example.com
C02679,A0334,Name2679,CISO,name2679@example.com
C02680,A0492,Name2680,IT Director,name2680@example.com
C02681,A0369,Name2681,VP IT,name2681@example.com
C02682,A0277,Name2682,CISO,name2682@example.com
C02683,A0251,Name2683,IT Director,name2683@example.com
C02684,A0041,Name2684,VP IT,name2684@example.com
C02685,A0093,Name2685,CISO,name2685@example.com
C02686,A0370,Name2686,IT Director,name2686@example.com
C02687,A0168,Name2687,VP IT,name2687@example.com
C02688,A0382,Name2688,CISO,name2688@example.com
C02689,A0232,Name2689,IT Director,name2689@example.com
C02690,A0089,Name2690,VP IT,name2690@example.com
C02691,A0465,Name2691,CISO,name2691@example.com
C02692,A0495,Name2692,IT Director,name2692@example.com
C02693,A0438,Name2693,VP IT,name2693@example.com
C02694,A0028,Name2694,CISO,name2694@example.com
C02695,A0393,Name2695,IT Director,name2695@example.com
C02696,A0068,Name2696,VP IT,name2696@example.com
C02697,A0407,Name2697,CISO,name2697@example.com
C02698,A0100,Name2698,IT Director,name2698@example.com
C02699,A0022,Name2699,VP IT,name2699@example.com
C02700,A0216,Name2700,CISO,name2700@example.com
C02701,A0488,Name2701,IT Director,name2701@example.com
C02702,A0180,Name2702,VP IT,name2702@example.com
C02703,A0236,Name2703,CISO,name2703@example.com
C02704,A0423,Name2704,IT Director,name2704@example.com
C02705,A0216,Name2705,VP IT,name2705@example.com
C02706,A0445,Name2706,CISO,name2706@example.com
C02707,A0227,Name2707,IT Director,name2707@example.com
C02708,A0497,Name2708,VP IT,name2708@example.com
C02709,A0334,Name2709,CISO,name2709@example.com
C02710,A0141,Name2710,IT Director,name2710@example.com
C02711,A0350,Name2711,VP IT,name2711@example.com
C02712,A0247,Name2712,CISO,name2712@example.com
C02713,A0485,Name2713,IT Director,name2713@example.com
C02714,A0144,Name2714,VP IT,name2714@example.com
C02715,A0298,Name2715,CISO,name2715@example.com
C02716,A0469,Name2716,IT Director,name2716@example.com
C02717,A0235,Name2717,VP IT,name2717@example.com
C02718,A0051,Name2718,CISO,name2718@example.com
C02719,A0164,Name2719,IT Director,name2719@example.com
C02720,A0082,Name2720,VP IT,name2720@example.com
C02721,A0273,Name2721,CISO,name2721@example.com
C02722,A0290,Name2722,IT Director,name2722@example.com
C02723,A0235,Name2723,VP IT,name2723@example.com
C02724,A0442,Name2724,CISO,name2724@example.com
C02725,A0043,Name2725,IT Director,name2725@example.com
C02726,A0324,Name2726,VP IT,name2726@example.com
C02727,A0018,Name2727,CISO,name2727@example.com
C02728,A0298,Name2728,IT Director,name2728@example.com
C02729,A0468,Name2729,VP IT,name2729@example.com
C02730,A0279,Name2730,CISO,name2730@example.com
C02731,A0437,Name2731,IT Director,name2731@example.com
C02732,A0048,Name2732,VP IT,name2732@example.com
C02733,A0440,Name2733,CISO,name2733@example.com
C02734,A0103,Name2734,IT Director,name2734@example.com
C02735,A0365,Name2735,VP IT,name2735@example.com
C02736,A0121,Name2736,CISO,name2736@example.com
C02737,A0233,Name2737,IT Director,name2737@example.com
C02738,A0362,Name2738,VP IT,name2738@example.com
C02739,A0268,Name2739,CISO,name2739@example.com
C02740,A0395,Name2740,IT Director,name2740@example.com
C02741,A0058,Name2741,VP IT,name2741@example.com
C02742,A0180,Name2742,CISO,name2742@example.com
C02743,A0058,Name2743,IT Director,name2743@example.com
C02744,A0454,Name2744,VP IT,name2744@example.com
C02745,A0459,Name2745,CISO,name2745@example.com
C02746,A0333,Name2746,IT Director,name2746@example.com
C02747,A0197,Name2747,VP IT,name2747@example.com
C02748,A0112,Name2748,CISO,name2748@example.com
C02749,A0248,Name2749,IT Director,name2749@example.com
C02750,A0474,Name2750,VP IT,name2750@example.com
C02751,A0447,Name2751,CISO,name2751@example.com
C02752,A0255,Name2752,IT Director,name2752@example.com
C02753,A0490,Name2753,VP IT,name2753@example.com
C02754,A0219,Name2754,CISO,name2754@example.com
C02755,A0251,Name2755,IT Director,name2755@example.com
C02756,A0498,Name2756,VP IT,name2756@example.com
C02757,A0128,Name2757,CISO,name2757@example.com
C02758,A0068,Name2758,IT Director,name2758@example.com
C02759,A0282,Name2759,VP IT,name2759@example.com
C02760,A0155,Name2760,CISO,name2760@example.com
C02761,A0039,Name2761,IT Director,name2761@example.com
C02762,A0143,Name2762,VP IT,name2762@example.com
C02763,A0039,Name2763,CISO,name2763@example.com
C02764,A0416,Name2764,IT Director,name2764@example.com
C02765,A0424,Name2765,VP IT,name2765@example.com
C02766,A0268,Name2766,CISO,name2766@example.com
C02767,A0291,Name2767,IT Director,name2767@example.com
C02768,A0382,Name2768,VP IT,name2768@example.com
C02769,A0296,Name2769,CISO,name2769@example.com
C02770,A0471,Name2770,IT Director,name2770@example.com
C02771,A0383,Name2771,VP IT,name2771@example.com
C02772,A0407,Name2772,CISO,name2772@example.com
C02773,A0354,Name2773,IT Director,name2773@example.com
C02774,A0102,Name2774,VP IT,name2774@example.com
C02775,A0017,Name2775,CISO,name2775@example.com
C02776,A0083,Name2776,IT Director,name2776@example.com
C02777,A0177,Name2777,VP IT,name2777@example.com
C02778,A0497,Name2778,CISO,name2778@example.com
C02779,A0455,Name2779,IT Director,name2779@example.com
C02780,A0380,Name2780,VP IT,name2780@example.com
C02781,A0008,Name2781,CISO,name2781@example.com
C02782,A0063,Name2782,IT Director,name2782@example.com
C02783,A0455,Name2783,VP IT,name2783@example.com
C02784,A0492,Name2784,CISO,name2784@example.com
C02785,A0312,Name2785,IT Director,name2785@example.com
C02786,A0295,Name2786,VP IT,name2786@example.com
C02787,A0249,Name2787,CISO,name2787@example.com
C02788,A0381,Name2788,IT Director,name2788@example.com
C02789,A0195,Name2789,VP IT,name2789@example.com
C02790,A0093,Name2790,CISO,name2790@example.com
C02791,A0024,Name2791,IT Director,name2791@example.com
C02792,A0179,Name2792,VP IT,name2792@example.com
C02793,A0083,Name2793,CISO,name2793@example.com
C02794,A0169,Name2794,IT Director,name2794@example.com
C02795,A0460,Name2795,VP IT,name2795@example.com
C02796,A0129,Name2796,CISO,name2796@example.com
C02797,A0445,Name2797,IT Director,name2797@example.com
C02798,A0340,Name2798,VP IT,name2798@example.com
C02799,A0181,Name2799,CISO,name2799@example.com
C02800,A0209,Name2800,IT Director,name2800@example.com
C02801,A0197,Name2801,VP IT,name2801@example.com
C02802,A0395,Name2802,CISO,name2802@example.com
C02803,A0358,Name2803,IT Director,name2803@example.com
C02804,A0104,Name2804,VP IT,name2804@example.com
C02805,A0301,Name2805,CISO,name2805@example.com
C02806,A0077,Name2806,IT Director,name2806@example.com
C02807,A0410,Name2807,VP IT,name2807@example.com
C02808,A0315,Name2808,CISO,name2808@example.com
C02809,A0181,Name2809,IT Director,name2809@example.com
C02810,A0064,Name2810,VP IT,name2810@example.com
C02811,A0075,Name2811,CISO,name2811@example.com
C02812,A0494,Name2812,IT Director,name2812@example.com
C02813,A0290,Name2813,VP IT,name2813@example.com
C02814,A0143,Name2814,CISO,name2814@example.com
C02815,A0328,Name2815,IT Director,name2815@example.com
C02816,A0370,Name2816,VP IT,name2816@example.com
C02817,A0164,Name2817,CISO,name2817@example.com
C02818,A0084,Name2818,IT Director,name2818@example.com
C02819,A0146,Name2819,VP IT,name2819@example.com
C02820,A0294,Name2820,CISO,name2820@example.com
C02821,A0485,Name2821,IT Director,name2821@example.com
C02822,A0469,Name2822,VP IT,name2822@example.com
C02823,A0039,Name2823,CISO,name2823@example.com
C02824,A0153,Name2824,IT Director,name2824@example.com
C02825,A0405,Name2825,VP IT,name2825@example.com
C02826,A0085,Name2826,CISO,name2826@example.com
C02827,A0082,Name2827,IT Director,name2827@example.com
C02828,A0053,Name2828,VP IT,name2828@example.com
C02829,A0292,Name2829,CISO,name2829@example.com
C02830,A0067,Name2830,IT Director,name2830@example.com
C02831,A0307,Name2831,VP IT,name2831@example.com
C02832,A0471,Name2832,CISO,name2832@example.com
C02833,A0401,Name2833,IT Director,name2833@example.com
C02834,A0021,Name2834,VP IT,name2834@example.com
C02835,A0352,Name2835,CISO,name2835@example.com
C02836,A0083,Name2836,IT Director,name2836@example.com
C02837,A0473,Name2837,VP IT,name2837@example.com
C02838,A0414,Name2838,CISO,name2838@example.com
C02839,A0154,Name2839,IT Director,name2839@example.com
C02840,A0337,Name2840,VP IT,name2840@example.com
C02841,A0203,Name2841,CISO,name2841@example.com
C02842,A0428,Name2842,IT Director,name2842@example.com
C02843,A0191,Name2843,VP IT,name2843@example.com
C02844,A0253,Name2844,CISO,name2844@example.com
C02845,A0349,Name2845,IT Director,name2845@example.com
C02846,A0071,Name2846,VP IT,name2846@example.com
C02847,A0003,Name2847,CISO,name2847@example.com
C02848,A0500,Name2848,IT Director,name2848@example.com
C02849,A0060,Name2849,VP IT,name2849@example.com
C02850,A0417,Name2850,CISO,name2850@example.com
C02851,A0144,Name2851,IT Director,name2851@example.com
C02852,A0140,Name2852,VP IT,name2852@example.com
C02853,A0188,Name2853,CISO,name2853@example.com
C02854,A0029,Name2854,IT Director,name2854@example.com
C02855,A0100,Name2855,VP IT,name2855@example.com
C02856,A0052,Name2856,CISO,name2856@example.com
C02857,A0279,Name2857,IT Director,name2857@example.com
C02858,A0189,Name2858,VP IT,name2858@example.com
C02859,A0406,Name2859,CISO,name2859@example.com
C02860,A0350,Name2860,IT Director,name2860@example.com
C02861,A0038,Name2861,VP IT,name2861@example.com
C02862,A0481,Name2862,CISO,name2862@example.com
C02863,A0236,Name2863,IT Director,name2863@example.com
C02864,A0489,Name2864,VP IT,name2864@example.com
C02865,A0433,Name2865,CISO,name2865@example.com
C02866,A0414,Name2866,IT Director,name2866@example.com
C02867,A0052,Name2867,VP IT,name2867@example.com
C02868,A0122,Name2868,CISO,name2868@example.com
C02869,A0147,Name2869,IT Director,name2869@example.com
C02870,A0053,Name2870,VP IT,name2870@example.com
C02871,A0134,Name2871,CISO,name2871@example.com
C02872,A0225,Name2872,IT Director,name2872@example.com
C02873,A0496,Name2873,VP IT,name2873@example.com
C02874,A0286,Name2874,CISO,name2874@example.com
C02875,A0252,Name2875,IT Director,name2875@example.com
C02876,A0183,Name2876,VP IT,name2876@example.com
C02877,A0302,Name2877,CISO,name2877@example.com
C02878,A0301,Name2878,IT Director,name2878@example.com
C02879,A0086,Name2879,VP IT,name2879@example.com
C02880,A0015,Name2880,CISO,name2880@example.com
C02881,A0037,Name2881,IT Director,name2881@example.com
C02882,A0108,Name2882,VP IT,name2882@example.com
C02883,A0086,Name2883,CISO,name2883@example.com
C02884,A0336,Name2884,IT Director,name2884@example.com
C02885,A0023,Name2885,VP IT,name2885@example.com
C02886,A0163,Name2886,CISO,name2886@example.com
C02887,A0400,Name2887,IT Director,name2887@example.com
C02888,A0010,Name2888,VP IT,name2888@example.com
C02889,A0237,Name2889,CISO,name2889@example.com
C02890,A0391,Name2890,IT Director,name2890@example.com
C02891,A0259,Name2891,VP IT,name2891@example.com
C02892,A0461,Name2892,CISO,name2892@example.com
C02893,A0253,Name2893,IT Director,name2893@example.com
C02894,A0123,Name2894,VP IT,name2894@example.com
C02895,A0321,Name2895,CISO,name2895@example.com
C02896,A0349,Name2896,IT Director,name2896@example.com
C02897,A0085,Name2897,VP IT,name2897@example.com
C02898,A0351,Name2898,CISO,name2898@example.com
C02899,A0226,Name2899,IT Director,name2899@example.com
C02900,A0194,Name2900,VP IT,name2900@example.com
C02901,A0196,Name2901,CISO,name2901@example.com
C02902,A0120,Name2902,IT Director,name2902@example.com
C02903,A0386,Name2903,VP IT,name2903@example.com
C02904,A0459,Name2904,CISO,name2904@example.com
C02905,A0056,Name2905,IT Director,name2905@example.com
C02906,A0217,Name2906,VP IT,name2906@example.com
C02907,A0094,Name2907,CISO,name2907@example.com
C02908,A0289,Name2908,IT Director,name2908@example.com
C02909,A0271,Name2909,VP IT,name2909@example.com
C02910,A0443,Name2910,CISO,name2910@example.com
C02911,A0489,Name2911,IT Director,name2911@example.com
C02912,A0500,Name2912,VP IT,name2912@example.com
C02913,A0084,Name2913,CISO,name2913@example.com
C02914,A0155,Name2914,IT Director,name2914@example.com
C02915,A0154,Name2915,VP IT,name2915@example.com
C02916,A0250,Name2916,CISO,name2916@example.com
C02917,A0467,Name2917,IT Director,name2917@example.com
C02918,A0279,Name2918,VP IT,name2918@example.com
C02919,A0020,Name2919,CISO,name2919@example.com
C02920,A0498,Name2920,IT Director,name2920@example.com
C02921,A0048,Name2921,VP IT,name2921@example.com
C02922,A0002,Name2922,CISO,name2922@example.com
C02923,A0363,Name2923,IT Director,name2923@example.com
C02924,A0398,Name2924,VP IT,name2924@example.com
C02925,A0238,Name2925,CISO,name2925@example.com
C02926,A0348,Name2926,IT Director,name2926@example.com
C02927,A0213,Name2927,VP IT,name2927@example.com
C02928,A0458,Name2928,CISO,name2928@example.com
C02929,A0276,Name2929,IT Director,name2929@example.com
C02930,A0473,Name2930,VP IT,name2930@example.com
C02931,A0438,Name2931,CISO,name2931@example.com
C02932,A0106,Name2932,IT Director,name2932@example.com
C02933,A0089,Name2933,VP IT,name2933@example.com
C02934,A0407,Name2934,CISO,name2934@example.com
C02935,A0120,Name2935,IT Director,name2935@example.com
C02936,A0181,Name2936,VP IT,name2936@example.com
C02937,A0161,Name2937,CISO,name2937@example.com
C02938,A0376,Name2938,IT Director,name2938@example.com
C02939,A0154,Name2939,VP IT,name2939@example.com
C02940,A0426,Name2940,CISO,name2940@example.com
C02941,A0486,Name2941,IT Director,name2941@example.com
C02942,A0036,Name2942,VP IT,name2942@example.com
C02943,A0389,Name2943,CISO,name2943@example.com
C02944,A0371,Name2944,IT Director,name2944@example.com
C02945,A0108,Name2945,VP IT,name2945@example.com
C02946,A0117,Name2946,CISO,name2946@example.com
C02947,A0392,Name2947,IT Director,name2947@example.com
C02948,A0055,Name2948,VP IT,name2948@example.com
C02949,A0046,Name2949,CISO,name2949@example.com
C02950,A0417,Name2950,IT Director,name2950@example.com
C02951,A0330,Name2951,VP IT,name2951@example.com
C02952,A0246,Name2952,CISO,name2952@example.com
C02953,A0023,Name2953,IT Director,name2953@example.com
C02954,A0147,Name2954,VP IT,name2954@example.com
C02955,A0315,Name2955,CISO,name2955@example.com
C02956,A0213,Name2956,IT Director,name2956@example.com
C02957,A0345,Name2957,VP IT,name2957@example.com
C02958,A0033,Name2958,CISO,name2958@example.com
C02959,A0482,Name2959,IT Director,name2959@example.com
C02960,A0231,Name2960,VP IT,name2960@example.com
C02961,A0050,Name2961,CISO,name2961@example.com
C02962,A0189,Name2962,IT Director,name2962@example.com
C02963,A0193,Name2963,VP IT,name2963@example.com
C02964,A0344,Name2964,CISO,name2964@example.com
C02965,A0341,Name2965,IT Director,name2965@example.com
C02966,A0202,Name2966,VP IT,name2966@example.com
C02967,A0348,Name2967,CISO,name2967@example.com
C02968,A0240,Name2968,IT Director,name2968@example.com
C02969,A0207,Name2969,VP IT,name2969@example.com
C02970,A0401,Name2970,CISO,name2970@example.com
C02971,A0327,Name2971,IT Director,name2971@example.com
C02972,A0261,Name2972,VP IT,name2972@example.com
C02973,A0018,Name2973,CISO,name2973@example.com
C02974,A0354,Name2974,IT Director,name2974@example.com
C02975,A0187,Name2975,VP IT,name2975@example.com
C02976,A0363,Name2976,CISO,name2976@example.com
C02977,A0442,Name2977,IT Director,name2977@example.com
C02978,A0375,Name2978,VP IT,name2978@example.com
C02979,A0481,Name2979,CISO,name2979@example.com
C02980,A0347,Name2980,IT Director,name2980@example.com
C02981,A0441,Name2981,VP IT,name2981@example.com
C02982,A0336,Name2982,CISO,name2982@example.com
C02983,A0058,Name2983,IT Director,name2983@example.com
C02984,A0400,Name2984,VP IT,name2984@example.com
C02985,A0370,Name2985,CISO,name2985@example.com
C02986,A0080,Name2986,IT Director,name2986@example.com
C02987,A0010,Name2987,VP IT,name2987@example.com
C02988,A0027,Name2988,CISO,name2988@example.com
C02989,A0372,Name2989,IT Director,name2989@example.com
C02990,A0491,Name2990,VP IT,name2990@example.com
C02991,A0094,Name2991,CISO,name2991@example.com
C02992,A0181,Name2992,IT Director,name2992@example.com
C02993,A0267,Name2993,VP IT,name2993@example.com
C02994,A0339,Name2994,CISO,name2994@example.com
C02995,A0193,Name2995,IT Director,name2995@example.com
C02996,A0182,Name2996,VP IT,name2996@example.com
C02997,A0301,Name2997,CISO,name2997@example.com
C02998,A0419,Name2998,IT Director,name2998@example.com
C02999,A0396,Name2999,VP IT,name2999@example.com
C03000,A0313,Name3000,CISO,name3000@example.com
