OpportunityID,AccountID,OwnerID,Stage,Probability,ACV
O00001,A0341,U040,Closed Lost,0,236738
O00002,A0176,U022,Closed Lost,0,48829
O00003,A0100,U045,Closed Won,100,279600
O00004,A0488,U054,Closed Won,100,298550
O00005,A0438,U031,Closed Lost,0,245968
O00006,A0242,U011,Closed Lost,0,150649
O00007,A0155,U037,Closed Lost,0,217840
O00008,A0277,U017,Closed Lost,0,143895
O00009,A0008,U039,Negotiation,80,34037
O00010,A0235,U058,Closed Won,100,196403
O00011,A0261,U029,Discovery,40,119653
O00012,A0474,U022,Closed Won,100,85935
O00013,A0442,U028,Closed Won,100,38442
O00014,A0183,U056,Prospecting,10,14294
O00015,A0385,U035,Negotiation,80,38327
O00016,A0194,U001,Negotiation,80,180119
O00017,A0159,U038,Negotiation,80,36078
O00018,A0367,U006,Discovery,40,182302
O00019,A0344,U053,Prospecting,10,44744
O00020,A0400,U045,Discovery,40,164292
O00021,A0312,U022,Closed Won,100,131934
O00022,A0493,U042,Prospecting,10,105936
O00023,A0384,U037,Closed Lost,0,201777
O00024,A0151,U025,Negotiation,80,230429
O00025,A0499,U030,Closed Lost,0,48905
O00026,A0209,U015,Discovery,40,32137
O00027,A0124,U041,Closed Lost,0,127731
O00028,A0366,U026,Discovery,40,208894
O00029,A0319,U010,Discovery,40,166895
O00030,A0001,U046,Negotiation,80,171093
O00031,A0255,U011,Closed Won,100,86748
O00032,A0190,U028,Prospecting,10,189250
O00033,A0251,U021,Closed Lost,0,68467
O00034,A0331,U019,Closed Lost,0,297336
O00035,A0220,U001,Negotiation,80,172909
O00036,A0328,U032,Prospecting,10,70275
O00037,A0113,U056,Closed Lost,0,148767
O00038,A0191,U051,Closed Won,100,130878
O00039,A0053,U039,Prospecting,10,280128
O00040,A0262,U011,Closed Lost,0,78013
O00041,A0473,U004,Negotiation,80,45811
O00042,A0002,U044,Discovery,40,42399
O00043,A0375,U046,Closed Won,100,21030
O00044,A0029,U001,Prospecting,10,28284
O00045,A0174,U022,Closed Lost,0,19824
O00046,A0005,U036,Closed Lost,0,120813
O00047,A0103,U018,Closed Won,100,164855
O00048,A0282,U034,Closed Lost,0,141795
O00049,A0094,U014,Discovery,40,215233
O00050,A0123,U036,Prospecting,10,247310
O00051,A0170,U021,Prospecting,10,223259
O00052,A0009,U037,Prospecting,10,107018
O00053,A0328,U006,Closed Lost,0,106915
O00054,A0116,U012,Discovery,40,169480
O00055,A0031,U051,Prospecting,10,174552
O00056,A0033,U054,Discovery,40,242351
O00057,A0119,U003,Discovery,40,160068
O00058,A0030,U038,Negotiation,80,56801
O00059,A0103,U051,Closed Won,100,129436
O00060,A0062,U004,Discovery,40,116099
O00061,A0383,U047,Prospecting,10,70783
O00062,A0488,U051,Prospecting,10,125257
O00063,A0366,U017,Negotiation,80,286408
O00064,A0447,U016,Closed Won,100,26915
O00065,A0392,U013,Negotiation,80,180794
O00066,A0183,U030,Negotiation,80,210513
O00067,A0046,U028,Closed Won,100,138185
O00068,A0450,U022,Closed Won,100,103648
O00069,A0333,U008,Closed Lost,0,135680
O00070,A0396,U052,Prospecting,10,238900
O00071,A0273,U020,Negotiation,80,185656
O00072,A0210,U030,Negotiation,80,201033
O00073,A0162,U026,Negotiation,80,257104
O00074,A0009,U024,Closed Lost,0,76765
O00075,A0087,U020,Negotiation,80,76457
O00076,A0365,U047,Closed Lost,0,88378
O00077,A0235,U042,Discovery,40,89816
O00078,A0083,U006,Discovery,40,143107
O00079,A0183,U042,Discovery,40,175262
O00080,A0142,U055,Discovery,40,258022
O00081,A0040,U028,Negotiation,80,90750
O00082,A0181,U057,Closed Lost,0,245761
O00083,A0433,U010,Prospecting,10,175592
O00084,A0351,U012,Prospecting,10,261438
O00085,A0018,U003,Closed Lost,0,110486
O00086,A0377,U024,Negotiation,80,276205
O00087,A0440,U055,Negotiation,80,274032
O00088,A0176,U042,Negotiation,80,73132
O00089,A0486,U025,Discovery,40,27107
O00090,A0454,U040,Negotiation,80,120188
O00091,A0127,U054,Prospecting,10,169595
O00092,A0289,U026,Negotiation,80,138105
O00093,A0396,U004,Negotiation,80,131505
O00094,A0358,U037,Negotiation,80,13578
O00095,A0050,U009,Discovery,40,126790
O00096,A0260,U057,Negotiation,80,149743
O00097,A0084,U015,Discovery,40,49529
O00098,A0294,U033,Negotiation,80,277000
O00099,A0308,U058,Closed Lost,0,294125
O00100,A0442,U056,Closed Won,100,240349
O00101,A0263,U031,Closed Lost,0,105882
O00102,A0443,U023,Closed Lost,0,112481
O00103,A0412,U005,Closed Won,100,155187
O00104,A0118,U049,Discovery,40,84607
O00105,A0396,U014,Discovery,40,21114
O00106,A0249,U024,Discovery,40,106441
O00107,A0402,U024,Prospecting,10,53232
O00108,A0122,U044,Closed Lost,0,120839
O00109,A0226,U042,Prospecting,10,112925
O00110,A0176,U011,Closed Lost,0,19409
O00111,A0162,U057,Discovery,40,261848
O00112,A0019,U058,Closed Lost,0,37458
O00113,A0256,U036,Negotiation,80,193240
O00114,A0250,U005,Discovery,40,278002
O00115,A0341,U048,Negotiation,80,173348
O00116,A0163,U057,Closed Lost,0,56975
O00117,A0174,U027,Closed Won,100,47481
O00118,A0033,U043,Negotiation,80,179318
O00119,A0093,U059,Prospecting,10,181687
O00120,A0161,U017,Discovery,40,142330
O00121,A0488,U032,Negotiation,80,228082
O00122,A0151,U011,Prospecting,10,162454
O00123,A0060,U028,Prospecting,10,235769
O00124,A0112,U018,Closed Lost,0,196888
O00125,A0254,U037,Closed Lost,0,157484
O00126,A0132,U044,Closed Lost,0,100373
O00127,A0074,U023,Negotiation,80,59598
O00128,A0183,U034,Closed Won,100,110803
O00129,A0231,U010,Closed Won,100,262255
O00130,A0020,U047,Discovery,40,139819
O00131,A0380,U005,Prospecting,10,30199
O00132,A0260,U031,Closed Lost,0,263890
O00133,A0470,U034,Negotiation,80,99358
O00134,A0363,U032,Closed Lost,0,218494
O00135,A0198,U036,Prospecting,10,246210
O00136,A0304,U038,Discovery,40,205629
O00137,A0431,U047,Prospecting,10,203098
O00138,A0225,U016,Negotiation,80,296603
O00139,A0436,U006,Negotiation,80,241662
O00140,A0100,U011,Negotiation,80,80598
O00141,A0477,U054,Closed Won,100,33627
O00142,A0291,U022,Negotiation,80,100924
O00143,A0252,U031,Closed Lost,0,14392
O00144,A0120,U057,Closed Lost,0,41139
O00145,A0336,U011,Closed Won,100,277146
O00146,A0205,U030,Discovery,40,74666
O00147,A0135,U009,Negotiation,80,98766
O00148,A0068,U012,Negotiation,80,288009
O00149,A0120,U036,Negotiation,80,234084
O00150,A0235,U033,Closed Won,100,299472
O00151,A0087,U034,Negotiation,80,275962
O00152,A0304,U054,Negotiation,80,118385
O00153,A0345,U010,Negotiation,80,13375
O00154,A0061,U028,Negotiation,80,209237
O00155,A0377,U012,Closed Lost,0,240457
O00156,A0418,U035,Closed Won,100,241923
O00157,A0428,U014,Negotiation,80,38324
O00158,A0370,U007,Prospecting,10,61012
O00159,A0199,U009,Closed Lost,0,242462
O00160,A0094,U031,Closed Won,100,245378
O00161,A0437,U038,Closed Lost,0,29088
O00162,A0100,U038,Closed Lost,0,245911
O00163,A0200,U019,Closed Won,100,192871
O00164,A0432,U039,Discovery,40,153279
O00165,A0450,U050,Discovery,40,24450
O00166,A0032,U052,Closed Lost,0,44040
O00167,A0118,U029,Closed Lost,0,177248
O00168,A0172,U057,Closed Won,100,63289
O00169,A0028,U048,Closed Won,100,255517
O00170,A0477,U027,Negotiation,80,253958
O00171,A0260,U007,Negotiation,80,96083
O00172,A0278,U056,Closed Won,100,233979
O00173,A0380,U055,Closed Lost,0,260485
O00174,A0077,U021,Closed Lost,0,86522
O00175,A0498,U009,Negotiation,80,111448
O00176,A0403,U052,Discovery,40,123309
O00177,A0333,U057,Closed Won,100,91661
O00178,A0358,U007,Prospecting,10,232929
O00179,A0233,U010,Prospecting,10,206362
O00180,A0165,U018,Closed Lost,0,218681
O00181,A0199,U032,Prospecting,10,243502
O00182,A0380,U046,Negotiation,80,168909
O00183,A0199,U021,Closed Lost,0,161842
O00184,A0052,U032,Discovery,40,104223
O00185,A0079,U030,Closed Won,100,65302
O00186,A0064,U035,Closed Lost,0,177031
O00187,A0422,U032,Negotiation,80,188799
O00188,A0164,U036,Closed Lost,0,252530
O00189,A0249,U045,Negotiation,80,216641
O00190,A0465,U014,Closed Lost,0,97075
O00191,A0275,U013,Discovery,40,138623
O00192,A0400,U021,Prospecting,10,42263
O00193,A0215,U002,Negotiation,80,190503
O00194,A0186,U039,Negotiation,80,224349
O00195,A0403,U058,Discovery,40,161313
O00196,A0161,U026,Discovery,40,211629
O00197,A0005,U025,Discovery,40,193584
O00198,A0402,U050,Closed Lost,0,126493
O00199,A0034,U053,Discovery,40,177904
O00200,A0105,U046,Closed Won,100,163972
O00201,A0223,U001,Prospecting,10,194050
O00202,A0414,U027,Prospecting,10,90342
O00203,A0274,U051,Prospecting,10,104056
O00204,A0074,U025,Negotiation,80,239117
O00205,A0278,U056,Negotiation,80,284167
O00206,A0483,U014,Negotiation,80,111681
O00207,A0085,U035,Discovery,40,94159
O00208,A0062,U029,Discovery,40,283739
O00209,A0221,U009,Discovery,40,185024
O00210,A0407,U047,Closed Lost,0,176342
O00211,A0071,U002,Closed Lost,0,198023
O00212,A0116,U016,Discovery,40,270545
O00213,A0251,U003,Closed Lost,0,57059
O00214,A0273,U031,Discovery,40,84852
O00215,A0185,U046,Discovery,40,82283
O00216,A0458,U048,Negotiation,80,192736
O00217,A0197,U031,Prospecting,10,25639
O00218,A0237,U057,Closed Lost,0,113290
O00219,A0106,U045,Discovery,40,12651
O00220,A0022,U018,Negotiation,80,282092
O00221,A0037,U052,Discovery,40,65516
O00222,A0444,U026,Prospecting,10,183987
O00223,A0229,U046,Prospecting,10,284060
O00224,A0342,U018,Closed Won,100,84824
O00225,A0191,U042,Closed Won,100,192922
O00226,A0211,U028,Closed Won,100,202962
O00227,A0473,U014,Closed Lost,0,112571
O00228,A0075,U016,Prospecting,10,135808
O00229,A0124,U043,Prospecting,10,216345
O00230,A0402,U040,Closed Won,100,241097
O00231,A0049,U004,Closed Lost,0,100343
O00232,A0004,U003,Closed Lost,0,235540
O00233,A0213,U009,Negotiation,80,133571
O00234,A0464,U027,Negotiation,80,189220
O00235,A0383,U004,Closed Lost,0,275455
O00236,A0067,U045,Closed Won,100,284287
O00237,A0300,U004,Negotiation,80,193161
O00238,A0431,U056,Prospecting,10,138680
O00239,A0224,U010,Prospecting,10,20001
O00240,A0067,U010,Negotiation,80,161107
O00241,A0242,U041,Prospecting,10,24032
O00242,A0035,U049,Closed Won,100,235972
O00243,A0241,U035,Prospecting,10,272830
O00244,A0066,U035,Prospecting,10,216344
O00245,A0279,U027,Closed Lost,0,136769
O00246,A0195,U031,Closed Lost,0,176318
O00247,A0060,U005,Closed Won,100,120457
O00248,A0313,U056,Closed Lost,0,203626
O00249,A0050,U023,Prospecting,10,65423
O00250,A0057,U045,Discovery,40,55879
O00251,A0263,U028,Prospecting,10,132930
O00252,A0158,U032,Prospecting,10,42414
O00253,A0220,U036,Closed Lost,0,166358
O00254,A0322,U003,Closed Won,100,25194
O00255,A0466,U040,Negotiation,80,260784
O00256,A0113,U018,Closed Won,100,178630
O00257,A0227,U035,Closed Won,100,38697
O00258,A0264,U012,Negotiation,80,239621
O00259,A0152,U038,Closed Won,100,105731
O00260,A0262,U043,Negotiation,80,218562
O00261,A0351,U036,Closed Won,100,218895
O00262,A0386,U041,Closed Won,100,125702
O00263,A0009,U005,Negotiation,80,87508
O00264,A0499,U053,Closed Won,100,70711
O00265,A0133,U055,Negotiation,80,172169
O00266,A0451,U020,Closed Lost,0,82634
O00267,A0257,U009,Prospecting,10,248612
O00268,A0229,U031,Prospecting,10,180780
O00269,A0191,U009,Closed Lost,0,17676
O00270,A0104,U050,Closed Lost,0,150861
O00271,A0415,U005,Closed Lost,0,252203
O00272,A0007,U042,Negotiation,80,149408
O00273,A0355,U002,Closed Lost,0,220470
O00274,A0051,U044,Prospecting,10,178948
O00275,A0318,U041,Closed Lost,0,244547
O00276,A0313,U032,Prospecting,10,287747
O00277,A0302,U056,Negotiation,80,32902
O00278,A0087,U004,Discovery,40,70991
O00279,A0061,U036,Prospecting,10,287759
O00280,A0386,U051,Negotiation,80,115129
O00281,A0274,U010,Discovery,40,129502
O00282,A0046,U033,Discovery,40,195012
O00283,A0223,U018,Closed Lost,0,80619
O00284,A0296,U052,Negotiation,80,140086
O00285,A0439,U039,Prospecting,10,148859
O00286,A0478,U002,Prospecting,10,236423
O00287,A0495,U019,Closed Lost,0,258833
O00288,A0224,U054,Closed Won,100,45597
O00289,A0110,U050,Discovery,40,27850
O00290,A0489,U055,Closed Won,100,227336
O00291,A0482,U023,Negotiation,80,278246
O00292,A0092,U051,Discovery,40,128484
O00293,A0415,U004,Discovery,40,201646
O00294,A0445,U029,Prospecting,10,178757
O00295,A0113,U017,Discovery,40,91259
O00296,A0196,U007,Closed Lost,0,260400
O00297,A0001,U031,Closed Lost,0,173675
O00298,A0398,U051,Negotiation,80,162654
O00299,A0409,U009,Discovery,40,209517
O00300,A0404,U050,Prospecting,10,210567
O00301,A0275,U056,Closed Won,100,22743
O00302,A0119,U055,Discovery,40,268586
O00303,A0454,U019,Prospecting,10,238670
O00304,A0265,U022,Discovery,40,61567
O00305,A0125,U032,Discovery,40,70786
O00306,A0255,U023,Discovery,40,237123
O00307,A0284,U027,Closed Won,100,22491
O00308,A0485,U056,Closed Won,100,84176
O00309,A0066,U004,Closed Won,100,163343
O00310,A0316,U028,Closed Won,100,60006
O00311,A0307,U018,Discovery,40,261020
O00312,A0217,U017,Closed Lost,0,276717
O00313,A0167,U051,Prospecting,10,90231
O00314,A0366,U035,Closed Lost,0,146154
O00315,A0288,U043,Prospecting,10,60887
O00316,A0233,U017,Negotiation,80,59660
O00317,A0072,U052,Negotiation,80,54391
O00318,A0362,U025,Closed Won,100,24622
O00319,A0299,U047,Closed Won,100,78129
O00320,A0497,U026,Closed Lost,0,267930
O00321,A0261,U002,Discovery,40,207125
O00322,A0211,U039,Prospecting,10,54062
O00323,A0345,U003,Discovery,40,248180
O00324,A0151,U040,Prospecting,10,30749
O00325,A0394,U003,Negotiation,80,45837
O00326,A0424,U003,Prospecting,10,170801
O00327,A0158,U006,Negotiation,80,291779
O00328,A0318,U023,Closed Won,100,181387
O00329,A0455,U041,Discovery,40,196223
O00330,A0128,U021,Closed Lost,0,131988
O00331,A0325,U050,Discovery,40,124134
O00332,A0490,U020,Negotiation,80,291178
O00333,A0366,U020,Negotiation,80,12515
O00334,A0130,U056,Closed Won,100,130691
O00335,A0498,U016,Discovery,40,94533
O00336,A0133,U026,Prospecting,10,116208
O00337,A0085,U053,Discovery,40,48807
O00338,A0198,U059,Negotiation,80,120638
O00339,A0020,U029,Discovery,40,123249
O00340,A0405,U008,Closed Won,100,172949
O00341,A0370,U041,Discovery,40,161872
O00342,A0407,U042,Closed Lost,0,243750
O00343,A0043,U005,Negotiation,80,46938
O00344,A0062,U034,Discovery,40,253043
O00345,A0235,U001,Closed Lost,0,97876
O00346,A0222,U035,Closed Won,100,67518
O00347,A0008,U016,Discovery,40,171370
O00348,A0266,U039,Discovery,40,164230
O00349,A0136,U059,Negotiation,80,193214
O00350,A0148,U004,Negotiation,80,25248
O00351,A0321,U050,Prospecting,10,241368
O00352,A0106,U005,Prospecting,10,175502
O00353,A0339,U020,Closed Won,100,69937
O00354,A0345,U056,Discovery,40,68232
O00355,A0016,U013,Discovery,40,81133
O00356,A0306,U044,Closed Lost,0,23520
O00357,A0374,U002,Closed Won,100,129226
O00358,A0089,U054,Closed Won,100,288990
O00359,A0115,U009,Prospecting,10,42876
O00360,A0447,U009,Prospecting,10,177939
O00361,A0044,U034,Closed Lost,0,292676
O00362,A0100,U026,Negotiation,80,14148
O00363,A0144,U023,Closed Lost,0,145758
O00364,A0198,U056,Closed Lost,0,221827
O00365,A0271,U035,Closed Lost,0,254035
O00366,A0046,U012,Negotiation,80,261285
O00367,A0202,U009,Closed Lost,0,119194
O00368,A0014,U034,Closed Lost,0,37090
O00369,A0075,U015,Negotiation,80,177067
O00370,A0021,U057,Closed Won,100,224133
O00371,A0244,U054,Closed Lost,0,273499
O00372,A0409,U045,Prospecting,10,28045
O00373,A0285,U027,Discovery,40,296220
O00374,A0279,U018,Closed Won,100,33268
O00375,A0100,U020,Discovery,40,209380
O00376,A0466,U034,Negotiation,80,21994
O00377,A0137,U013,Closed Lost,0,290929
O00378,A0380,U035,Closed Lost,0,95136
O00379,A0046,U014,Discovery,40,261879
O00380,A0027,U043,Discovery,40,221066
O00381,A0008,U010,Negotiation,80,61867
O00382,A0363,U038,Prospecting,10,235489
O00383,A0490,U012,Closed Won,100,124348
O00384,A0240,U052,Closed Lost,0,66519
O00385,A0447,U015,Closed Won,100,43265
O00386,A0174,U033,Discovery,40,258952
O00387,A0263,U043,Closed Won,100,202713
O00388,A0419,U055,Closed Won,100,140062
O00389,A0134,U026,Closed Won,100,196572
O00390,A0411,U037,Closed Won,100,129974
O00391,A0462,U040,Closed Won,100,65709
O00392,A0352,U056,Discovery,40,190619
O00393,A0014,U027,Prospecting,10,269065
O00394,A0391,U030,Prospecting,10,67734
O00395,A0233,U023,Discovery,40,278384
O00396,A0455,U022,Prospecting,10,29437
O00397,A0432,U038,Negotiation,80,284718
O00398,A0433,U022,Closed Lost,0,78049
O00399,A0086,U028,Closed Lost,0,173370
O00400,A0374,U016,Closed Won,100,266516
O00401,A0015,U033,Closed Won,100,143557
O00402,A0147,U017,Prospecting,10,23003
O00403,A0044,U021,Closed Lost,0,279737
O00404,A0113,U019,Discovery,40,52469
O00405,A0234,U024,Discovery,40,219124
O00406,A0444,U052,Closed Won,100,257490
O00407,A0289,U032,Prospecting,10,53707
O00408,A0031,U002,Prospecting,10,156146
O00409,A0138,U020,Prospecting,10,102443
O00410,A0245,U040,Closed Lost,0,186890
O00411,A0233,U056,Prospecting,10,189232
O00412,A0435,U015,Discovery,40,191315
O00413,A0012,U029,Prospecting,10,278468
O00414,A0202,U010,Discovery,40,104010
O00415,A0042,U026,Discovery,40,31393
O00416,A0164,U001,Discovery,40,248122
O00417,A0418,U040,Closed Lost,0,286086
O00418,A0020,U054,Discovery,40,231536
O00419,A0418,U060,Discovery,40,144879
O00420,A0498,U029,Closed Lost,0,109015
O00421,A0310,U054,Prospecting,10,207969
O00422,A0205,U033,Closed Won,100,233375
O00423,A0227,U022,Negotiation,80,22536
O00424,A0242,U054,Prospecting,10,229858
O00425,A0460,U028,Discovery,40,94082
O00426,A0261,U050,Closed Lost,0,276236
O00427,A0319,U012,Closed Lost,0,150088
O00428,A0384,U031,Closed Won,100,159721
O00429,A0480,U046,Negotiation,80,249432
O00430,A0283,U025,Closed Won,100,160132
O00431,A0184,U035,Discovery,40,295582
O00432,A0116,U017,Closed Lost,0,20517
O00433,A0135,U046,Prospecting,10,214377
O00434,A0136,U050,Discovery,40,142311
O00435,A0009,U011,Closed Won,100,263507
O00436,A0113,U010,Prospecting,10,69207
O00437,A0030,U012,Closed Won,100,45736
O00438,A0240,U036,Prospecting,10,255524
O00439,A0030,U018,Prospecting,10,36892
O00440,A0242,U057,Closed Lost,0,118981
O00441,A0305,U029,Negotiation,80,67950
O00442,A0461,U021,Negotiation,80,210388
O00443,A0149,U006,Closed Won,100,130185
O00444,A0288,U023,Closed Won,100,234073
O00445,A0364,U058,Closed Won,100,238501
O00446,A0137,U012,Closed Lost,0,89091
O00447,A0170,U023,Prospecting,10,207379
O00448,A0324,U038,Prospecting,10,176683
O00449,A0463,U012,Closed Lost,0,86184
O00450,A0273,U014,Prospecting,10,260221
O00451,A0184,U040,Discovery,40,286518
O00452,A0396,U014,Discovery,40,166786
O00453,A0435,U048,Discovery,40,82510
O00454,A0218,U032,Closed Won,100,193947
O00455,A0273,U005,Prospecting,10,22774
O00456,A0128,U010,Negotiation,80,121922
O00457,A0228,U033,Closed Won,100,152996
O00458,A0306,U055,Closed Won,100,187184
O00459,A0461,U022,Closed Won,100,52535
O00460,A0313,U004,Closed Lost,0,83006
O00461,A0381,U031,Closed Lost,0,102362
O00462,A0005,U005,Prospecting,10,22624
O00463,A0143,U013,Discovery,40,251469
O00464,A0366,U035,Closed Won,100,278039
O00465,A0358,U056,Negotiation,80,148422
O00466,A0197,U056,Closed Lost,0,65252
O00467,A0238,U016,Closed Won,100,47317
O00468,A0069,U044,Negotiation,80,23919
O00469,A0327,U004,Closed Won,100,162258
O00470,A0395,U043,Negotiation,80,18851
O00471,A0225,U021,Closed Lost,0,15260
O00472,A0162,U059,Closed Lost,0,215539
O00473,A0299,U053,Prospecting,10,244162
O00474,A0217,U026,Prospecting,10,74635
O00475,A0452,U002,Closed Lost,0,16033
O00476,A0305,U027,Closed Lost,0,192577
O00477,A0208,U048,Discovery,40,31289
O00478,A0476,U052,Discovery,40,159695
O00479,A0359,U040,Closed Lost,0,225449
O00480,A0404,U037,Discovery,40,255976
O00481,A0299,U052,Negotiation,80,144382
O00482,A0399,U057,Prospecting,10,214889
O00483,A0482,U038,Closed Lost,0,226019
O00484,A0166,U011,Discovery,40,247626
O00485,A0296,U060,Closed Won,100,75855
O00486,A0459,U042,Closed Lost,0,51459
O00487,A0302,U040,Closed Lost,0,216007
O00488,A0201,U032,Negotiation,80,27574
O00489,A0082,U054,Negotiation,80,150946
O00490,A0141,U008,Closed Won,100,143928
O00491,A0497,U008,Prospecting,10,66028
O00492,A0485,U010,Closed Won,100,254227
O00493,A0401,U016,Discovery,40,31771
O00494,A0041,U007,Discovery,40,60602
O00495,A0297,U043,Prospecting,10,69791
O00496,A0130,U027,Prospecting,10,86830
O00497,A0059,U004,Negotiation,80,214224
O00498,A0320,U053,Closed Lost,0,127172
O00499,A0275,U037,Discovery,40,266558
O00500,A0181,U054,Discovery,40,218693
O00501,A0406,U052,Closed Lost,0,99849
O00502,A0272,U055,Negotiation,80,46942
O00503,A0490,U001,Prospecting,10,166191
O00504,A0231,U006,Prospecting,10,10345
O00505,A0380,U018,Prospecting,10,297698
O00506,A0303,U060,Negotiation,80,143396
O00507,A0197,U008,Closed Won,100,127162
O00508,A0329,U043,Negotiation,80,75864
O00509,A0257,U057,Closed Lost,0,22635
O00510,A0447,U046,Negotiation,80,243999
O00511,A0221,U052,Prospecting,10,91432
O00512,A0059,U024,Negotiation,80,142316
O00513,A0169,U060,Discovery,40,83856
O00514,A0115,U040,Closed Lost,0,13898
O00515,A0363,U054,Discovery,40,262964
O00516,A0329,U009,Negotiation,80,224121
O00517,A0219,U058,Negotiation,80,240681
O00518,A0129,U004,Prospecting,10,286491
O00519,A0368,U033,Negotiation,80,177088
O00520,A0107,U015,Discovery,40,136900
O00521,A0178,U017,Closed Won,100,10786
O00522,A0396,U033,Closed Won,100,83678
O00523,A0392,U031,Closed Won,100,57411
O00524,A0410,U054,Closed Lost,0,154709
O00525,A0113,U007,Prospecting,10,233417
O00526,A0073,U008,Closed Won,100,240484
O00527,A0342,U052,Closed Lost,0,123470
O00528,A0111,U018,Discovery,40,201730
O00529,A0178,U048,Negotiation,80,142030
O00530,A0387,U010,Closed Lost,0,26270
O00531,A0132,U060,Discovery,40,262786
O00532,A0275,U002,Closed Lost,0,189288
O00533,A0466,U054,Prospecting,10,101506
O00534,A0133,U042,Discovery,40,130639
O00535,A0219,U045,Prospecting,10,203486
O00536,A0386,U053,Negotiation,80,109383
O00537,A0493,U001,Prospecting,10,215679
O00538,A0294,U022,Negotiation,80,225159
O00539,A0302,U051,Negotiation,80,144915
O00540,A0387,U040,Closed Won,100,154629
O00541,A0315,U005,Negotiation,80,239261
O00542,A0314,U031,Discovery,40,191473
O00543,A0368,U002,Negotiation,80,65669
O00544,A0272,U004,Closed Lost,0,99679
O00545,A0387,U015,Closed Lost,0,290738
O00546,A0435,U019,Closed Won,100,231933
O00547,A0319,U001,Closed Won,100,45661
O00548,A0079,U047,Closed Won,100,118866
O00549,A0344,U060,Closed Won,100,216454
O00550,A0051,U027,Closed Won,100,96519
O00551,A0111,U042,Closed Won,100,171900
O00552,A0399,U003,Closed Lost,0,166656
O00553,A0404,U009,Negotiation,80,141647
O00554,A0156,U031,Closed Lost,0,79923
O00555,A0171,U034,Closed Won,100,178386
O00556,A0143,U003,Discovery,40,172840
O00557,A0471,U056,Closed Lost,0,164471
O00558,A0154,U017,Closed Won,100,93719
O00559,A0135,U052,Negotiation,80,185122
O00560,A0133,U025,Discovery,40,241699
O00561,A0370,U011,Closed Won,100,211106
O00562,A0048,U038,Prospecting,10,117871
O00563,A0027,U034,Negotiation,80,170157
O00564,A0213,U051,Prospecting,10,67047
O00565,A0321,U045,Closed Lost,0,179839
O00566,A0472,U001,Discovery,40,190557
O00567,A0320,U023,Discovery,40,282169
O00568,A0481,U046,Closed Won,100,136267
O00569,A0043,U003,Closed Lost,0,185594
O00570,A0335,U029,Prospecting,10,23666
O00571,A0457,U052,Discovery,40,157339
O00572,A0425,U014,Closed Lost,0,234841
O00573,A0323,U011,Negotiation,80,33039
O00574,A0255,U025,Prospecting,10,293871
O00575,A0195,U019,Prospecting,10,238669
O00576,A0118,U022,Prospecting,10,229825
O00577,A0295,U032,Closed Lost,0,116518
O00578,A0262,U044,Closed Lost,0,56625
O00579,A0408,U041,Negotiation,80,222143
O00580,A0400,U016,Discovery,40,281130
O00581,A0444,U005,Closed Won,100,229694
O00582,A0112,U017,Closed Won,100,10816
O00583,A0017,U017,Negotiation,80,54721
O00584,A0317,U017,Discovery,40,245320
O00585,A0157,U007,Closed Won,100,165871
O00586,A0245,U012,Prospecting,10,143389
O00587,A0107,U009,Closed Lost,0,32096
O00588,A0283,U001,Closed Won,100,273861
O00589,A0002,U047,Negotiation,80,210102
O00590,A0050,U017,Negotiation,80,94906
O00591,A0357,U013,Closed Lost,0,48075
O00592,A0400,U045,Discovery,40,207729
O00593,A0291,U047,Closed Lost,0,22199
O00594,A0472,U026,Discovery,40,19366
O00595,A0271,U027,Prospecting,10,102156
O00596,A0379,U059,Prospecting,10,217512
O00597,A0098,U011,Closed Won,100,126433
O00598,A0314,U029,Prospecting,10,293127
O00599,A0172,U055,Closed Lost,0,141145
O00600,A0260,U039,Discovery,40,144110
O00601,A0127,U043,Closed Won,100,163333
O00602,A0132,U058,Closed Lost,0,87136
O00603,A0186,U038,Negotiation,80,154454
O00604,A0329,U015,Closed Lost,0,109233
O00605,A0339,U002,Closed Lost,0,65251
O00606,A0142,U011,Discovery,40,178856
O00607,A0084,U042,Discovery,40,27210
O00608,A0113,U025,Closed Lost,0,147232
O00609,A0109,U041,Negotiation,80,147002
O00610,A0022,U050,Closed Won,100,27307
O00611,A0369,U032,Discovery,40,238875
O00612,A0487,U055,Negotiation,80,202178
O00613,A0399,U055,Closed Won,100,196663
O00614,A0102,U019,Closed Lost,0,156942
O00615,A0248,U040,Negotiation,80,90037
O00616,A0183,U010,Closed Lost,0,214339
O00617,A0037,U017,Prospecting,10,49505
O00618,A0107,U030,Closed Won,100,171225
O00619,A0138,U022,Prospecting,10,12241
O00620,A0254,U051,Closed Lost,0,236195
O00621,A0217,U049,Closed Won,100,202219
O00622,A0369,U032,Closed Lost,0,111490
O00623,A0442,U026,Closed Won,100,161642
O00624,A0042,U047,Prospecting,10,94449
O00625,A0468,U024,Negotiation,80,235135
O00626,A0064,U054,Closed Won,100,207350
O00627,A0223,U039,Prospecting,10,115418
O00628,A0118,U055,Prospecting,10,260463
O00629,A0089,U044,Closed Won,100,79770
O00630,A0318,U007,Discovery,40,191859
O00631,A0259,U029,Negotiation,80,97408
O00632,A0323,U031,Closed Won,100,106590
O00633,A0258,U013,Prospecting,10,141061
O00634,A0062,U018,Discovery,40,16852
O00635,A0191,U019,Prospecting,10,122518
O00636,A0478,U020,Prospecting,10,87626
O00637,A0035,U046,Discovery,40,91997
O00638,A0215,U018,Closed Lost,0,78543
O00639,A0462,U013,Prospecting,10,94234
O00640,A0214,U014,Closed Lost,0,215824
O00641,A0435,U032,Closed Lost,0,100763
O00642,A0033,U052,Closed Lost,0,271361
O00643,A0105,U005,Discovery,40,89502
O00644,A0461,U013,Discovery,40,87245
O00645,A0133,U005,Closed Lost,0,205124
O00646,A0183,U034,Prospecting,10,156157
O00647,A0337,U037,Discovery,40,256262
O00648,A0402,U036,Closed Won,100,125724
O00649,A0284,U038,Discovery,40,71621
O00650,A0380,U028,Closed Won,100,202793
O00651,A0228,U044,Discovery,40,215394
O00652,A0343,U037,Negotiation,80,106155
O00653,A0393,U059,Prospecting,10,35567
O00654,A0442,U040,Negotiation,80,252937
O00655,A0340,U047,Discovery,40,254664
O00656,A0192,U023,Closed Lost,0,91911
O00657,A0103,U035,Closed Won,100,260209
O00658,A0145,U039,Closed Lost,0,119080
O00659,A0312,U015,Discovery,40,158201
O00660,A0427,U043,Prospecting,10,56175
O00661,A0434,U028,Discovery,40,278463
O00662,A0344,U054,Discovery,40,167646
O00663,A0368,U004,Closed Won,100,206959
O00664,A0326,U045,Discovery,40,38012
O00665,A0383,U020,Negotiation,80,120497
O00666,A0007,U049,Closed Won,100,249436
O00667,A0215,U016,Negotiation,80,65184
O00668,A0259,U004,Discovery,40,210375
O00669,A0478,U054,Discovery,40,19042
O00670,A0254,U060,Closed Lost,0,264431
O00671,A0282,U055,Negotiation,80,233616
O00672,A0475,U042,Prospecting,10,238554
O00673,A0493,U016,Closed Won,100,281521
O00674,A0287,U041,Prospecting,10,32642
O00675,A0332,U054,Discovery,40,175445
O00676,A0500,U055,Prospecting,10,80711
O00677,A0431,U045,Closed Won,100,103573
O00678,A0075,U010,Closed Won,100,141925
O00679,A0196,U045,Closed Lost,0,58703
O00680,A0064,U005,Closed Lost,0,211059
O00681,A0188,U014,Closed Won,100,29735
O00682,A0210,U015,Closed Lost,0,262202
O00683,A0087,U016,Discovery,40,113334
O00684,A0342,U022,Closed Lost,0,166598
O00685,A0423,U054,Closed Won,100,275227
O00686,A0389,U058,Discovery,40,121697
O00687,A0064,U050,Negotiation,80,15364
O00688,A0320,U021,Prospecting,10,56651
O00689,A0334,U012,Closed Lost,0,249137
O00690,A0042,U027,Closed Lost,0,83545
O00691,A0023,U051,Closed Lost,0,83498
O00692,A0480,U043,Negotiation,80,198062
O00693,A0383,U013,Closed Won,100,219857
O00694,A0431,U052,Closed Won,100,55052
O00695,A0188,U001,Closed Won,100,159482
O00696,A0300,U023,Discovery,40,206323
O00697,A0049,U029,Prospecting,10,222500
O00698,A0359,U012,Negotiation,80,166856
O00699,A0382,U022,Discovery,40,184281
O00700,A0496,U003,Discovery,40,36717
O00701,A0363,U012,Prospecting,10,252435
O00702,A0495,U046,Negotiation,80,29259
O00703,A0409,U038,Negotiation,80,285472
O00704,A0494,U005,Negotiation,80,141022
O00705,A0067,U049,Prospecting,10,226691
O00706,A0139,U052,Negotiation,80,271339
O00707,A0198,U008,Prospecting,10,170037
O00708,A0385,U016,Closed Won,100,130279
O00709,A0299,U028,Closed Lost,0,148402
O00710,A0003,U052,Prospecting,10,89452
O00711,A0363,U049,Closed Won,100,88194
O00712,A0040,U039,Negotiation,80,139752
O00713,A0330,U056,Closed Lost,0,298480
O00714,A0068,U026,Discovery,40,82797
O00715,A0356,U047,Closed Lost,0,183109
O00716,A0067,U009,Discovery,40,71064
O00717,A0397,U003,Discovery,40,155877
O00718,A0181,U001,Negotiation,80,86208
O00719,A0033,U052,Prospecting,10,249176
O00720,A0366,U026,Closed Won,100,172222
O00721,A0201,U028,Discovery,40,198748
O00722,A0180,U019,Closed Won,100,259135
O00723,A0499,U018,Discovery,40,14183
O00724,A0118,U045,Negotiation,80,37846
O00725,A0031,U051,Closed Won,100,13950
O00726,A0305,U030,Prospecting,10,11315
O00727,A0068,U046,Discovery,40,215551
O00728,A0489,U025,Closed Lost,0,126648
O00729,A0437,U055,Closed Lost,0,155120
O00730,A0371,U014,Discovery,40,94683
O00731,A0454,U058,Prospecting,10,183213
O00732,A0045,U008,Negotiation,80,130988
O00733,A0169,U051,Discovery,40,291231
O00734,A0406,U050,Closed Won,100,53421
O00735,A0293,U023,Closed Won,100,96537
O00736,A0317,U007,Discovery,40,195737
O00737,A0352,U056,Discovery,40,268621
O00738,A0041,U030,Closed Lost,0,236175
O00739,A0033,U005,Discovery,40,141960
O00740,A0201,U054,Negotiation,80,203131
O00741,A0168,U028,Closed Lost,0,280860
O00742,A0307,U042,Closed Lost,0,47065
O00743,A0458,U027,Discovery,40,192261
O00744,A0378,U032,Closed Lost,0,191711
O00745,A0230,U022,Prospecting,10,14559
O00746,A0489,U020,Discovery,40,225415
O00747,A0099,U018,Discovery,40,276849
O00748,A0024,U011,Closed Lost,0,172556
O00749,A0339,U008,Prospecting,10,149320
O00750,A0058,U012,Closed Lost,0,247076
O00751,A0466,U016,Closed Lost,0,255641
O00752,A0028,U010,Closed Won,100,268395
O00753,A0258,U019,Negotiation,80,206829
O00754,A0290,U028,Prospecting,10,78072
O00755,A0120,U028,Closed Lost,0,265214
O00756,A0303,U047,Prospecting,10,199637
O00757,A0267,U012,Closed Lost,0,42510
O00758,A0098,U002,Discovery,40,191967
O00759,A0123,U046,Discovery,40,286249
O00760,A0333,U027,Closed Lost,0,227568
O00761,A0402,U016,Discovery,40,10412
O00762,A0484,U033,Discovery,40,289285
O00763,A0336,U010,Prospecting,10,297694
O00764,A0409,U002,Prospecting,10,84597
O00765,A0137,U015,Closed Lost,0,199153
O00766,A0375,U009,Negotiation,80,59161
O00767,A0450,U027,Negotiation,80,196436
O00768,A0446,U003,Closed Lost,0,297573
O00769,A0438,U044,Prospecting,10,250270
O00770,A0375,U041,Prospecting,10,174871
O00771,A0476,U020,Negotiation,80,214313
O00772,A0407,U025,Negotiation,80,262953
O00773,A0345,U008,Negotiation,80,15942
O00774,A0218,U005,Prospecting,10,119348
O00775,A0323,U001,Prospecting,10,138780
O00776,A0468,U005,Closed Won,100,121504
O00777,A0110,U059,Negotiation,80,165227
O00778,A0442,U030,Negotiation,80,253840
O00779,A0294,U046,Closed Lost,0,277090
O00780,A0357,U030,Discovery,40,207382
O00781,A0376,U002,Prospecting,10,48687
O00782,A0370,U040,Negotiation,80,245599
O00783,A0369,U019,Discovery,40,227238
O00784,A0329,U039,Discovery,40,216940
O00785,A0433,U055,Closed Won,100,252763
O00786,A0127,U059,Discovery,40,268825
O00787,A0150,U018,Prospecting,10,258583
O00788,A0459,U055,Closed Won,100,194575
O00789,A0304,U047,Prospecting,10,72865
O00790,A0353,U029,Discovery,40,213454
O00791,A0216,U004,Discovery,40,102261
O00792,A0218,U024,Closed Won,100,285574
O00793,A0410,U005,Discovery,40,278303
O00794,A0024,U038,Discovery,40,121216
O00795,A0279,U058,Closed Lost,0,253967
O00796,A0155,U031,Negotiation,80,80652
O00797,A0363,U029,Prospecting,10,237386
O00798,A0177,U028,Closed Lost,0,200469
O00799,A0394,U018,Discovery,40,116596
O00800,A0296,U058,Closed Won,100,258412
O00801,A0352,U040,Negotiation,80,227793
O00802,A0142,U056,Negotiation,80,242698
O00803,A0057,U021,Prospecting,10,244737
O00804,A0266,U053,Negotiation,80,128965
O00805,A0463,U059,Closed Lost,0,177886
O00806,A0080,U011,Discovery,40,143342
O00807,A0211,U054,Discovery,40,25839
O00808,A0204,U015,Closed Won,100,81303
O00809,A0044,U011,Prospecting,10,255746
O00810,A0373,U025,Closed Lost,0,125286
O00811,A0310,U026,Negotiation,80,150689
O00812,A0146,U010,Prospecting,10,73001
O00813,A0145,U048,Closed Won,100,167762
O00814,A0284,U004,Closed Won,100,87959
O00815,A0459,U050,Prospecting,10,96796
O00816,A0250,U053,Closed Lost,0,237045
O00817,A0475,U004,Prospecting,10,198052
O00818,A0158,U003,Negotiation,80,170559
O00819,A0017,U023,Closed Won,100,159120
O00820,A0322,U014,Closed Lost,0,148130
O00821,A0087,U059,Negotiation,80,160432
O00822,A0174,U036,Closed Lost,0,57084
O00823,A0066,U009,Prospecting,10,211171
O00824,A0174,U054,Negotiation,80,256954
O00825,A0150,U002,Discovery,40,149091
O00826,A0279,U041,Prospecting,10,22116
O00827,A0277,U053,Closed Won,100,253214
O00828,A0414,U040,Prospecting,10,276970
O00829,A0055,U008,Closed Won,100,18641
O00830,A0046,U032,Closed Won,100,122608
O00831,A0300,U003,Negotiation,80,224822
O00832,A0445,U035,Closed Won,100,177354
O00833,A0005,U009,Discovery,40,257407
O00834,A0129,U028,Closed Won,100,280032
O00835,A0214,U029,Prospecting,10,299076
O00836,A0152,U051,Closed Lost,0,58822
O00837,A0461,U057,Prospecting,10,232148
O00838,A0467,U059,Discovery,40,193991
O00839,A0043,U030,Discovery,40,199665
O00840,A0304,U039,Prospecting,10,183655
O00841,A0446,U014,Prospecting,10,176547
O00842,A0447,U011,Discovery,40,183224
O00843,A0107,U048,Prospecting,10,163732
O00844,A0299,U005,Closed Lost,0,267259
O00845,A0237,U053,Closed Lost,0,272247
O00846,A0198,U024,Closed Won,100,284390
O00847,A0244,U052,Closed Lost,0,101405
O00848,A0001,U012,Discovery,40,171732
O00849,A0334,U041,Discovery,40,88649
O00850,A0440,U050,Discovery,40,80453
O00851,A0471,U030,Discovery,40,82368
O00852,A0464,U032,Prospecting,10,275525
O00853,A0200,U026,Closed Lost,0,232348
O00854,A0490,U042,Closed Lost,0,274236
O00855,A0241,U018,Closed Won,100,260337
O00856,A0344,U043,Discovery,40,113701
O00857,A0019,U060,Closed Won,100,153836
O00858,A0401,U009,Closed Lost,0,240765
O00859,A0080,U058,Discovery,40,214638
O00860,A0322,U044,Closed Won,100,42407
O00861,A0363,U015,Negotiation,80,91853
O00862,A0304,U050,Negotiation,80,266757
O00863,A0079,U052,Negotiation,80,43796
O00864,A0202,U058,Closed Lost,0,48339
O00865,A0001,U055,Prospecting,10,25754
O00866,A0419,U006,Prospecting,10,78732
O00867,A0129,U004,Closed Lost,0,119256
O00868,A0173,U044,Closed Won,100,156034
O00869,A0103,U053,Negotiation,80,93093
O00870,A0042,U023,Closed Won,100,70440
O00871,A0231,U054,Closed Won,100,184868
O00872,A0473,U007,Closed Lost,0,15382
O00873,A0076,U027,Prospecting,10,120679
O00874,A0035,U056,Discovery,40,94007
O00875,A0455,U033,Closed Won,100,22427
O00876,A0359,U052,Negotiation,80,164405
O00877,A0404,U010,Negotiation,80,247162
O00878,A0023,U019,Prospecting,10,93564
O00879,A0320,U021,Prospecting,10,22481
O00880,A0130,U007,Discovery,40,132422
O00881,A0402,U042,Negotiation,80,269334
O00882,A0099,U060,Closed Won,100,50575
O00883,A0147,U058,Discovery,40,25807
O00884,A0081,U050,Discovery,40,101707
O00885,A0304,U040,Discovery,40,251233
O00886,A0002,U060,Prospecting,10,112545
O00887,A0188,U042,Closed Lost,0,99448
O00888,A0418,U007,Negotiation,80,52281
O00889,A0119,U025,Negotiation,80,166071
O00890,A0070,U060,Closed Lost,0,167960
O00891,A0153,U053,Discovery,40,289851
O00892,A0154,U034,Prospecting,10,62660
O00893,A0226,U026,Discovery,40,61266
O00894,A0494,U052,Prospecting,10,217280
O00895,A0495,U042,Closed Won,100,14032
O00896,A0356,U031,Negotiation,80,255770
O00897,A0093,U014,Negotiation,80,260206
O00898,A0440,U060,Closed Lost,0,114625
O00899,A0378,U051,Closed Lost,0,290163
O00900,A0071,U028,Discovery,40,114096
O00901,A0252,U015,Negotiation,80,35501
O00902,A0426,U008,Discovery,40,200401
O00903,A0357,U003,Prospecting,10,121451
O00904,A0170,U048,Closed Won,100,223392
O00905,A0227,U053,Closed Won,100,251385
O00906,A0382,U040,Closed Lost,0,245433
O00907,A0021,U014,Negotiation,80,146074
O00908,A0424,U060,Discovery,40,281630
O00909,A0404,U049,Prospecting,10,227619
O00910,A0168,U007,Discovery,40,12742
O00911,A0102,U046,Discovery,40,211432
O00912,A0156,U053,Discovery,40,171995
O00913,A0500,U059,Negotiation,80,131988
O00914,A0348,U058,Prospecting,10,140903
O00915,A0143,U020,Closed Lost,0,105078
O00916,A0452,U001,Prospecting,10,192415
O00917,A0356,U037,Discovery,40,214285
O00918,A0234,U050,Closed Won,100,68910
O00919,A0307,U023,Discovery,40,42362
O00920,A0124,U011,Prospecting,10,113428
O00921,A0072,U048,Closed Won,100,208508
O00922,A0301,U023,Closed Won,100,53135
O00923,A0491,U055,Prospecting,10,296777
O00924,A0411,U055,Closed Won,100,195399
O00925,A0360,U024,Negotiation,80,182507
O00926,A0452,U060,Negotiation,80,15764
O00927,A0199,U020,Prospecting,10,153324
O00928,A0343,U054,Prospecting,10,278226
O00929,A0142,U004,Closed Won,100,267768
O00930,A0428,U046,Negotiation,80,234561
O00931,A0298,U057,Closed Won,100,278788
O00932,A0088,U033,Discovery,40,31614
O00933,A0132,U013,Closed Won,100,175019
O00934,A0380,U008,Discovery,40,97687
O00935,A0216,U037,Closed Won,100,142596
O00936,A0372,U009,Closed Lost,0,58653
O00937,A0123,U045,Negotiation,80,156497
O00938,A0448,U012,Closed Lost,0,247593
O00939,A0009,U010,Closed Won,100,170063
O00940,A0071,U010,Closed Lost,0,225746
O00941,A0240,U033,Prospecting,10,269819
O00942,A0491,U047,Closed Lost,0,33434
O00943,A0055,U045,Closed Won,100,164199
O00944,A0238,U007,Closed Won,100,289151
O00945,A0416,U056,Closed Won,100,225184
O00946,A0441,U017,Prospecting,10,42435
O00947,A0133,U021,Negotiation,80,275272
O00948,A0072,U035,Prospecting,10,38804
O00949,A0162,U048,Discovery,40,60939
O00950,A0155,U048,Discovery,40,226466
O00951,A0400,U010,Closed Lost,0,51584
O00952,A0254,U059,Closed Lost,0,283138
O00953,A0219,U024,Prospecting,10,88412
O00954,A0208,U040,Closed Won,100,181825
O00955,A0256,U036,Negotiation,80,50716
O00956,A0070,U002,Closed Lost,0,56109
O00957,A0312,U039,Discovery,40,200708
O00958,A0264,U010,Closed Won,100,101645
O00959,A0218,U049,Discovery,40,33839
O00960,A0183,U041,Prospecting,10,173575
O00961,A0371,U024,Negotiation,80,203989
O00962,A0209,U026,Negotiation,80,259509
O00963,A0189,U021,Closed Won,100,226364
O00964,A0410,U009,Discovery,40,260497
O00965,A0327,U058,Negotiation,80,142571
O00966,A0492,U037,Closed Won,100,257221
O00967,A0025,U019,Closed Lost,0,288097
O00968,A0177,U032,Closed Won,100,78889
O00969,A0075,U057,Closed Won,100,258672
O00970,A0449,U015,Discovery,40,184645
O00971,A0350,U036,Prospecting,10,201483
O00972,A0406,U027,Discovery,40,224905
O00973,A0139,U015,Negotiation,80,15265
O00974,A0184,U006,Closed Won,100,147730
O00975,A0369,U026,Closed Won,100,250847
O00976,A0219,U017,Prospecting,10,265503
O00977,A0077,U021,Closed Lost,0,87755
O00978,A0377,U025,Discovery,40,73816
O00979,A0402,U057,Prospecting,10,178483
O00980,A0241,U041,Discovery,40,283133
O00981,A0444,U059,Closed Won,100,285753
O00982,A0482,U032,Discovery,40,91724
O00983,A0097,U046,Prospecting,10,218974
O00984,A0330,U048,Negotiation,80,145669
O00985,A0149,U003,Closed Won,100,238545
O00986,A0110,U002,Prospecting,10,177783
O00987,A0416,U019,Closed Won,100,139028
O00988,A0424,U028,Negotiation,80,193489
O00989,A0457,U021,Closed Won,100,155582
O00990,A0346,U024,Prospecting,10,27815
O00991,A0105,U047,Negotiation,80,67006
O00992,A0418,U047,Closed Lost,0,145424
O00993,A0133,U022,Prospecting,10,67885
O00994,A0461,U030,Closed Won,100,164613
O00995,A0144,U024,Closed Lost,0,85723
O00996,A0030,U007,Closed Won,100,208624
O00997,A0471,U021,Closed Won,100,13627
O00998,A0323,U016,Closed Won,100,81511
O00999,A0077,U014,Negotiation,80,264390
O01000,A0464,U019,Discovery,40,190610
O01001,A0332,U050,Discovery,40,118769
O01002,A0486,U004,Closed Lost,0,248279
O01003,A0344,U044,Negotiation,80,252980
O01004,A0241,U024,Closed Won,100,233980
O01005,A0035,U015,Closed Won,100,190623
O01006,A0167,U007,Prospecting,10,211090
O01007,A0367,U045,Closed Lost,0,272078
O01008,A0073,U058,Negotiation,80,116470
O01009,A0410,U018,Prospecting,10,270482
O01010,A0240,U021,Closed Won,100,254046
O01011,A0042,U032,Closed Lost,0,156874
O01012,A0430,U042,Closed Lost,0,69482
O01013,A0414,U053,Closed Lost,0,79069
O01014,A0048,U048,Closed Won,100,85779
O01015,A0050,U028,Closed Won,100,124423
O01016,A0002,U036,Discovery,40,68975
O01017,A0042,U042,Prospecting,10,183192
O01018,A0347,U038,Prospecting,10,206274
O01019,A0350,U026,Closed Won,100,49123
O01020,A0440,U053,Closed Won,100,246511
O01021,A0381,U050,Negotiation,80,238509
O01022,A0204,U040,Closed Won,100,295550
O01023,A0069,U030,Closed Lost,0,260666
O01024,A0442,U007,Closed Won,100,184086
O01025,A0321,U054,Negotiation,80,83987
O01026,A0338,U003,Negotiation,80,59609
O01027,A0375,U043,Discovery,40,28682
O01028,A0452,U021,Prospecting,10,187179
O01029,A0083,U027,Prospecting,10,240229
O01030,A0009,U028,Closed Lost,0,298075
O01031,A0206,U008,Closed Lost,0,217197
O01032,A0015,U009,Prospecting,10,135907
O01033,A0249,U042,Closed Lost,0,214745
O01034,A0066,U019,Negotiation,80,82995
O01035,A0290,U055,Closed Lost,0,83382
O01036,A0073,U049,Closed Lost,0,86427
O01037,A0122,U047,Closed Lost,0,114004
O01038,A0427,U014,Prospecting,10,266734
O01039,A0497,U030,Closed Lost,0,200759
O01040,A0325,U028,Closed Won,100,288427
O01041,A0216,U058,Prospecting,10,135081
O01042,A0425,U055,Closed Won,100,149782
O01043,A0480,U002,Closed Lost,0,285674
O01044,A0056,U052,Negotiation,80,279089
O01045,A0220,U017,Discovery,40,77747
O01046,A0240,U037,Closed Lost,0,296990
O01047,A0129,U058,Negotiation,80,73502
O01048,A0365,U023,Prospecting,10,222318
O01049,A0187,U027,Closed Won,100,275557
O01050,A0256,U025,Closed Won,100,291426
O01051,A0432,U004,Prospecting,10,265840
O01052,A0391,U015,Negotiation,80,64061
O01053,A0180,U005,Prospecting,10,104148
O01054,A0063,U015,Closed Won,100,85872
O01055,A0457,U048,Closed Won,100,49625
O01056,A0322,U018,Discovery,40,258219
O01057,A0096,U015,Negotiation,80,32812
O01058,A0333,U029,Negotiation,80,295091
O01059,A0464,U030,Closed Lost,0,157795
O01060,A0006,U020,Discovery,40,256489
O01061,A0102,U013,Discovery,40,105164
O01062,A0037,U017,Negotiation,80,98370
O01063,A0322,U052,Closed Won,100,168540
O01064,A0233,U057,Discovery,40,218733
O01065,A0460,U053,Prospecting,10,197367
O01066,A0183,U015,Closed Lost,0,11502
O01067,A0317,U011,Closed Lost,0,248348
O01068,A0065,U019,Closed Lost,0,212748
O01069,A0173,U022,Discovery,40,141377
O01070,A0449,U010,Prospecting,10,108649
O01071,A0110,U041,Negotiation,80,13292
O01072,A0476,U042,Prospecting,10,29063
O01073,A0146,U015,Closed Won,100,284452
O01074,A0384,U005,Prospecting,10,88451
O01075,A0485,U012,Discovery,40,26372
O01076,A0081,U011,Closed Won,100,240676
O01077,A0027,U029,Negotiation,80,273180
O01078,A0363,U019,Negotiation,80,76919
O01079,A0484,U057,Closed Lost,0,283626
O01080,A0125,U008,Prospecting,10,247084
O01081,A0118,U033,Closed Won,100,175983
O01082,A0344,U020,Prospecting,10,89111
O01083,A0328,U027,Negotiation,80,148994
O01084,A0010,U001,Prospecting,10,204380
O01085,A0095,U004,Closed Lost,0,181576
O01086,A0022,U003,Discovery,40,25446
O01087,A0127,U002,Negotiation,80,162706
O01088,A0369,U047,Closed Won,100,271790
O01089,A0301,U006,Negotiation,80,114626
O01090,A0180,U046,Discovery,40,56814
O01091,A0074,U024,Negotiation,80,111646
O01092,A0194,U029,Closed Won,100,191780
O01093,A0301,U056,Closed Lost,0,51005
O01094,A0120,U007,Discovery,40,133706
O01095,A0375,U020,Prospecting,10,284018
O01096,A0042,U008,Negotiation,80,198933
O01097,A0285,U019,Discovery,40,172367
O01098,A0462,U011,Prospecting,10,223152
O01099,A0238,U009,Discovery,40,113249
O01100,A0223,U005,Prospecting,10,209809
O01101,A0293,U016,Discovery,40,168051
O01102,A0309,U033,Negotiation,80,261117
O01103,A0061,U007,Closed Won,100,198541
O01104,A0247,U043,Closed Won,100,216931
O01105,A0301,U022,Discovery,40,88798
O01106,A0167,U041,Negotiation,80,112695
O01107,A0024,U060,Closed Lost,0,220990
O01108,A0165,U052,Negotiation,80,66329
O01109,A0105,U060,Discovery,40,205767
O01110,A0324,U021,Closed Won,100,32625
O01111,A0364,U030,Prospecting,10,80327
O01112,A0256,U033,Closed Won,100,121852
O01113,A0132,U040,Negotiation,80,91814
O01114,A0061,U021,Negotiation,80,127184
O01115,A0161,U013,Negotiation,80,73721
O01116,A0109,U027,Closed Won,100,79750
O01117,A0420,U035,Closed Lost,0,56576
O01118,A0015,U025,Closed Won,100,82998
O01119,A0178,U040,Closed Won,100,280665
O01120,A0309,U010,Closed Won,100,58885
O01121,A0119,U049,Closed Lost,0,114622
O01122,A0243,U025,Closed Won,100,176529
O01123,A0286,U056,Negotiation,80,14648
O01124,A0387,U034,Closed Lost,0,146584
O01125,A0499,U025,Prospecting,10,283591
O01126,A0075,U011,Closed Won,100,146092
O01127,A0209,U008,Prospecting,10,260376
O01128,A0468,U004,Closed Won,100,265751
O01129,A0481,U037,Prospecting,10,51689
O01130,A0463,U022,Discovery,40,212298
O01131,A0348,U043,Closed Lost,0,190095
O01132,A0366,U043,Negotiation,80,141506
O01133,A0210,U009,Discovery,40,126059
O01134,A0320,U047,Closed Won,100,34329
O01135,A0097,U037,Discovery,40,87381
O01136,A0174,U012,Closed Lost,0,66965
O01137,A0216,U004,Discovery,40,278823
O01138,A0442,U035,Negotiation,80,199496
O01139,A0338,U046,Negotiation,80,238950
O01140,A0180,U060,Discovery,40,209619
O01141,A0116,U059,Prospecting,10,255370
O01142,A0183,U041,Discovery,40,203343
O01143,A0238,U033,Prospecting,10,229152
O01144,A0399,U017,Closed Won,100,48443
O01145,A0240,U043,Closed Won,100,88203
O01146,A0361,U045,Negotiation,80,17445
O01147,A0186,U028,Closed Lost,0,133949
O01148,A0361,U030,Negotiation,80,183751
O01149,A0267,U049,Closed Won,100,16067
O01150,A0413,U046,Discovery,40,136052
O01151,A0116,U018,Prospecting,10,201477
O01152,A0433,U037,Discovery,40,106694
O01153,A0184,U024,Closed Won,100,30422
O01154,A0200,U035,Discovery,40,195245
O01155,A0339,U053,Negotiation,80,299512
O01156,A0210,U020,Closed Lost,0,276916
O01157,A0235,U006,Negotiation,80,37929
O01158,A0286,U018,Prospecting,10,172342
O01159,A0219,U036,Discovery,40,114873
O01160,A0143,U006,Discovery,40,228697
O01161,A0349,U033,Closed Won,100,160871
O01162,A0310,U032,Negotiation,80,58403
O01163,A0115,U045,Closed Won,100,114806
O01164,A0063,U033,Closed Won,100,198267
O01165,A0385,U056,Closed Lost,0,295040
O01166,A0017,U006,Prospecting,10,179461
O01167,A0441,U029,Discovery,40,57578
O01168,A0453,U003,Discovery,40,241360
O01169,A0044,U044,Discovery,40,256907
O01170,A0407,U057,Prospecting,10,36198
O01171,A0254,U009,Discovery,40,269104
O01172,A0246,U019,Closed Won,100,15944
O01173,A0129,U035,Closed Lost,0,72372
O01174,A0458,U006,Closed Lost,0,289972
O01175,A0471,U054,Closed Lost,0,201493
O01176,A0120,U035,Prospecting,10,89433
O01177,A0385,U060,Prospecting,10,209683
O01178,A0068,U022,Prospecting,10,210893
O01179,A0412,U053,Closed Lost,0,48054
O01180,A0399,U029,Closed Lost,0,171502
O01181,A0106,U028,Negotiation,80,263741
O01182,A0195,U059,Prospecting,10,142208
O01183,A0333,U043,Prospecting,10,65219
O01184,A0375,U053,Negotiation,80,125361
O01185,A0296,U025,Closed Lost,0,16880
O01186,A0039,U042,Closed Won,100,57228
O01187,A0033,U027,Discovery,40,286251
O01188,A0284,U055,Closed Won,100,173075
O01189,A0394,U003,Closed Lost,0,85356
O01190,A0249,U040,Closed Won,100,202736
O01191,A0281,U008,Discovery,40,118194
O01192,A0278,U051,Negotiation,80,17407
O01193,A0321,U043,Closed Won,100,247427
O01194,A0076,U021,Discovery,40,219838
O01195,A0140,U054,Closed Won,100,250401
O01196,A0490,U051,Closed Lost,0,204144
O01197,A0485,U050,Closed Won,100,53970
O01198,A0111,U036,Prospecting,10,126843
O01199,A0313,U044,Discovery,40,192167
O01200,A0286,U049,Closed Won,100,60385
O01201,A0015,U050,Prospecting,10,132390
O01202,A0123,U047,Negotiation,80,115227
O01203,A0084,U036,Closed Lost,0,54059
O01204,A0083,U004,Closed Lost,0,167460
O01205,A0301,U057,Negotiation,80,185012
O01206,A0217,U024,Negotiation,80,117917
O01207,A0314,U038,Prospecting,10,271687
O01208,A0092,U025,Discovery,40,11041
O01209,A0009,U017,Discovery,40,201827
O01210,A0209,U043,Discovery,40,109205
O01211,A0215,U058,Discovery,40,116382
O01212,A0293,U025,Closed Won,100,32612
O01213,A0300,U054,Discovery,40,10757
O01214,A0052,U004,Discovery,40,162650
O01215,A0281,U026,Discovery,40,198917
O01216,A0480,U038,Discovery,40,98409
O01217,A0458,U033,Discovery,40,87139
O01218,A0440,U042,Closed Won,100,56389
O01219,A0094,U051,Closed Won,100,160970
O01220,A0180,U029,Negotiation,80,137061
O01221,A0361,U003,Closed Lost,0,129949
O01222,A0438,U056,Discovery,40,150943
O01223,A0416,U048,Discovery,40,235574
O01224,A0367,U059,Negotiation,80,133270
O01225,A0432,U051,Negotiation,80,266979
O01226,A0413,U013,Closed Won,100,250397
O01227,A0347,U034,Closed Lost,0,175446
O01228,A0120,U015,Prospecting,10,292986
O01229,A0217,U008,Discovery,40,295208
O01230,A0390,U027,Prospecting,10,233254
O01231,A0196,U039,Closed Lost,0,250187
O01232,A0408,U013,Prospecting,10,40882
O01233,A0107,U035,Closed Won,100,120627
O01234,A0270,U054,Closed Won,100,277558
O01235,A0437,U033,Closed Lost,0,257174
O01236,A0328,U007,Negotiation,80,207338
O01237,A0261,U051,Negotiation,80,202689
O01238,A0439,U012,Negotiation,80,231088
O01239,A0127,U013,Closed Lost,0,49376
O01240,A0044,U017,Discovery,40,230266
O01241,A0253,U042,Discovery,40,144195
O01242,A0480,U026,Prospecting,10,190734
O01243,A0473,U030,Closed Won,100,228547
O01244,A0028,U019,Discovery,40,131822
O01245,A0074,U060,Discovery,40,186559
O01246,A0461,U044,Closed Lost,0,165536
O01247,A0497,U038,Closed Lost,0,246671
O01248,A0346,U020,Closed Won,100,206128
O01249,A0133,U015,Negotiation,80,247787
O01250,A0492,U048,Closed Won,100,182840
O01251,A0297,U050,Prospecting,10,120338
O01252,A0338,U041,Prospecting,10,81491
O01253,A0181,U057,Discovery,40,85427
O01254,A0445,U029,Closed Lost,0,219242
O01255,A0007,U027,Negotiation,80,175555
O01256,A0164,U005,Discovery,40,118448
O01257,A0108,U026,Closed Won,100,277526
O01258,A0047,U044,Closed Lost,0,255482
O01259,A0058,U009,Discovery,40,209255
O01260,A0198,U050,Prospecting,10,281358
O01261,A0372,U054,Closed Lost,0,138510
O01262,A0396,U031,Closed Won,100,294954
O01263,A0083,U049,Prospecting,10,13049
O01264,A0489,U004,Negotiation,80,250939
O01265,A0387,U032,Discovery,40,211183
O01266,A0436,U047,Discovery,40,108979
O01267,A0032,U022,Closed Lost,0,113124
O01268,A0144,U048,Closed Won,100,103666
O01269,A0255,U033,Closed Lost,0,286655
O01270,A0469,U004,Closed Won,100,91391
O01271,A0006,U054,Discovery,40,171268
O01272,A0356,U005,Closed Won,100,106714
O01273,A0193,U019,Prospecting,10,277597
O01274,A0147,U009,Discovery,40,99517
O01275,A0478,U033,Negotiation,80,132572
O01276,A0444,U052,Negotiation,80,245168
O01277,A0109,U033,Closed Lost,0,111909
O01278,A0106,U039,Prospecting,10,207253
O01279,A0497,U023,Negotiation,80,210862
O01280,A0345,U026,Prospecting,10,56331
O01281,A0253,U010,Discovery,40,194822
O01282,A0093,U003,Negotiation,80,262725
O01283,A0183,U023,Closed Won,100,192071
O01284,A0264,U048,Closed Lost,0,293013
O01285,A0399,U035,Discovery,40,80127
O01286,A0213,U052,Discovery,40,43150
O01287,A0132,U020,Discovery,40,290515
O01288,A0463,U022,Closed Won,100,242172
O01289,A0252,U046,Prospecting,10,265802
O01290,A0014,U028,Discovery,40,213068
O01291,A0147,U036,Discovery,40,208043
O01292,A0448,U038,Discovery,40,219322
O01293,A0125,U042,Prospecting,10,263830
O01294,A0186,U029,Negotiation,80,172252
O01295,A0489,U056,Prospecting,10,40405
O01296,A0483,U021,Closed Lost,0,92442
O01297,A0028,U024,Discovery,40,257725
O01298,A0438,U057,Discovery,40,32309
O01299,A0008,U060,Prospecting,10,260257
O01300,A0419,U030,Closed Won,100,235086
O01301,A0208,U012,Discovery,40,64388
O01302,A0146,U020,Discovery,40,130659
O01303,A0055,U014,Prospecting,10,235183
O01304,A0464,U032,Negotiation,80,157002
O01305,A0057,U041,Negotiation,80,254490
O01306,A0144,U021,Discovery,40,173258
O01307,A0277,U022,Closed Lost,0,28671
O01308,A0101,U017,Negotiation,80,253561
O01309,A0371,U054,Closed Lost,0,288395
O01310,A0387,U001,Discovery,40,174211
O01311,A0057,U005,Closed Won,100,233599
O01312,A0130,U003,Negotiation,80,83407
O01313,A0157,U024,Closed Lost,0,190034
O01314,A0465,U012,Closed Won,100,37492
O01315,A0431,U021,Closed Won,100,95688
O01316,A0118,U053,Closed Lost,0,261761
O01317,A0319,U028,Discovery,40,296219
O01318,A0057,U020,Closed Won,100,57874
O01319,A0236,U056,Closed Lost,0,95236
O01320,A0483,U028,Closed Lost,0,267175
O01321,A0380,U005,Discovery,40,26269
O01322,A0359,U035,Closed Lost,0,261279
O01323,A0308,U035,Closed Lost,0,79444
O01324,A0023,U058,Discovery,40,292081
O01325,A0212,U052,Negotiation,80,252874
O01326,A0292,U023,Negotiation,80,299463
O01327,A0265,U024,Negotiation,80,27779
O01328,A0219,U015,Discovery,40,270352
O01329,A0337,U017,Negotiation,80,137483
O01330,A0316,U017,Prospecting,10,163445
O01331,A0396,U003,Closed Lost,0,163920
O01332,A0473,U031,Closed Won,100,95784
O01333,A0345,U038,Prospecting,10,288092
O01334,A0102,U004,Closed Lost,0,284141
O01335,A0147,U005,Negotiation,80,128402
O01336,A0336,U011,Closed Lost,0,86187
O01337,A0324,U040,Closed Won,100,174598
O01338,A0311,U050,Discovery,40,253795
O01339,A0453,U001,Discovery,40,116016
O01340,A0009,U005,Prospecting,10,212808
O01341,A0461,U028,Negotiation,80,108400
O01342,A0003,U053,Discovery,40,233288
O01343,A0126,U004,Prospecting,10,215986
O01344,A0190,U024,Prospecting,10,299727
O01345,A0069,U055,Closed Lost,0,209648
O01346,A0328,U007,Closed Lost,0,176910
O01347,A0324,U001,Closed Won,100,255201
O01348,A0207,U036,Discovery,40,51934
O01349,A0435,U039,Closed Won,100,207129
O01350,A0177,U033,Prospecting,10,163730
O01351,A0204,U032,Discovery,40,221922
O01352,A0026,U054,Negotiation,80,42354
O01353,A0311,U028,Closed Won,100,92416
O01354,A0170,U013,Discovery,40,83939
O01355,A0468,U027,Closed Won,100,174386
O01356,A0454,U024,Prospecting,10,205366
O01357,A0374,U006,Negotiation,80,211214
O01358,A0367,U042,Discovery,40,29001
O01359,A0026,U047,Discovery,40,171862
O01360,A0171,U003,Negotiation,80,51510
O01361,A0071,U016,Discovery,40,176462
O01362,A0387,U011,Discovery,40,242740
O01363,A0210,U024,Discovery,40,79036
O01364,A0402,U038,Negotiation,80,106139
O01365,A0013,U037,Closed Won,100,103443
O01366,A0017,U048,Prospecting,10,83863
O01367,A0338,U019,Closed Won,100,278940
O01368,A0030,U058,Discovery,40,47143
O01369,A0494,U034,Closed Lost,0,279282
O01370,A0469,U060,Closed Lost,0,232366
O01371,A0355,U031,Negotiation,80,241213
O01372,A0332,U038,Closed Won,100,52746
O01373,A0176,U007,Closed Lost,0,167307
O01374,A0400,U003,Discovery,40,134553
O01375,A0106,U012,Prospecting,10,216000
O01376,A0325,U009,Closed Won,100,131169
O01377,A0329,U014,Closed Lost,0,265764
O01378,A0464,U042,Closed Lost,0,90388
O01379,A0197,U029,Prospecting,10,198195
O01380,A0490,U039,Prospecting,10,262398
O01381,A0395,U004,Closed Won,100,140670
O01382,A0460,U019,Closed Lost,0,100926
O01383,A0312,U031,Closed Lost,0,45766
O01384,A0045,U054,Negotiation,80,146857
O01385,A0155,U055,Closed Lost,0,77981
O01386,A0478,U041,Closed Lost,0,41119
O01387,A0041,U010,Negotiation,80,272149
O01388,A0089,U043,Discovery,40,22832
O01389,A0274,U001,Closed Lost,0,42140
O01390,A0387,U035,Prospecting,10,199290
O01391,A0025,U044,Closed Won,100,285131
O01392,A0040,U030,Closed Lost,0,248258
O01393,A0470,U044,Closed Lost,0,19256
O01394,A0183,U029,Negotiation,80,52133
O01395,A0033,U012,Negotiation,80,102855
O01396,A0003,U037,Closed Lost,0,216918
O01397,A0292,U043,Discovery,40,127404
O01398,A0250,U008,Discovery,40,192396
O01399,A0440,U044,Closed Lost,0,267292
O01400,A0053,U047,Closed Lost,0,293278
O01401,A0257,U059,Discovery,40,171921
O01402,A0497,U020,Prospecting,10,56317
O01403,A0060,U037,Closed Lost,0,178956
O01404,A0226,U037,Closed Lost,0,161210
O01405,A0148,U049,Closed Won,100,275444
O01406,A0403,U051,Closed Won,100,289278
O01407,A0302,U010,Closed Won,100,169348
O01408,A0139,U059,Closed Lost,0,50635
O01409,A0018,U037,Negotiation,80,217750
O01410,A0251,U038,Discovery,40,179583
O01411,A0490,U008,Negotiation,80,161738
O01412,A0114,U016,Closed Won,100,214764
O01413,A0300,U005,Closed Lost,0,220870
O01414,A0130,U003,Discovery,40,142936
O01415,A0174,U006,Discovery,40,145504
O01416,A0054,U009,Closed Won,100,136738
O01417,A0166,U030,Closed Won,100,223289
O01418,A0262,U038,Prospecting,10,255600
O01419,A0223,U013,Prospecting,10,216600
O01420,A0293,U044,Closed Lost,0,146563
O01421,A0317,U049,Closed Lost,0,77111
O01422,A0440,U055,Discovery,40,208007
O01423,A0010,U042,Prospecting,10,38120
O01424,A0002,U023,Closed Won,100,280006
O01425,A0168,U052,Closed Won,100,107334
O01426,A0372,U029,Discovery,40,122329
O01427,A0471,U025,Discovery,40,184050
O01428,A0143,U018,Closed Won,100,94704
O01429,A0344,U006,Negotiation,80,296856
O01430,A0271,U040,Prospecting,10,261430
O01431,A0304,U035,Closed Lost,0,137767
O01432,A0256,U008,Prospecting,10,245893
O01433,A0280,U011,Closed Lost,0,69145
O01434,A0268,U046,Negotiation,80,207845
O01435,A0115,U034,Closed Lost,0,60240
O01436,A0118,U008,Closed Won,100,55783
O01437,A0129,U037,Closed Won,100,279609
O01438,A0421,U002,Negotiation,80,184964
O01439,A0413,U044,Closed Lost,0,211502
O01440,A0221,U010,Discovery,40,272971
O01441,A0230,U005,Closed Lost,0,259445
O01442,A0210,U048,Negotiation,80,293361
O01443,A0285,U005,Closed Lost,0,74098
O01444,A0479,U008,Closed Won,100,150201
O01445,A0437,U003,Closed Won,100,58253
O01446,A0177,U005,Closed Lost,0,215537
O01447,A0480,U031,Closed Won,100,92386
O01448,A0022,U017,Closed Won,100,218880
O01449,A0198,U029,Closed Won,100,18162
O01450,A0276,U009,Discovery,40,48409
O01451,A0207,U014,Closed Won,100,66243
O01452,A0101,U026,Closed Won,100,222977
O01453,A0014,U052,Closed Won,100,157186
O01454,A0398,U003,Prospecting,10,265003
O01455,A0067,U050,Closed Won,100,102329
O01456,A0259,U025,Discovery,40,158827
O01457,A0281,U003,Prospecting,10,226641
O01458,A0240,U011,Discovery,40,165762
O01459,A0333,U020,Prospecting,10,163455
O01460,A0315,U034,Prospecting,10,181672
O01461,A0017,U032,Negotiation,80,55507
O01462,A0380,U041,Discovery,40,210958
O01463,A0136,U053,Closed Won,100,245492
O01464,A0216,U003,Prospecting,10,164654
O01465,A0178,U013,Prospecting,10,189457
O01466,A0126,U009,Discovery,40,57726
O01467,A0049,U054,Prospecting,10,91023
O01468,A0162,U032,Negotiation,80,258524
O01469,A0198,U037,Prospecting,10,295214
O01470,A0121,U048,Closed Won,100,285458
O01471,A0282,U050,Discovery,40,64823
O01472,A0284,U025,Closed Won,100,127308
O01473,A0005,U039,Closed Lost,0,175814
O01474,A0407,U025,Closed Won,100,124543
O01475,A0224,U053,Discovery,40,102610
O01476,A0291,U008,Prospecting,10,166167
O01477,A0459,U023,Discovery,40,257728
O01478,A0394,U056,Closed Won,100,286237
O01479,A0453,U038,Discovery,40,150144
O01480,A0136,U005,Discovery,40,276981
O01481,A0126,U042,Negotiation,80,125099
O01482,A0397,U059,Negotiation,80,94656
O01483,A0030,U030,Discovery,40,196967
O01484,A0444,U058,Discovery,40,140300
O01485,A0377,U003,Negotiation,80,232486
O01486,A0253,U056,Closed Won,100,37823
O01487,A0489,U036,Discovery,40,208304
O01488,A0335,U047,Closed Won,100,173871
O01489,A0143,U011,Negotiation,80,197538
O01490,A0382,U047,Closed Lost,0,203276
O01491,A0388,U057,Prospecting,10,235055
O01492,A0488,U045,Discovery,40,200473
O01493,A0480,U058,Prospecting,10,194748
O01494,A0366,U005,Discovery,40,202167
O01495,A0340,U043,Closed Lost,0,172860
O01496,A0461,U037,Prospecting,10,195661
O01497,A0007,U025,Closed Lost,0,60330
O01498,A0423,U001,Prospecting,10,103873
O01499,A0056,U014,Closed Won,100,205634
O01500,A0263,U009,Prospecting,10,220078
O01501,A0225,U055,Discovery,40,59674
O01502,A0469,U018,Closed Lost,0,261241
O01503,A0192,U043,Discovery,40,89162
O01504,A0332,U009,Prospecting,10,50735
O01505,A0083,U012,Closed Won,100,127661
O01506,A0418,U055,Negotiation,80,66107
O01507,A0479,U039,Prospecting,10,124132
O01508,A0305,U045,Prospecting,10,122858
O01509,A0416,U059,Prospecting,10,241850
O01510,A0315,U025,Discovery,40,165732
O01511,A0435,U022,Discovery,40,204945
O01512,A0194,U007,Closed Lost,0,111800
O01513,A0005,U028,Negotiation,80,244010
O01514,A0085,U002,Discovery,40,272660
O01515,A0240,U015,Negotiation,80,53243
O01516,A0111,U060,Prospecting,10,83508
O01517,A0405,U016,Discovery,40,296128
O01518,A0267,U034,Negotiation,80,19776
O01519,A0263,U013,Closed Lost,0,245845
O01520,A0441,U007,Prospecting,10,101374
O01521,A0066,U056,Closed Won,100,264706
O01522,A0469,U015,Closed Lost,0,135711
O01523,A0191,U011,Prospecting,10,297548
O01524,A0221,U053,Discovery,40,292502
O01525,A0138,U023,Discovery,40,291817
O01526,A0152,U038,Discovery,40,134142
O01527,A0280,U003,Prospecting,10,182853
O01528,A0285,U012,Negotiation,80,76009
O01529,A0163,U035,Closed Won,100,159114
O01530,A0422,U059,Closed Lost,0,22204
O01531,A0127,U002,Closed Lost,0,176722
O01532,A0026,U014,Closed Won,100,219347
O01533,A0421,U029,Prospecting,10,222347
O01534,A0276,U036,Closed Won,100,116140
O01535,A0055,U044,Closed Won,100,110941
O01536,A0326,U017,Discovery,40,147722
O01537,A0035,U052,Prospecting,10,212596
O01538,A0413,U013,Prospecting,10,274855
O01539,A0141,U041,Negotiation,80,117527
O01540,A0287,U010,Closed Won,100,247100
O01541,A0195,U033,Prospecting,10,216993
O01542,A0029,U041,Closed Won,100,41691
O01543,A0182,U015,Negotiation,80,112955
O01544,A0286,U031,Closed Won,100,256041
O01545,A0393,U036,Prospecting,10,110199
O01546,A0165,U053,Prospecting,10,167023
O01547,A0375,U052,Closed Won,100,140445
O01548,A0442,U057,Discovery,40,155311
O01549,A0137,U044,Closed Lost,0,298221
O01550,A0192,U007,Closed Lost,0,198520
O01551,A0260,U028,Closed Won,100,246553
O01552,A0115,U007,Closed Won,100,102685
O01553,A0305,U029,Closed Lost,0,254871
O01554,A0053,U006,Prospecting,10,220298
O01555,A0386,U018,Closed Won,100,110350
O01556,A0294,U043,Closed Won,100,197496
O01557,A0193,U035,Closed Lost,0,275342
O01558,A0303,U001,Prospecting,10,134448
O01559,A0198,U017,Closed Won,100,149835
O01560,A0084,U026,Prospecting,10,61405
O01561,A0109,U055,Prospecting,10,190797
O01562,A0090,U055,Discovery,40,162443
O01563,A0060,U015,Closed Lost,0,17772
O01564,A0148,U011,Closed Won,100,86454
O01565,A0069,U039,Closed Lost,0,181818
O01566,A0098,U008,Closed Lost,0,185290
O01567,A0104,U020,Closed Won,100,30536
O01568,A0098,U012,Closed Lost,0,183158
O01569,A0098,U013,Closed Lost,0,232201
O01570,A0168,U038,Prospecting,10,151267
O01571,A0002,U049,Discovery,40,273926
O01572,A0196,U035,Negotiation,80,212361
O01573,A0033,U021,Closed Won,100,186135
O01574,A0133,U057,Discovery,40,150321
O01575,A0226,U011,Closed Lost,0,251773
O01576,A0197,U031,Discovery,40,59004
O01577,A0364,U008,Closed Won,100,108040
O01578,A0483,U020,Negotiation,80,225128
O01579,A0381,U051,Negotiation,80,166544
O01580,A0183,U042,Discovery,40,78292
O01581,A0386,U014,Closed Lost,0,292811
O01582,A0422,U051,Prospecting,10,236031
O01583,A0135,U049,Discovery,40,290083
O01584,A0466,U043,Closed Lost,0,134123
O01585,A0341,U057,Discovery,40,45696
O01586,A0027,U048,Negotiation,80,243781
O01587,A0441,U041,Negotiation,80,40697
O01588,A0310,U016,Prospecting,10,29229
O01589,A0440,U055,Negotiation,80,58731
O01590,A0343,U012,Discovery,40,110438
O01591,A0462,U052,Discovery,40,32736
O01592,A0314,U055,Closed Lost,0,280882
O01593,A0348,U027,Prospecting,10,269059
O01594,A0278,U057,Prospecting,10,135735
O01595,A0498,U060,Closed Lost,0,136056
O01596,A0418,U021,Prospecting,10,233511
O01597,A0017,U058,Discovery,40,280200
O01598,A0198,U020,Closed Lost,0,195555
O01599,A0470,U030,Prospecting,10,189059
O01600,A0225,U032,Closed Won,100,258225
O01601,A0371,U042,Negotiation,80,95816
O01602,A0032,U044,Closed Won,100,285216
O01603,A0133,U037,Negotiation,80,35166
O01604,A0197,U010,Prospecting,10,259086
O01605,A0200,U053,Discovery,40,294723
O01606,A0373,U030,Closed Lost,0,103570
O01607,A0264,U004,Discovery,40,96209
O01608,A0233,U048,Closed Won,100,10537
O01609,A0024,U037,Discovery,40,217889
O01610,A0484,U046,Prospecting,10,285954
O01611,A0003,U058,Closed Won,100,84217
O01612,A0353,U055,Discovery,40,219412
O01613,A0107,U007,Negotiation,80,213967
O01614,A0017,U039,Negotiation,80,50185
O01615,A0180,U023,Discovery,40,32392
O01616,A0304,U059,Closed Won,100,170299
O01617,A0151,U042,Closed Won,100,274704
O01618,A0384,U011,Discovery,40,279573
O01619,A0069,U043,Closed Lost,0,16608
O01620,A0001,U028,Closed Lost,0,122778
O01621,A0492,U029,Discovery,40,60356
O01622,A0224,U011,Prospecting,10,298008
O01623,A0265,U048,Negotiation,80,252264
O01624,A0413,U040,Discovery,40,214809
O01625,A0412,U052,Discovery,40,162075
O01626,A0059,U042,Negotiation,80,72029
O01627,A0061,U031,Closed Lost,0,36926
O01628,A0197,U023,Closed Lost,0,38978
O01629,A0238,U058,Prospecting,10,150078
O01630,A0297,U021,Prospecting,10,239417
O01631,A0421,U020,Discovery,40,250232
O01632,A0065,U019,Prospecting,10,288646
O01633,A0404,U038,Prospecting,10,74126
O01634,A0429,U028,Prospecting,10,235701
O01635,A0484,U006,Closed Lost,0,231718
O01636,A0287,U038,Negotiation,80,98276
O01637,A0253,U032,Closed Lost,0,276238
O01638,A0475,U019,Closed Won,100,252205
O01639,A0124,U014,Closed Won,100,291842
O01640,A0068,U004,Discovery,40,155250
O01641,A0392,U029,Prospecting,10,245139
O01642,A0107,U019,Discovery,40,296033
O01643,A0075,U006,Negotiation,80,106665
O01644,A0047,U043,Closed Lost,0,97366
O01645,A0209,U011,Discovery,40,121792
O01646,A0415,U017,Closed Won,100,187881
O01647,A0431,U036,Discovery,40,131656
O01648,A0169,U048,Closed Won,100,15996
O01649,A0088,U041,Discovery,40,163335
O01650,A0058,U015,Prospecting,10,25905
O01651,A0303,U001,Closed Won,100,281495
O01652,A0090,U044,Prospecting,10,19934
O01653,A0226,U047,Closed Lost,0,232016
O01654,A0493,U024,Discovery,40,220196
O01655,A0388,U044,Discovery,40,269710
O01656,A0326,U018,Closed Lost,0,73967
O01657,A0384,U019,Closed Lost,0,22366
O01658,A0325,U034,Negotiation,80,42454
O01659,A0029,U006,Negotiation,80,204168
O01660,A0059,U043,Negotiation,80,274278
O01661,A0141,U046,Closed Won,100,28027
O01662,A0283,U018,Prospecting,10,187558
O01663,A0126,U050,Negotiation,80,157117
O01664,A0136,U049,Closed Won,100,45442
O01665,A0210,U025,Discovery,40,256372
O01666,A0424,U040,Discovery,40,226485
O01667,A0223,U015,Closed Won,100,249379
O01668,A0324,U006,Closed Lost,0,276178
O01669,A0195,U013,Closed Won,100,115316
O01670,A0069,U003,Closed Lost,0,84987
O01671,A0180,U023,Closed Won,100,59181
O01672,A0438,U016,Negotiation,80,177603
O01673,A0010,U057,Negotiation,80,143776
O01674,A0233,U017,Closed Won,100,188683
O01675,A0361,U048,Prospecting,10,16506
O01676,A0478,U028,Negotiation,80,91075
O01677,A0424,U039,Discovery,40,204720
O01678,A0198,U049,Closed Lost,0,12564
O01679,A0280,U046,Discovery,40,101849
O01680,A0343,U008,Discovery,40,110631
O01681,A0099,U047,Prospecting,10,131060
O01682,A0212,U057,Prospecting,10,189268
O01683,A0370,U044,Discovery,40,16611
O01684,A0325,U054,Closed Won,100,123514
O01685,A0485,U040,Prospecting,10,28003
O01686,A0019,U013,Prospecting,10,195333
O01687,A0193,U037,Prospecting,10,123735
O01688,A0499,U026,Negotiation,80,162589
O01689,A0305,U019,Discovery,40,171808
O01690,A0299,U057,Negotiation,80,200001
O01691,A0113,U008,Discovery,40,208121
O01692,A0185,U060,Discovery,40,158920
O01693,A0306,U034,Negotiation,80,196781
O01694,A0269,U004,Prospecting,10,57362
O01695,A0454,U022,Closed Won,100,285551
O01696,A0277,U016,Negotiation,80,169969
O01697,A0441,U019,Closed Lost,0,212511
O01698,A0280,U021,Closed Lost,0,97480
O01699,A0275,U007,Discovery,40,89568
O01700,A0358,U020,Discovery,40,237862
O01701,A0473,U058,Closed Won,100,148177
O01702,A0322,U056,Closed Lost,0,201773
O01703,A0227,U029,Negotiation,80,39593
O01704,A0287,U027,Closed Won,100,10133
O01705,A0483,U008,Closed Lost,0,166183
O01706,A0257,U012,Closed Lost,0,48201
O01707,A0123,U024,Prospecting,10,244891
O01708,A0340,U019,Negotiation,80,88783
O01709,A0419,U050,Negotiation,80,63673
O01710,A0414,U044,Discovery,40,266327
O01711,A0281,U015,Negotiation,80,194721
O01712,A0029,U008,Prospecting,10,106379
O01713,A0233,U044,Closed Won,100,276586
O01714,A0208,U004,Prospecting,10,88621
O01715,A0156,U001,Prospecting,10,250606
O01716,A0315,U051,Discovery,40,131061
O01717,A0368,U009,Discovery,40,222796
O01718,A0298,U055,Discovery,40,88102
O01719,A0182,U044,Discovery,40,39344
O01720,A0016,U048,Negotiation,80,270188
O01721,A0048,U003,Closed Won,100,244880
O01722,A0196,U042,Discovery,40,149380
O01723,A0020,U034,Prospecting,10,29919
O01724,A0114,U040,Discovery,40,157892
O01725,A0061,U049,Closed Lost,0,169867
O01726,A0019,U038,Discovery,40,66171
O01727,A0077,U049,Closed Won,100,143278
O01728,A0285,U051,Prospecting,10,54079
O01729,A0068,U052,Negotiation,80,130850
O01730,A0173,U038,Discovery,40,240848
O01731,A0290,U050,Negotiation,80,15919
O01732,A0472,U005,Closed Lost,0,153167
O01733,A0282,U054,Closed Lost,0,106969
O01734,A0383,U035,Prospecting,10,203881
O01735,A0151,U036,Closed Lost,0,99237
O01736,A0252,U036,Prospecting,10,97857
O01737,A0296,U051,Negotiation,80,274286
O01738,A0354,U049,Negotiation,80,299653
O01739,A0256,U058,Closed Won,100,257527
O01740,A0435,U027,Negotiation,80,61279
O01741,A0051,U051,Prospecting,10,129960
O01742,A0106,U003,Negotiation,80,41264
O01743,A0181,U015,Closed Lost,0,228723
O01744,A0462,U004,Closed Won,100,36794
O01745,A0391,U052,Closed Won,100,155590
O01746,A0192,U045,Closed Lost,0,48372
O01747,A0169,U055,Prospecting,10,104134
O01748,A0199,U030,Negotiation,80,93286
O01749,A0215,U046,Discovery,40,257435
O01750,A0014,U033,Discovery,40,93456
O01751,A0342,U042,Discovery,40,106222
O01752,A0496,U039,Prospecting,10,23789
O01753,A0098,U029,Prospecting,10,144993
O01754,A0402,U026,Prospecting,10,151338
O01755,A0472,U048,Closed Won,100,134194
O01756,A0064,U005,Closed Won,100,121115
O01757,A0112,U002,Discovery,40,101834
O01758,A0323,U054,Closed Won,100,266289
O01759,A0170,U012,Closed Won,100,110425
O01760,A0048,U025,Closed Won,100,200773
O01761,A0045,U060,Negotiation,80,281191
O01762,A0272,U044,Closed Won,100,13967
O01763,A0143,U023,Discovery,40,198401
O01764,A0097,U016,Prospecting,10,232969
O01765,A0189,U044,Negotiation,80,240966
O01766,A0462,U046,Closed Won,100,67862
O01767,A0391,U003,Closed Lost,0,119794
O01768,A0040,U028,Negotiation,80,142468
O01769,A0030,U020,Discovery,40,59324
O01770,A0289,U010,Negotiation,80,235578
O01771,A0265,U006,Negotiation,80,170607
O01772,A0227,U031,Prospecting,10,95977
O01773,A0294,U001,Discovery,40,289606
O01774,A0102,U052,Prospecting,10,120571
O01775,A0306,U006,Negotiation,80,214334
O01776,A0261,U052,Closed Won,100,208277
O01777,A0176,U025,Closed Lost,0,239630
O01778,A0264,U023,Negotiation,80,109824
O01779,A0486,U035,Discovery,40,166269
O01780,A0442,U054,Closed Lost,0,59682
O01781,A0499,U023,Closed Won,100,217876
O01782,A0339,U003,Discovery,40,54523
O01783,A0498,U060,Closed Won,100,41399
O01784,A0080,U038,Closed Won,100,81871
O01785,A0263,U005,Discovery,40,216335
O01786,A0099,U034,Closed Lost,0,215626
O01787,A0357,U038,Negotiation,80,227180
O01788,A0474,U027,Discovery,40,153880
O01789,A0396,U048,Discovery,40,206547
O01790,A0267,U001,Closed Lost,0,163486
O01791,A0257,U049,Negotiation,80,150302
O01792,A0106,U057,Discovery,40,254116
O01793,A0408,U050,Prospecting,10,152053
O01794,A0370,U044,Prospecting,10,55986
O01795,A0327,U042,Prospecting,10,44886
O01796,A0070,U032,Closed Won,100,252253
O01797,A0200,U015,Closed Lost,0,37837
O01798,A0087,U004,Closed Won,100,162325
O01799,A0023,U010,Closed Won,100,273818
O01800,A0107,U041,Discovery,40,94564
O01801,A0065,U002,Discovery,40,207062
O01802,A0385,U026,Prospecting,10,202874
O01803,A0171,U055,Negotiation,80,89316
O01804,A0166,U035,Negotiation,80,188009
O01805,A0166,U030,Prospecting,10,95102
O01806,A0471,U001,Prospecting,10,23996
O01807,A0352,U060,Closed Won,100,64355
O01808,A0200,U040,Discovery,40,286214
O01809,A0422,U054,Closed Won,100,67505
O01810,A0265,U028,Negotiation,80,33025
O01811,A0111,U003,Closed Won,100,299545
O01812,A0359,U047,Prospecting,10,163813
O01813,A0033,U022,Closed Won,100,191038
O01814,A0206,U004,Closed Lost,0,151137
O01815,A0438,U014,Discovery,40,16859
O01816,A0229,U056,Discovery,40,37898
O01817,A0291,U053,Closed Lost,0,225699
O01818,A0283,U055,Prospecting,10,27140
O01819,A0087,U046,Closed Lost,0,251660
O01820,A0006,U055,Prospecting,10,297649
O01821,A0432,U010,Prospecting,10,128390
O01822,A0273,U003,Prospecting,10,277501
O01823,A0351,U054,Closed Lost,0,133240
O01824,A0361,U028,Closed Lost,0,66551
O01825,A0191,U022,Closed Won,100,95968
O01826,A0443,U016,Discovery,40,54013
O01827,A0085,U045,Discovery,40,167862
O01828,A0041,U045,Prospecting,10,119216
O01829,A0479,U048,Discovery,40,49487
O01830,A0386,U050,Closed Won,100,145257
O01831,A0127,U010,Negotiation,80,100267
O01832,A0393,U016,Closed Lost,0,232592
O01833,A0191,U034,Prospecting,10,289651
O01834,A0395,U004,Discovery,40,293331
O01835,A0143,U001,Prospecting,10,260260
O01836,A0099,U038,Closed Won,100,68975
O01837,A0364,U022,Negotiation,80,272602
O01838,A0303,U048,Closed Lost,0,145505
O01839,A0380,U038,Discovery,40,159153
O01840,A0250,U033,Negotiation,80,179946
O01841,A0331,U040,Closed Lost,0,234290
O01842,A0025,U005,Prospecting,10,43370
O01843,A0315,U027,Negotiation,80,212593
O01844,A0169,U037,Negotiation,80,57011
O01845,A0426,U056,Discovery,40,241022
O01846,A0214,U015,Closed Lost,0,142685
O01847,A0173,U042,Closed Won,100,173483
O01848,A0022,U008,Discovery,40,62700
O01849,A0063,U047,Closed Won,100,259251
O01850,A0142,U008,Negotiation,80,174752
O01851,A0495,U008,Closed Won,100,96156
O01852,A0378,U035,Closed Lost,0,245106
O01853,A0441,U006,Closed Lost,0,271226
O01854,A0289,U008,Negotiation,80,178675
O01855,A0396,U007,Prospecting,10,298854
O01856,A0254,U016,Discovery,40,264759
O01857,A0023,U011,Negotiation,80,42367
O01858,A0220,U044,Prospecting,10,183863
O01859,A0284,U040,Negotiation,80,138905
O01860,A0075,U044,Negotiation,80,47094
O01861,A0400,U003,Discovery,40,102383
O01862,A0224,U044,Negotiation,80,148116
O01863,A0083,U014,Discovery,40,222607
O01864,A0095,U012,Closed Lost,0,135335
O01865,A0074,U040,Closed Won,100,157723
O01866,A0166,U011,Closed Lost,0,177493
O01867,A0294,U040,Closed Lost,0,157782
O01868,A0434,U052,Discovery,40,112328
O01869,A0460,U056,Discovery,40,157824
O01870,A0073,U009,Prospecting,10,23475
O01871,A0027,U023,Closed Won,100,245378
O01872,A0220,U014,Discovery,40,92232
O01873,A0184,U048,Closed Lost,0,101306
O01874,A0368,U017,Prospecting,10,204765
O01875,A0025,U034,Negotiation,80,169986
O01876,A0476,U047,Discovery,40,261930
O01877,A0415,U060,Prospecting,10,254076
O01878,A0314,U053,Closed Won,100,55962
O01879,A0005,U050,Prospecting,10,32743
O01880,A0015,U050,Prospecting,10,122789
O01881,A0105,U059,Negotiation,80,246192
O01882,A0361,U004,Prospecting,10,126181
O01883,A0103,U036,Negotiation,80,103744
O01884,A0424,U037,Discovery,40,114088
O01885,A0273,U014,Negotiation,80,81034
O01886,A0364,U056,Closed Lost,0,62462
O01887,A0083,U035,Negotiation,80,253611
O01888,A0012,U035,Closed Won,100,260833
O01889,A0007,U030,Prospecting,10,177673
O01890,A0463,U059,Closed Lost,0,198183
O01891,A0211,U060,Negotiation,80,85063
O01892,A0056,U030,Prospecting,10,180618
O01893,A0332,U005,Discovery,40,211866
O01894,A0259,U029,Prospecting,10,10125
O01895,A0070,U019,Closed Lost,0,157416
O01896,A0031,U031,Negotiation,80,259026
O01897,A0291,U010,Prospecting,10,10472
O01898,A0306,U027,Closed Won,100,29424
O01899,A0060,U047,Discovery,40,213714
O01900,A0269,U002,Closed Lost,0,171302
O01901,A0424,U002,Prospecting,10,136412
O01902,A0447,U046,Closed Lost,0,211865
O01903,A0322,U024,Negotiation,80,12878
O01904,A0316,U058,Discovery,40,234861
O01905,A0370,U029,Discovery,40,273382
O01906,A0451,U009,Prospecting,10,293712
O01907,A0139,U042,Closed Lost,0,27913
O01908,A0203,U007,Prospecting,10,35223
O01909,A0480,U039,Closed Won,100,266853
O01910,A0058,U045,Discovery,40,266128
O01911,A0094,U004,Negotiation,80,66831
O01912,A0238,U005,Closed Lost,0,106064
O01913,A0500,U030,Negotiation,80,290388
O01914,A0364,U032,Discovery,40,206298
O01915,A0455,U045,Negotiation,80,165984
O01916,A0089,U043,Closed Won,100,168309
O01917,A0015,U012,Closed Lost,0,137491
O01918,A0380,U025,Prospecting,10,50447
O01919,A0152,U051,Prospecting,10,61794
O01920,A0480,U043,Negotiation,80,125729
O01921,A0391,U044,Discovery,40,199514
O01922,A0231,U007,Prospecting,10,179309
O01923,A0280,U005,Closed Lost,0,244110
O01924,A0223,U006,Closed Lost,0,285644
O01925,A0058,U030,Closed Lost,0,257723
O01926,A0196,U030,Negotiation,80,257942
O01927,A0197,U007,Closed Won,100,207160
O01928,A0402,U041,Negotiation,80,15498
O01929,A0089,U053,Prospecting,10,268152
O01930,A0446,U002,Closed Won,100,54816
O01931,A0352,U033,Closed Won,100,183114
O01932,A0435,U049,Prospecting,10,24093
O01933,A0335,U001,Closed Lost,0,246499
O01934,A0090,U029,Closed Lost,0,168675
O01935,A0040,U033,Closed Won,100,117209
O01936,A0163,U032,Closed Won,100,235230
O01937,A0341,U041,Closed Won,100,26183
O01938,A0363,U047,Closed Lost,0,287377
O01939,A0053,U011,Closed Lost,0,222432
O01940,A0403,U010,Closed Lost,0,143531
O01941,A0254,U048,Discovery,40,82163
O01942,A0371,U047,Negotiation,80,297504
O01943,A0081,U039,Prospecting,10,268389
O01944,A0480,U020,Prospecting,10,29784
O01945,A0050,U018,Closed Lost,0,268427
O01946,A0211,U056,Discovery,40,141813
O01947,A0151,U021,Negotiation,80,142757
O01948,A0269,U038,Discovery,40,122137
O01949,A0318,U035,Closed Lost,0,66991
O01950,A0081,U017,Closed Lost,0,73476
O01951,A0023,U044,Discovery,40,81937
O01952,A0385,U041,Closed Lost,0,247767
O01953,A0470,U008,Closed Lost,0,293130
O01954,A0389,U016,Closed Lost,0,103144
O01955,A0216,U039,Closed Won,100,96956
O01956,A0169,U045,Prospecting,10,16554
O01957,A0387,U046,Negotiation,80,99280
O01958,A0189,U053,Discovery,40,139456
O01959,A0462,U003,Closed Lost,0,229547
O01960,A0168,U038,Discovery,40,122335
O01961,A0247,U019,Discovery,40,151440
O01962,A0329,U034,Closed Lost,0,274921
O01963,A0478,U049,Closed Lost,0,272890
O01964,A0115,U049,Closed Won,100,94933
O01965,A0290,U016,Prospecting,10,248454
O01966,A0193,U011,Discovery,40,20775
O01967,A0378,U004,Prospecting,10,27915
O01968,A0423,U004,Closed Lost,0,271140
O01969,A0372,U002,Closed Won,100,268156
O01970,A0146,U018,Negotiation,80,209868
O01971,A0061,U054,Closed Won,100,56022
O01972,A0457,U041,Negotiation,80,207762
O01973,A0484,U013,Closed Won,100,133302
O01974,A0079,U005,Closed Lost,0,161618
O01975,A0408,U060,Discovery,40,63097
O01976,A0392,U018,Negotiation,80,81743
O01977,A0184,U023,Discovery,40,93542
O01978,A0054,U047,Prospecting,10,113135
O01979,A0121,U053,Negotiation,80,44364
O01980,A0482,U022,Prospecting,10,207855
O01981,A0187,U057,Discovery,40,50222
O01982,A0240,U022,Closed Won,100,163397
O01983,A0349,U050,Negotiation,80,283642
O01984,A0453,U033,Prospecting,10,55150
O01985,A0085,U002,Discovery,40,23836
O01986,A0105,U049,Discovery,40,236464
O01987,A0328,U012,Negotiation,80,65962
O01988,A0491,U058,Closed Won,100,285828
O01989,A0005,U040,Closed Lost,0,113320
O01990,A0112,U011,Prospecting,10,174160
O01991,A0397,U051,Discovery,40,176049
O01992,A0135,U023,Discovery,40,215560
O01993,A0026,U053,Negotiation,80,248662
O01994,A0387,U044,Discovery,40,67529
O01995,A0463,U010,Closed Won,100,214292
O01996,A0107,U021,Closed Won,100,187871
O01997,A0254,U030,Discovery,40,219150
O01998,A0492,U030,Prospecting,10,194427
O01999,A0173,U004,Closed Won,100,242113
O02000,A0347,U039,Closed Won,100,259421
O02001,A0363,U044,Closed Won,100,160797
O02002,A0258,U030,Prospecting,10,131577
O02003,A0330,U060,Prospecting,10,168623
O02004,A0231,U014,Discovery,40,150177
O02005,A0278,U020,Discovery,40,215636
O02006,A0097,U037,Prospecting,10,261669
O02007,A0150,U041,Prospecting,10,149194
O02008,A0133,U005,Closed Lost,0,214665
O02009,A0292,U036,Prospecting,10,30120
O02010,A0357,U031,Discovery,40,123390
O02011,A0166,U020,Closed Won,100,265327
O02012,A0263,U017,Closed Lost,0,148208
O02013,A0083,U026,Closed Lost,0,221886
O02014,A0446,U057,Closed Won,100,128292
O02015,A0209,U039,Discovery,40,244335
O02016,A0367,U049,Prospecting,10,213019
O02017,A0001,U045,Prospecting,10,109564
O02018,A0101,U007,Negotiation,80,29729
O02019,A0422,U013,Closed Won,100,38495
O02020,A0162,U003,Discovery,40,274968
O02021,A0106,U013,Negotiation,80,223814
O02022,A0034,U037,Closed Lost,0,104161
O02023,A0024,U053,Negotiation,80,86225
O02024,A0368,U049,Prospecting,10,40983
O02025,A0284,U014,Closed Lost,0,101786
O02026,A0072,U056,Negotiation,80,100384
O02027,A0489,U038,Closed Won,100,10610
O02028,A0298,U054,Prospecting,10,184609
O02029,A0475,U042,Closed Lost,0,23989
O02030,A0417,U006,Discovery,40,262733
O02031,A0038,U058,Closed Won,100,99545
O02032,A0478,U034,Negotiation,80,19642
O02033,A0433,U019,Closed Won,100,115015
O02034,A0164,U007,Discovery,40,162624
O02035,A0103,U037,Negotiation,80,281978
O02036,A0007,U018,Prospecting,10,118801
O02037,A0389,U016,Discovery,40,294261
O02038,A0444,U032,Discovery,40,176500
O02039,A0404,U039,Closed Won,100,262697
O02040,A0191,U005,Prospecting,10,254137
O02041,A0244,U047,Negotiation,80,41307
O02042,A0171,U031,Prospecting,10,15550
O02043,A0282,U009,Discovery,40,35845
O02044,A0050,U015,Closed Won,100,37688
O02045,A0316,U024,Negotiation,80,63821
O02046,A0142,U018,Prospecting,10,90374
O02047,A0276,U048,Discovery,40,91807
O02048,A0029,U027,Closed Won,100,240767
O02049,A0007,U022,Prospecting,10,237778
O02050,A0250,U004,Negotiation,80,241332
O02051,A0218,U041,Negotiation,80,23371
O02052,A0144,U024,Discovery,40,136130
O02053,A0075,U040,Prospecting,10,177470
O02054,A0278,U035,Closed Won,100,172302
O02055,A0392,U021,Closed Lost,0,202421
O02056,A0073,U040,Closed Won,100,119848
O02057,A0111,U007,Closed Won,100,52512
O02058,A0463,U001,Discovery,40,21189
O02059,A0233,U034,Prospecting,10,48503
O02060,A0184,U034,Discovery,40,100853
O02061,A0378,U027,Discovery,40,49726
O02062,A0056,U001,Closed Won,100,262555
O02063,A0207,U047,Negotiation,80,85432
O02064,A0187,U009,Closed Lost,0,134077
O02065,A0168,U013,Closed Won,100,288238
O02066,A0052,U020,Closed Lost,0,240863
O02067,A0297,U044,Discovery,40,247963
O02068,A0132,U004,Discovery,40,95747
O02069,A0357,U032,Discovery,40,292699
O02070,A0022,U026,Discovery,40,190729
O02071,A0260,U057,Closed Won,100,227783
O02072,A0442,U013,Discovery,40,52114
O02073,A0430,U010,Prospecting,10,269516
O02074,A0368,U014,Closed Lost,0,270507
O02075,A0202,U008,Negotiation,80,275186
O02076,A0051,U023,Prospecting,10,98445
O02077,A0351,U028,Discovery,40,172414
O02078,A0473,U017,Closed Won,100,282433
O02079,A0194,U027,Discovery,40,27909
O02080,A0384,U047,Prospecting,10,110894
O02081,A0208,U021,Negotiation,80,224849
O02082,A0232,U046,Negotiation,80,215385
O02083,A0066,U045,Discovery,40,235586
O02084,A0361,U044,Negotiation,80,201856
O02085,A0394,U024,Closed Lost,0,272319
O02086,A0018,U024,Closed Won,100,74790
O02087,A0028,U014,Negotiation,80,197777
O02088,A0285,U049,Discovery,40,160262
O02089,A0287,U012,Closed Won,100,231798
O02090,A0448,U053,Negotiation,80,204676
O02091,A0086,U053,Prospecting,10,105987
O02092,A0184,U051,Closed Lost,0,256439
O02093,A0351,U035,Closed Won,100,110704
O02094,A0165,U042,Prospecting,10,18593
O02095,A0114,U058,Closed Won,100,240153
O02096,A0216,U018,Negotiation,80,51681
O02097,A0102,U029,Closed Lost,0,68558
O02098,A0400,U056,Prospecting,10,12491
O02099,A0399,U037,Closed Lost,0,127507
O02100,A0017,U039,Discovery,40,271248
O02101,A0105,U013,Negotiation,80,68316
O02102,A0356,U049,Prospecting,10,166941
O02103,A0360,U007,Negotiation,80,79931
O02104,A0231,U028,Negotiation,80,182668
O02105,A0261,U020,Prospecting,10,54019
O02106,A0114,U011,Closed Won,100,119999
O02107,A0150,U049,Closed Lost,0,256311
O02108,A0349,U018,Negotiation,80,61861
O02109,A0334,U017,Closed Lost,0,94502
O02110,A0270,U048,Discovery,40,97270
O02111,A0355,U020,Closed Won,100,218253
O02112,A0119,U059,Closed Won,100,97811
O02113,A0088,U036,Closed Won,100,294581
O02114,A0125,U060,Negotiation,80,124125
O02115,A0148,U046,Discovery,40,49244
O02116,A0354,U016,Prospecting,10,70432
O02117,A0385,U001,Negotiation,80,79181
O02118,A0203,U055,Closed Won,100,39522
O02119,A0309,U004,Prospecting,10,79092
O02120,A0203,U058,Closed Won,100,163153
O02121,A0082,U031,Discovery,40,132721
O02122,A0116,U039,Closed Lost,0,141743
O02123,A0392,U027,Closed Lost,0,251443
O02124,A0289,U045,Closed Lost,0,157549
O02125,A0326,U043,Discovery,40,278954
O02126,A0462,U003,Discovery,40,78537
O02127,A0079,U038,Closed Lost,0,14931
O02128,A0130,U035,Closed Lost,0,297721
O02129,A0368,U003,Discovery,40,191787
O02130,A0280,U052,Closed Won,100,107746
O02131,A0167,U042,Discovery,40,106717
O02132,A0346,U012,Discovery,40,268536
O02133,A0065,U014,Discovery,40,34505
O02134,A0172,U052,Closed Lost,0,139371
O02135,A0235,U046,Closed Won,100,148929
O02136,A0060,U003,Discovery,40,55589
O02137,A0147,U032,Prospecting,10,36390
O02138,A0323,U020,Prospecting,10,204539
O02139,A0123,U014,Negotiation,80,144484
O02140,A0084,U022,Discovery,40,156194
O02141,A0186,U059,Negotiation,80,29415
O02142,A0110,U055,Prospecting,10,100899
O02143,A0331,U030,Closed Won,100,119976
O02144,A0007,U030,Closed Lost,0,217879
O02145,A0489,U023,Closed Won,100,204539
O02146,A0430,U039,Closed Won,100,14359
O02147,A0384,U005,Negotiation,80,40572
O02148,A0209,U024,Closed Won,100,220247
O02149,A0156,U041,Discovery,40,112401
O02150,A0046,U055,Closed Lost,0,169342
O02151,A0218,U003,Prospecting,10,250038
O02152,A0207,U013,Prospecting,10,295842
O02153,A0427,U031,Closed Lost,0,144332
O02154,A0307,U045,Prospecting,10,119800
O02155,A0351,U042,Discovery,40,82945
O02156,A0360,U022,Closed Lost,0,135482
O02157,A0170,U003,Negotiation,80,211940
O02158,A0009,U041,Negotiation,80,255339
O02159,A0493,U028,Prospecting,10,18285
O02160,A0428,U012,Prospecting,10,140172
O02161,A0208,U059,Prospecting,10,243225
O02162,A0399,U005,Discovery,40,122588
O02163,A0390,U054,Discovery,40,228581
O02164,A0476,U060,Closed Lost,0,197673
O02165,A0033,U047,Negotiation,80,125485
O02166,A0049,U009,Discovery,40,155134
O02167,A0362,U060,Negotiation,80,181768
O02168,A0136,U027,Closed Won,100,196360
O02169,A0039,U030,Discovery,40,124801
O02170,A0325,U001,Negotiation,80,276909
O02171,A0441,U021,Closed Lost,0,109187
O02172,A0294,U044,Negotiation,80,169495
O02173,A0359,U013,Negotiation,80,193990
O02174,A0458,U036,Negotiation,80,297552
O02175,A0486,U027,Negotiation,80,56981
O02176,A0098,U048,Closed Won,100,245280
O02177,A0418,U013,Closed Lost,0,123497
O02178,A0246,U029,Negotiation,80,12603
O02179,A0154,U009,Prospecting,10,277762
O02180,A0037,U019,Closed Won,100,77211
O02181,A0165,U057,Negotiation,80,212481
O02182,A0466,U041,Closed Won,100,86570
O02183,A0113,U016,Negotiation,80,207668
O02184,A0189,U040,Closed Lost,0,290859
O02185,A0155,U030,Prospecting,10,275093
O02186,A0331,U001,Negotiation,80,88329
O02187,A0256,U049,Closed Won,100,20056
O02188,A0201,U042,Prospecting,10,238408
O02189,A0105,U055,Prospecting,10,232749
O02190,A0221,U029,Negotiation,80,211486
O02191,A0033,U032,Closed Won,100,105632
O02192,A0352,U014,Closed Lost,0,107442
O02193,A0375,U028,Prospecting,10,199413
O02194,A0093,U025,Discovery,40,196357
O02195,A0190,U010,Closed Lost,0,291637
O02196,A0483,U052,Discovery,40,132480
O02197,A0282,U016,Negotiation,80,47490
O02198,A0104,U037,Prospecting,10,239114
O02199,A0391,U060,Closed Won,100,30081
O02200,A0113,U005,Negotiation,80,235257
O02201,A0164,U012,Prospecting,10,260413
O02202,A0497,U023,Discovery,40,114321
O02203,A0086,U029,Negotiation,80,68938
O02204,A0053,U017,Prospecting,10,289827
O02205,A0402,U007,Negotiation,80,158968
O02206,A0464,U030,Discovery,40,127821
O02207,A0213,U050,Prospecting,10,48803
O02208,A0239,U029,Negotiation,80,246813
O02209,A0328,U015,Closed Lost,0,236711
O02210,A0195,U039,Negotiation,80,55685
O02211,A0451,U026,Closed Lost,0,217938
O02212,A0054,U024,Prospecting,10,195131
O02213,A0203,U031,Negotiation,80,265311
O02214,A0330,U014,Discovery,40,83924
O02215,A0060,U048,Discovery,40,17274
O02216,A0434,U046,Closed Lost,0,106561
O02217,A0463,U022,Closed Won,100,142012
O02218,A0046,U053,Negotiation,80,120140
O02219,A0393,U036,Closed Lost,0,83889
O02220,A0497,U046,Negotiation,80,135029
O02221,A0292,U050,Prospecting,10,166787
O02222,A0214,U021,Closed Lost,0,196993
O02223,A0269,U030,Discovery,40,275017
O02224,A0329,U021,Discovery,40,118784
O02225,A0445,U048,Closed Lost,0,182352
O02226,A0464,U035,Discovery,40,82129
O02227,A0499,U046,Closed Won,100,157721
O02228,A0016,U046,Prospecting,10,28010
O02229,A0486,U055,Closed Won,100,202393
O02230,A0257,U030,Prospecting,10,248936
O02231,A0152,U035,Closed Lost,0,219391
O02232,A0347,U049,Closed Won,100,183273
O02233,A0250,U006,Negotiation,80,20526
O02234,A0162,U005,Discovery,40,198708
O02235,A0032,U041,Prospecting,10,211060
O02236,A0446,U014,Negotiation,80,82828
O02237,A0466,U015,Closed Won,100,158569
O02238,A0003,U015,Negotiation,80,121537
O02239,A0208,U020,Negotiation,80,256659
O02240,A0484,U032,Closed Won,100,254383
O02241,A0009,U030,Negotiation,80,245122
O02242,A0475,U034,Closed Won,100,233354
O02243,A0112,U039,Closed Lost,0,201943
O02244,A0088,U012,Closed Won,100,249679
O02245,A0182,U040,Closed Lost,0,282489
O02246,A0452,U014,Prospecting,10,68134
O02247,A0373,U003,Negotiation,80,245241
O02248,A0167,U041,Prospecting,10,60848
O02249,A0266,U060,Prospecting,10,201568
O02250,A0360,U006,Discovery,40,184435
O02251,A0125,U023,Discovery,40,132907
O02252,A0126,U033,Negotiation,80,214851
O02253,A0019,U001,Closed Lost,0,146340
O02254,A0256,U008,Negotiation,80,265016
O02255,A0144,U007,Closed Won,100,42357
O02256,A0250,U024,Negotiation,80,291444
O02257,A0136,U013,Closed Lost,0,234654
O02258,A0087,U037,Closed Won,100,203321
O02259,A0288,U054,Prospecting,10,243469
O02260,A0241,U058,Negotiation,80,203026
O02261,A0169,U025,Discovery,40,203431
O02262,A0453,U029,Discovery,40,199872
O02263,A0280,U047,Negotiation,80,77030
O02264,A0381,U056,Discovery,40,93636
O02265,A0341,U046,Negotiation,80,11189
O02266,A0072,U057,Prospecting,10,115428
O02267,A0287,U033,Discovery,40,36169
O02268,A0388,U009,Closed Won,100,77917
O02269,A0242,U030,Negotiation,80,60330
O02270,A0200,U010,Prospecting,10,208738
O02271,A0383,U058,Prospecting,10,79893
O02272,A0261,U017,Prospecting,10,165454
O02273,A0295,U053,Discovery,40,185008
O02274,A0297,U029,Prospecting,10,54916
O02275,A0393,U042,Closed Lost,0,16427
O02276,A0269,U050,Discovery,40,198615
O02277,A0059,U013,Closed Won,100,19000
O02278,A0416,U002,Closed Lost,0,64766
O02279,A0324,U044,Negotiation,80,21231
O02280,A0473,U042,Closed Won,100,298740
O02281,A0419,U035,Discovery,40,147197
O02282,A0420,U003,Discovery,40,22055
O02283,A0097,U013,Closed Lost,0,100670
O02284,A0326,U024,Prospecting,10,35216
O02285,A0057,U039,Negotiation,80,97772
O02286,A0001,U004,Discovery,40,132447
O02287,A0216,U037,Discovery,40,132741
O02288,A0481,U001,Discovery,40,278082
O02289,A0252,U003,Closed Won,100,87348
O02290,A0455,U017,Closed Won,100,253510
O02291,A0399,U045,Closed Lost,0,196605
O02292,A0174,U039,Closed Lost,0,252825
O02293,A0121,U054,Closed Won,100,205672
O02294,A0246,U032,Closed Won,100,13443
O02295,A0171,U013,Discovery,40,62469
O02296,A0239,U003,Negotiation,80,107841
O02297,A0349,U036,Negotiation,80,137422
O02298,A0368,U028,Closed Won,100,77083
O02299,A0303,U052,Discovery,40,30750
O02300,A0292,U053,Closed Lost,0,174031
O02301,A0380,U043,Closed Won,100,166258
O02302,A0131,U058,Closed Lost,0,155466
O02303,A0257,U025,Closed Lost,0,138297
O02304,A0432,U015,Closed Lost,0,189993
O02305,A0142,U037,Negotiation,80,177165
O02306,A0195,U017,Closed Lost,0,137417
O02307,A0315,U006,Closed Lost,0,270046
O02308,A0484,U053,Discovery,40,205340
O02309,A0344,U037,Closed Lost,0,93540
O02310,A0448,U039,Closed Lost,0,52794
O02311,A0245,U044,Closed Won,100,200873
O02312,A0039,U053,Negotiation,80,291430
O02313,A0111,U015,Closed Lost,0,86688
O02314,A0176,U035,Negotiation,80,280782
O02315,A0280,U011,Closed Lost,0,96953
O02316,A0301,U014,Discovery,40,118226
O02317,A0017,U037,Closed Lost,0,227390
O02318,A0497,U030,Discovery,40,225130
O02319,A0349,U054,Negotiation,80,25139
O02320,A0420,U012,Negotiation,80,76128
O02321,A0459,U027,Discovery,40,265332
O02322,A0261,U008,Discovery,40,75289
O02323,A0051,U002,Closed Lost,0,254333
O02324,A0450,U006,Discovery,40,296089
O02325,A0072,U045,Prospecting,10,16759
O02326,A0413,U053,Closed Won,100,155771
O02327,A0177,U054,Discovery,40,239956
O02328,A0403,U030,Closed Won,100,268887
O02329,A0324,U054,Closed Won,100,147181
O02330,A0173,U022,Prospecting,10,43284
O02331,A0291,U044,Closed Won,100,213294
O02332,A0202,U022,Negotiation,80,45708
O02333,A0071,U017,Negotiation,80,20456
O02334,A0093,U012,Discovery,40,210543
O02335,A0473,U016,Prospecting,10,221704
O02336,A0366,U019,Discovery,40,191406
O02337,A0271,U009,Closed Lost,0,218702
O02338,A0475,U040,Prospecting,10,209414
O02339,A0117,U001,Negotiation,80,63397
O02340,A0353,U049,Discovery,40,210000
O02341,A0015,U037,Prospecting,10,202438
O02342,A0198,U008,Negotiation,80,82685
O02343,A0385,U011,Closed Lost,0,123716
O02344,A0239,U015,Discovery,40,287886
O02345,A0237,U017,Discovery,40,263789
O02346,A0201,U060,Discovery,40,19887
O02347,A0064,U012,Prospecting,10,36419
O02348,A0164,U021,Discovery,40,66062
O02349,A0242,U009,Closed Won,100,30814
O02350,A0296,U023,Negotiation,80,120027
O02351,A0176,U032,Closed Lost,0,81712
O02352,A0369,U019,Negotiation,80,21677
O02353,A0442,U032,Negotiation,80,24929
O02354,A0404,U015,Closed Lost,0,131855
O02355,A0287,U043,Prospecting,10,296511
O02356,A0093,U053,Negotiation,80,264132
O02357,A0282,U005,Negotiation,80,110472
O02358,A0095,U057,Prospecting,10,12865
O02359,A0068,U033,Negotiation,80,87675
O02360,A0101,U011,Prospecting,10,127532
O02361,A0447,U043,Discovery,40,127464
O02362,A0331,U059,Closed Lost,0,136989
O02363,A0368,U048,Discovery,40,160275
O02364,A0316,U028,Closed Lost,0,132489
O02365,A0077,U025,Closed Lost,0,75978
O02366,A0198,U025,Discovery,40,273774
O02367,A0496,U059,Discovery,40,70430
O02368,A0271,U009,Closed Lost,0,294149
O02369,A0340,U057,Discovery,40,97059
O02370,A0119,U031,Closed Won,100,44572
O02371,A0460,U004,Negotiation,80,270314
O02372,A0229,U010,Discovery,40,274747
O02373,A0204,U054,Closed Lost,0,215521
O02374,A0478,U051,Prospecting,10,26229
O02375,A0452,U013,Discovery,40,140156
O02376,A0320,U025,Negotiation,80,156210
O02377,A0019,U031,Prospecting,10,243533
O02378,A0398,U049,Prospecting,10,236442
O02379,A0443,U028,Discovery,40,121228
O02380,A0010,U001,Closed Lost,0,150785
O02381,A0122,U010,Prospecting,10,117176
O02382,A0294,U018,Closed Won,100,93662
O02383,A0380,U013,Closed Lost,0,154810
O02384,A0200,U040,Negotiation,80,18685
O02385,A0393,U005,Closed Won,100,295021
O02386,A0152,U001,Closed Won,100,166839
O02387,A0498,U013,Prospecting,10,258278
O02388,A0184,U042,Prospecting,10,126647
O02389,A0444,U011,Closed Lost,0,14336
O02390,A0193,U037,Closed Won,100,33837
O02391,A0326,U056,Discovery,40,293334
O02392,A0324,U017,Discovery,40,261664
O02393,A0489,U047,Closed Lost,0,216412
O02394,A0051,U024,Discovery,40,244408
O02395,A0126,U018,Closed Lost,0,107322
O02396,A0230,U060,Discovery,40,243418
O02397,A0499,U026,Discovery,40,46793
O02398,A0360,U057,Discovery,40,235238
O02399,A0225,U004,Discovery,40,49315
O02400,A0339,U056,Prospecting,10,90854
O02401,A0222,U013,Discovery,40,214931
O02402,A0051,U021,Closed Lost,0,238780
O02403,A0197,U019,Closed Lost,0,109376
O02404,A0023,U003,Closed Won,100,181297
O02405,A0194,U032,Negotiation,80,163968
O02406,A0167,U053,Prospecting,10,84227
O02407,A0043,U004,Prospecting,10,105747
O02408,A0174,U028,Closed Won,100,31572
O02409,A0456,U008,Closed Won,100,265165
O02410,A0104,U025,Negotiation,80,97826
O02411,A0115,U048,Closed Won,100,202144
O02412,A0389,U045,Closed Won,100,61584
O02413,A0314,U057,Closed Won,100,220037
O02414,A0405,U042,Negotiation,80,130312
O02415,A0040,U017,Prospecting,10,40048
O02416,A0110,U028,Closed Lost,0,122538
O02417,A0320,U047,Closed Lost,0,112517
O02418,A0034,U020,Prospecting,10,45414
O02419,A0002,U034,Closed Lost,0,23545
O02420,A0231,U011,Discovery,40,35887
O02421,A0335,U055,Prospecting,10,135560
O02422,A0101,U036,Discovery,40,26241
O02423,A0125,U028,Closed Won,100,129915
O02424,A0188,U004,Discovery,40,284900
O02425,A0183,U028,Closed Lost,0,28342
O02426,A0383,U001,Negotiation,80,125633
O02427,A0293,U026,Closed Won,100,122975
O02428,A0144,U011,Closed Won,100,203379
O02429,A0459,U007,Negotiation,80,13536
O02430,A0269,U035,Closed Lost,0,219981
O02431,A0202,U039,Closed Lost,0,68332
O02432,A0369,U011,Discovery,40,155859
O02433,A0024,U050,Negotiation,80,158578
O02434,A0197,U041,Discovery,40,49047
O02435,A0438,U004,Closed Won,100,90665
O02436,A0497,U010,Prospecting,10,83472
O02437,A0482,U012,Closed Won,100,88322
O02438,A0291,U009,Discovery,40,174668
O02439,A0121,U039,Closed Lost,0,75241
O02440,A0130,U008,Negotiation,80,35426
O02441,A0062,U004,Discovery,40,135104
O02442,A0154,U010,Prospecting,10,296667
O02443,A0353,U043,Prospecting,10,101345
O02444,A0017,U028,Closed Won,100,16695
O02445,A0093,U006,Prospecting,10,30753
O02446,A0173,U031,Prospecting,10,245909
O02447,A0382,U031,Negotiation,80,63168
O02448,A0406,U044,Closed Lost,0,140149
O02449,A0160,U049,Discovery,40,299275
O02450,A0246,U002,Closed Won,100,165620
O02451,A0367,U031,Closed Lost,0,239833
O02452,A0371,U043,Discovery,40,216185
O02453,A0465,U012,Discovery,40,101845
O02454,A0163,U053,Prospecting,10,124245
O02455,A0356,U001,Closed Won,100,61490
O02456,A0379,U053,Negotiation,80,25403
O02457,A0163,U040,Closed Lost,0,141000
O02458,A0103,U040,Discovery,40,285462
O02459,A0108,U047,Negotiation,80,185436
O02460,A0389,U027,Discovery,40,241505
O02461,A0202,U024,Discovery,40,205831
O02462,A0136,U013,Negotiation,80,195558
O02463,A0182,U040,Prospecting,10,96733
O02464,A0076,U018,Closed Lost,0,101655
O02465,A0270,U017,Closed Lost,0,138007
O02466,A0324,U030,Discovery,40,118046
O02467,A0348,U018,Negotiation,80,267867
O02468,A0475,U011,Negotiation,80,203323
O02469,A0003,U042,Negotiation,80,16525
O02470,A0307,U025,Closed Lost,0,224336
O02471,A0359,U023,Negotiation,80,86128
O02472,A0349,U037,Discovery,40,71423
O02473,A0295,U037,Prospecting,10,56438
O02474,A0418,U012,Prospecting,10,127262
O02475,A0431,U057,Negotiation,80,38761
O02476,A0493,U024,Discovery,40,225745
O02477,A0400,U036,Closed Won,100,142716
O02478,A0200,U054,Closed Won,100,17155
O02479,A0474,U043,Closed Lost,0,191169
O02480,A0363,U037,Closed Won,100,212614
O02481,A0184,U038,Prospecting,10,65783
O02482,A0229,U019,Negotiation,80,70795
O02483,A0398,U019,Closed Won,100,262294
O02484,A0236,U010,Closed Won,100,109317
O02485,A0306,U048,Negotiation,80,109276
O02486,A0072,U034,Closed Won,100,177365
O02487,A0087,U034,Prospecting,10,65805
O02488,A0325,U040,Prospecting,10,119650
O02489,A0321,U032,Prospecting,10,174250
O02490,A0423,U055,Closed Won,100,230900
O02491,A0308,U022,Discovery,40,137576
O02492,A0397,U019,Prospecting,10,54506
O02493,A0018,U001,Prospecting,10,244329
O02494,A0320,U021,Discovery,40,174963
O02495,A0165,U007,Closed Lost,0,78608
O02496,A0413,U017,Negotiation,80,50625
O02497,A0206,U056,Closed Lost,0,176233
O02498,A0330,U021,Closed Won,100,101844
O02499,A0160,U003,Closed Lost,0,157730
O02500,A0009,U035,Closed Won,100,121052
O02501,A0399,U043,Discovery,40,60565
O02502,A0298,U030,Closed Lost,0,148235
O02503,A0051,U007,Negotiation,80,196919
O02504,A0374,U041,Closed Won,100,242738
O02505,A0198,U003,Closed Won,100,293578
O02506,A0004,U008,Negotiation,80,109361
O02507,A0121,U046,Closed Won,100,163699
O02508,A0223,U044,Closed Won,100,198424
O02509,A0226,U030,Closed Won,100,238687
O02510,A0405,U038,Prospecting,10,165582
O02511,A0150,U032,Closed Won,100,44744
O02512,A0345,U006,Discovery,40,63596
O02513,A0204,U049,Closed Lost,0,103310
O02514,A0398,U012,Negotiation,80,45934
O02515,A0268,U059,Closed Won,100,19164
O02516,A0405,U050,Discovery,40,238025
O02517,A0094,U034,Closed Lost,0,58040
O02518,A0026,U014,Closed Won,100,202938
O02519,A0057,U010,Negotiation,80,132043
O02520,A0248,U011,Prospecting,10,267956
O02521,A0104,U037,Negotiation,80,147181
O02522,A0289,U017,Closed Lost,0,247755
O02523,A0154,U021,Prospecting,10,49024
O02524,A0449,U029,Closed Won,100,263808
O02525,A0187,U030,Prospecting,10,265916
O02526,A0010,U023,Negotiation,80,112917
O02527,A0037,U059,Discovery,40,50362
O02528,A0436,U027,Negotiation,80,225493
O02529,A0136,U044,Negotiation,80,280651
O02530,A0064,U025,Negotiation,80,128110
O02531,A0243,U051,Prospecting,10,82349
O02532,A0288,U056,Discovery,40,280223
O02533,A0181,U016,Closed Lost,0,158358
O02534,A0387,U049,Prospecting,10,94991
O02535,A0189,U049,Closed Won,100,241773
O02536,A0203,U004,Discovery,40,161839
O02537,A0002,U022,Negotiation,80,106521
O02538,A0400,U039,Negotiation,80,209157
O02539,A0105,U020,Negotiation,80,197205
O02540,A0462,U019,Closed Won,100,144813
O02541,A0488,U042,Closed Won,100,123107
O02542,A0105,U020,Discovery,40,210686
O02543,A0409,U001,Prospecting,10,68557
O02544,A0199,U023,Negotiation,80,127917
O02545,A0377,U003,Prospecting,10,130192
O02546,A0328,U036,Closed Lost,0,205931
O02547,A0359,U021,Closed Won,100,183563
O02548,A0153,U004,Closed Lost,0,155521
O02549,A0233,U042,Negotiation,80,207175
O02550,A0290,U025,Closed Lost,0,28276
O02551,A0443,U040,Closed Lost,0,155568
O02552,A0270,U050,Prospecting,10,133535
O02553,A0450,U004,Negotiation,80,209399
O02554,A0174,U054,Discovery,40,247984
O02555,A0493,U049,Negotiation,80,209890
O02556,A0050,U060,Negotiation,80,295492
O02557,A0350,U049,Closed Lost,0,108722
O02558,A0480,U056,Discovery,40,281764
O02559,A0134,U002,Closed Won,100,233158
O02560,A0017,U022,Closed Lost,0,95387
O02561,A0028,U013,Negotiation,80,228549
O02562,A0118,U031,Closed Won,100,53099
O02563,A0366,U028,Negotiation,80,98757
O02564,A0278,U044,Closed Lost,0,193462
O02565,A0439,U022,Prospecting,10,46143
O02566,A0026,U008,Discovery,40,79866
O02567,A0105,U036,Prospecting,10,182267
O02568,A0409,U009,Closed Lost,0,254556
O02569,A0160,U055,Closed Won,100,15778
O02570,A0075,U024,Closed Won,100,259799
O02571,A0240,U041,Closed Lost,0,260663
O02572,A0490,U054,Closed Won,100,221371
O02573,A0020,U036,Prospecting,10,297836
O02574,A0332,U009,Negotiation,80,181413
O02575,A0426,U027,Closed Won,100,11489
O02576,A0063,U004,Negotiation,80,193895
O02577,A0105,U044,Discovery,40,36790
O02578,A0150,U048,Closed Won,100,286187
O02579,A0334,U044,Closed Won,100,32179
O02580,A0024,U056,Discovery,40,120356
O02581,A0304,U057,Discovery,40,212591
O02582,A0165,U023,Closed Lost,0,245687
O02583,A0189,U003,Closed Lost,0,31379
O02584,A0043,U056,Prospecting,10,45886
O02585,A0028,U002,Discovery,40,61632
O02586,A0492,U053,Prospecting,10,224052
O02587,A0301,U043,Negotiation,80,137699
O02588,A0269,U059,Closed Lost,0,133047
O02589,A0238,U029,Discovery,40,240192
O02590,A0007,U004,Closed Won,100,167433
O02591,A0148,U045,Discovery,40,138385
O02592,A0164,U056,Negotiation,80,143118
O02593,A0436,U037,Closed Lost,0,192220
O02594,A0135,U035,Prospecting,10,115168
O02595,A0082,U038,Closed Won,100,235493
O02596,A0290,U015,Discovery,40,214271
O02597,A0167,U025,Prospecting,10,45646
O02598,A0457,U042,Closed Won,100,72160
O02599,A0255,U016,Closed Lost,0,261595
O02600,A0462,U049,Prospecting,10,101228
O02601,A0291,U043,Negotiation,80,147913
O02602,A0161,U023,Closed Lost,0,128806
O02603,A0493,U049,Closed Lost,0,211478
O02604,A0145,U015,Prospecting,10,144593
O02605,A0439,U035,Closed Won,100,254297
O02606,A0285,U013,Negotiation,80,118103
O02607,A0424,U035,Discovery,40,111998
O02608,A0159,U041,Discovery,40,48981
O02609,A0384,U017,Prospecting,10,130959
O02610,A0298,U024,Discovery,40,113651
O02611,A0333,U010,Discovery,40,214781
O02612,A0453,U005,Closed Won,100,285840
O02613,A0079,U014,Closed Lost,0,112351
O02614,A0236,U010,Closed Won,100,188704
O02615,A0021,U052,Prospecting,10,118810
O02616,A0440,U046,Closed Lost,0,88559
O02617,A0414,U043,Discovery,40,78950
O02618,A0405,U050,Closed Lost,0,250198
O02619,A0300,U021,Prospecting,10,249061
O02620,A0103,U006,Discovery,40,213883
O02621,A0047,U002,Negotiation,80,196326
O02622,A0361,U011,Closed Lost,0,181717
O02623,A0243,U031,Negotiation,80,145840
O02624,A0237,U058,Prospecting,10,166275
O02625,A0271,U014,Negotiation,80,228053
O02626,A0369,U056,Prospecting,10,162473
O02627,A0387,U048,Discovery,40,224886
O02628,A0495,U059,Negotiation,80,67490
O02629,A0436,U037,Discovery,40,118209
O02630,A0220,U023,Negotiation,80,14662
O02631,A0329,U031,Prospecting,10,177303
O02632,A0474,U024,Prospecting,10,133806
O02633,A0368,U005,Closed Lost,0,60679
O02634,A0018,U027,Prospecting,10,171394
O02635,A0434,U054,Prospecting,10,37259
O02636,A0470,U012,Negotiation,80,185029
O02637,A0167,U001,Closed Won,100,249291
O02638,A0359,U034,Prospecting,10,275790
O02639,A0207,U007,Prospecting,10,231298
O02640,A0409,U007,Closed Lost,0,192906
O02641,A0221,U056,Closed Won,100,63363
O02642,A0154,U025,Discovery,40,127417
O02643,A0232,U040,Closed Won,100,209400
O02644,A0244,U027,Closed Lost,0,96848
O02645,A0323,U048,Prospecting,10,37414
O02646,A0063,U004,Discovery,40,260574
O02647,A0087,U047,Negotiation,80,129002
O02648,A0336,U042,Closed Lost,0,264764
O02649,A0355,U004,Closed Lost,0,228252
O02650,A0191,U051,Closed Won,100,155740
O02651,A0108,U039,Discovery,40,271012
O02652,A0238,U022,Discovery,40,120601
O02653,A0395,U012,Prospecting,10,101886
O02654,A0433,U052,Prospecting,10,59657
O02655,A0264,U007,Closed Won,100,109444
O02656,A0415,U039,Closed Lost,0,221886
O02657,A0495,U026,Discovery,40,50951
O02658,A0191,U029,Closed Won,100,244395
O02659,A0465,U027,Closed Lost,0,64658
O02660,A0006,U059,Closed Won,100,294894
O02661,A0019,U051,Closed Won,100,41080
O02662,A0348,U004,Closed Won,100,247227
O02663,A0175,U004,Closed Won,100,243381
O02664,A0135,U059,Closed Won,100,234904
O02665,A0357,U051,Closed Won,100,98385
O02666,A0300,U006,Closed Lost,0,76690
O02667,A0480,U044,Negotiation,80,52330
O02668,A0123,U058,Closed Won,100,35696
O02669,A0175,U040,Discovery,40,167935
O02670,A0452,U024,Discovery,40,241473
O02671,A0259,U014,Discovery,40,74677
O02672,A0140,U028,Prospecting,10,230065
O02673,A0474,U016,Negotiation,80,76043
O02674,A0138,U057,Negotiation,80,133699
O02675,A0061,U044,Prospecting,10,33992
O02676,A0267,U009,Negotiation,80,60174
O02677,A0458,U043,Closed Lost,0,248861
O02678,A0165,U038,Closed Lost,0,145414
O02679,A0306,U057,Prospecting,10,128314
O02680,A0338,U027,Negotiation,80,167974
O02681,A0430,U053,Discovery,40,108212
O02682,A0128,U012,Negotiation,80,84736
O02683,A0240,U059,Discovery,40,260360
O02684,A0340,U054,Negotiation,80,15284
O02685,A0175,U026,Closed Lost,0,34897
O02686,A0382,U016,Negotiation,80,174578
O02687,A0013,U032,Closed Won,100,199714
O02688,A0040,U005,Closed Lost,0,84844
O02689,A0226,U060,Prospecting,10,57495
O02690,A0357,U051,Negotiation,80,147925
O02691,A0080,U017,Discovery,40,280640
O02692,A0204,U032,Negotiation,80,104179
O02693,A0405,U022,Closed Won,100,291759
O02694,A0102,U018,Closed Won,100,219868
O02695,A0287,U049,Closed Won,100,55760
O02696,A0110,U053,Prospecting,10,198883
O02697,A0043,U003,Closed Lost,0,105939
O02698,A0251,U039,Closed Lost,0,269250
O02699,A0330,U015,Closed Won,100,232165
O02700,A0186,U058,Closed Won,100,241503
O02701,A0012,U034,Discovery,40,101996
O02702,A0239,U012,Discovery,40,129823
O02703,A0025,U026,Prospecting,10,281117
O02704,A0360,U014,Prospecting,10,177928
O02705,A0463,U038,Discovery,40,114606
O02706,A0291,U025,Discovery,40,49217
O02707,A0227,U044,Discovery,40,146266
O02708,A0192,U035,Closed Won,100,140304
O02709,A0093,U051,Prospecting,10,194711
O02710,A0282,U053,Negotiation,80,76277
O02711,A0480,U052,Closed Lost,0,178579
O02712,A0267,U032,Prospecting,10,86018
O02713,A0121,U014,Discovery,40,195100
O02714,A0308,U052,Discovery,40,182894
O02715,A0363,U021,Prospecting,10,79741
O02716,A0139,U010,Closed Lost,0,239869
O02717,A0394,U018,Negotiation,80,220104
O02718,A0236,U048,Prospecting,10,276963
O02719,A0223,U040,Negotiation,80,178371
O02720,A0343,U049,Prospecting,10,199305
O02721,A0477,U051,Negotiation,80,128716
O02722,A0382,U042,Prospecting,10,34945
O02723,A0343,U013,Closed Lost,0,148721
O02724,A0463,U007,Discovery,40,199406
O02725,A0296,U050,Closed Won,100,60310
O02726,A0009,U013,Closed Lost,0,109754
O02727,A0208,U008,Negotiation,80,121404
O02728,A0435,U040,Discovery,40,105663
O02729,A0236,U016,Prospecting,10,131930
O02730,A0466,U001,Closed Lost,0,192065
O02731,A0192,U003,Prospecting,10,100534
O02732,A0242,U051,Prospecting,10,109829
O02733,A0150,U003,Closed Lost,0,142166
O02734,A0011,U039,Closed Won,100,129681
O02735,A0473,U033,Discovery,40,83029
O02736,A0475,U023,Closed Won,100,107635
O02737,A0230,U022,Closed Won,100,54101
O02738,A0307,U050,Prospecting,10,211014
O02739,A0180,U007,Prospecting,10,123312
O02740,A0427,U046,Closed Won,100,230263
O02741,A0338,U013,Closed Won,100,41556
O02742,A0203,U010,Closed Lost,0,131199
O02743,A0431,U042,Negotiation,80,39843
O02744,A0169,U056,Negotiation,80,170618
O02745,A0476,U003,Discovery,40,186797
O02746,A0099,U020,Closed Won,100,13839
O02747,A0028,U028,Closed Won,100,39091
O02748,A0439,U036,Negotiation,80,158358
O02749,A0145,U057,Closed Won,100,237336
O02750,A0351,U018,Closed Lost,0,33732
O02751,A0321,U014,Closed Won,100,29207
O02752,A0429,U007,Discovery,40,61951
O02753,A0431,U021,Prospecting,10,124513
O02754,A0374,U027,Negotiation,80,258576
O02755,A0483,U043,Prospecting,10,188156
O02756,A0036,U051,Prospecting,10,13602
O02757,A0286,U023,Negotiation,80,30381
O02758,A0222,U012,Discovery,40,68723
O02759,A0397,U046,Negotiation,80,225502
O02760,A0001,U013,Discovery,40,229798
O02761,A0157,U049,Closed Won,100,182131
O02762,A0081,U050,Closed Won,100,293565
O02763,A0359,U040,Negotiation,80,75222
O02764,A0025,U003,Discovery,40,243948
O02765,A0357,U034,Prospecting,10,147171
O02766,A0318,U045,Negotiation,80,103878
O02767,A0124,U059,Closed Won,100,99293
O02768,A0361,U020,Prospecting,10,292632
O02769,A0057,U004,Negotiation,80,104679
O02770,A0011,U023,Closed Lost,0,292091
O02771,A0308,U040,Prospecting,10,13428
O02772,A0267,U010,Negotiation,80,278180
O02773,A0265,U056,Prospecting,10,92640
O02774,A0195,U050,Closed Won,100,254927
O02775,A0456,U027,Prospecting,10,274835
O02776,A0047,U001,Prospecting,10,106776
O02777,A0264,U025,Negotiation,80,164003
O02778,A0365,U016,Discovery,40,10693
O02779,A0008,U041,Closed Won,100,110893
O02780,A0258,U044,Discovery,40,89890
O02781,A0447,U003,Closed Lost,0,54051
O02782,A0147,U014,Closed Lost,0,43365
O02783,A0052,U053,Negotiation,80,176659
O02784,A0500,U005,Closed Won,100,27583
O02785,A0453,U001,Closed Lost,0,237291
O02786,A0091,U042,Prospecting,10,90859
O02787,A0281,U056,Closed Lost,0,74152
O02788,A0194,U010,Negotiation,80,98194
O02789,A0373,U026,Negotiation,80,92722
O02790,A0147,U021,Discovery,40,286415
O02791,A0385,U040,Closed Won,100,263804
O02792,A0271,U019,Negotiation,80,253411
O02793,A0011,U001,Negotiation,80,195113
O02794,A0428,U051,Negotiation,80,92723
O02795,A0209,U027,Closed Won,100,259124
O02796,A0264,U004,Closed Won,100,291122
O02797,A0123,U029,Discovery,40,134135
O02798,A0499,U008,Prospecting,10,255166
O02799,A0420,U027,Closed Lost,0,237376
O02800,A0332,U043,Closed Lost,0,197927
O02801,A0343,U004,Negotiation,80,195119
O02802,A0220,U022,Closed Lost,0,208909
O02803,A0007,U037,Closed Won,100,270171
O02804,A0071,U042,Prospecting,10,188901
O02805,A0015,U046,Negotiation,80,214810
O02806,A0212,U042,Prospecting,10,283806
O02807,A0341,U048,Closed Won,100,46136
O02808,A0171,U005,Discovery,40,52713
O02809,A0283,U034,Prospecting,10,34049
O02810,A0165,U005,Negotiation,80,149113
O02811,A0062,U041,Prospecting,10,14950
O02812,A0137,U036,Discovery,40,31508
O02813,A0268,U004,Closed Lost,0,184605
O02814,A0289,U014,Discovery,40,22005
O02815,A0305,U027,Negotiation,80,227773
O02816,A0437,U027,Closed Won,100,119510
O02817,A0085,U051,Closed Lost,0,270197
O02818,A0045,U013,Discovery,40,127998
O02819,A0010,U042,Closed Lost,0,120476
O02820,A0458,U055,Discovery,40,241194
O02821,A0264,U050,Closed Lost,0,92235
O02822,A0120,U036,Closed Won,100,272255
O02823,A0042,U048,Closed Won,100,101628
O02824,A0492,U022,Negotiation,80,252057
O02825,A0038,U038,Discovery,40,253675
O02826,A0021,U044,Prospecting,10,33869
O02827,A0189,U008,Closed Lost,0,165035
O02828,A0170,U024,Discovery,40,139198
O02829,A0401,U008,Discovery,40,57363
O02830,A0102,U006,Negotiation,80,90665
O02831,A0087,U053,Negotiation,80,70563
O02832,A0367,U031,Discovery,40,248511
O02833,A0245,U041,Discovery,40,67546
O02834,A0242,U007,Prospecting,10,284649
O02835,A0346,U027,Negotiation,80,227271
O02836,A0421,U023,Negotiation,80,28081
O02837,A0261,U022,Negotiation,80,244286
O02838,A0489,U011,Prospecting,10,95390
O02839,A0054,U011,Discovery,40,168534
O02840,A0484,U016,Negotiation,80,131755
O02841,A0177,U002,Closed Lost,0,183432
O02842,A0079,U049,Closed Lost,0,47801
O02843,A0189,U037,Prospecting,10,288047
O02844,A0481,U031,Negotiation,80,254644
O02845,A0399,U041,Negotiation,80,56555
O02846,A0321,U048,Closed Won,100,229700
O02847,A0197,U013,Prospecting,10,164213
O02848,A0168,U015,Prospecting,10,217025
O02849,A0438,U026,Prospecting,10,268085
O02850,A0154,U029,Closed Won,100,121525
O02851,A0491,U037,Closed Won,100,150746
O02852,A0076,U052,Prospecting,10,13234
O02853,A0439,U032,Discovery,40,174087
O02854,A0043,U020,Negotiation,80,85761
O02855,A0001,U033,Discovery,40,116438
O02856,A0377,U033,Closed Lost,0,41445
O02857,A0416,U031,Negotiation,80,59880
O02858,A0171,U020,Negotiation,80,156108
O02859,A0327,U050,Negotiation,80,129313
O02860,A0403,U013,Closed Lost,0,249427
O02861,A0280,U038,Prospecting,10,150509
O02862,A0072,U036,Closed Won,100,84768
O02863,A0173,U042,Prospecting,10,73007
O02864,A0075,U057,Negotiation,80,37577
O02865,A0333,U056,Discovery,40,17962
O02866,A0367,U045,Closed Won,100,92684
O02867,A0048,U013,Discovery,40,149738
O02868,A0068,U053,Closed Won,100,258202
O02869,A0218,U024,Discovery,40,166498
O02870,A0194,U006,Prospecting,10,153212
O02871,A0294,U057,Discovery,40,262479
O02872,A0155,U057,Prospecting,10,103850
O02873,A0427,U011,Negotiation,80,48677
O02874,A0004,U009,Negotiation,80,188577
O02875,A0263,U035,Negotiation,80,90751
O02876,A0399,U049,Prospecting,10,116266
O02877,A0142,U043,Closed Won,100,118259
O02878,A0230,U053,Discovery,40,115403
O02879,A0039,U006,Closed Lost,0,223109
O02880,A0221,U040,Closed Won,100,250632
O02881,A0423,U057,Discovery,40,270408
O02882,A0369,U017,Closed Lost,0,66496
O02883,A0155,U007,Discovery,40,205835
O02884,A0178,U006,Negotiation,80,12075
O02885,A0164,U007,Discovery,40,121111
O02886,A0349,U026,Closed Won,100,211054
O02887,A0103,U016,Closed Lost,0,238755
O02888,A0416,U009,Closed Won,100,194893
O02889,A0321,U024,Negotiation,80,74911
O02890,A0484,U045,Prospecting,10,209534
O02891,A0252,U037,Negotiation,80,106496
O02892,A0042,U039,Negotiation,80,247981
O02893,A0158,U056,Discovery,40,288556
O02894,A0288,U038,Closed Won,100,290993
O02895,A0205,U054,Closed Won,100,78554
O02896,A0099,U002,Discovery,40,93655
O02897,A0489,U009,Negotiation,80,166069
O02898,A0451,U006,Negotiation,80,22970
O02899,A0032,U045,Prospecting,10,146169
O02900,A0099,U013,Closed Lost,0,294545
O02901,A0172,U060,Discovery,40,280213
O02902,A0193,U014,Closed Lost,0,52799
O02903,A0063,U014,Negotiation,80,66968
O02904,A0370,U024,Negotiation,80,293232
O02905,A0066,U018,Closed Lost,0,57094
O02906,A0339,U049,Discovery,40,176260
O02907,A0180,U027,Prospecting,10,55347
O02908,A0422,U057,Discovery,40,30653
O02909,A0460,U029,Prospecting,10,170175
O02910,A0122,U052,Closed Lost,0,273386
O02911,A0199,U030,Prospecting,10,101650
O02912,A0412,U047,Closed Won,100,292605
O02913,A0005,U009,Prospecting,10,169459
O02914,A0316,U031,Closed Won,100,298128
O02915,A0383,U029,Prospecting,10,139168
O02916,A0037,U001,Discovery,40,235433
O02917,A0003,U057,Discovery,40,39793
O02918,A0139,U021,Closed Lost,0,45269
O02919,A0002,U035,Discovery,40,80594
O02920,A0417,U059,Prospecting,10,193235
O02921,A0143,U031,Discovery,40,101316
O02922,A0320,U010,Closed Won,100,289975
O02923,A0083,U026,Negotiation,80,119237
O02924,A0306,U044,Negotiation,80,143343
O02925,A0225,U009,Closed Won,100,106539
O02926,A0081,U032,Discovery,40,223143
O02927,A0087,U040,Negotiation,80,83426
O02928,A0431,U057,Negotiation,80,293371
O02929,A0473,U026,Prospecting,10,290459
O02930,A0335,U060,Negotiation,80,100128
O02931,A0181,U047,Closed Lost,0,66862
O02932,A0129,U003,Closed Lost,0,101863
O02933,A0013,U059,Closed Won,100,44085
O02934,A0296,U035,Prospecting,10,14241
O02935,A0276,U054,Closed Won,100,235871
O02936,A0309,U050,Negotiation,80,86220
O02937,A0029,U001,Discovery,40,203240
O02938,A0333,U052,Closed Lost,0,53404
O02939,A0063,U010,Prospecting,10,91331
O02940,A0131,U015,Prospecting,10,110370
O02941,A0177,U027,Prospecting,10,190699
O02942,A0197,U033,Closed Won,100,110274
O02943,A0369,U036,Negotiation,80,109802
O02944,A0406,U016,Closed Won,100,209589
O02945,A0052,U021,Discovery,40,98138
O02946,A0347,U016,Closed Won,100,176340
O02947,A0476,U024,Closed Lost,0,26719
O02948,A0084,U021,Discovery,40,168922
O02949,A0234,U007,Closed Lost,0,17422
O02950,A0425,U049,Discovery,40,296250
O02951,A0104,U011,Negotiation,80,155777
O02952,A0057,U013,Discovery,40,207561
O02953,A0222,U020,Closed Lost,0,118245
O02954,A0145,U055,Prospecting,10,272121
O02955,A0237,U015,Closed Lost,0,36052
O02956,A0167,U026,Negotiation,80,91229
O02957,A0432,U022,Negotiation,80,246638
O02958,A0268,U007,Discovery,40,248654
O02959,A0079,U001,Discovery,40,210751
O02960,A0068,U007,Discovery,40,118437
O02961,A0464,U004,Prospecting,10,267224
O02962,A0277,U026,Discovery,40,192677
O02963,A0047,U055,Negotiation,80,127434
O02964,A0382,U002,Negotiation,80,59861
O02965,A0143,U019,Negotiation,80,299028
O02966,A0094,U028,Negotiation,80,266576
O02967,A0442,U025,Negotiation,80,157381
O02968,A0395,U026,Closed Lost,0,119419
O02969,A0180,U005,Closed Won,100,289770
O02970,A0156,U020,Closed Won,100,217860
O02971,A0363,U060,Negotiation,80,25122
O02972,A0067,U057,Negotiation,80,69120
O02973,A0122,U043,Negotiation,80,137709
O02974,A0304,U044,Closed Lost,0,190136
O02975,A0308,U056,Discovery,40,34075
O02976,A0086,U038,Negotiation,80,141742
O02977,A0476,U042,Closed Lost,0,219624
O02978,A0372,U040,Prospecting,10,128670
O02979,A0455,U022,Negotiation,80,190178
O02980,A0382,U039,Closed Lost,0,32508
O02981,A0424,U027,Prospecting,10,158520
O02982,A0051,U009,Prospecting,10,157991
O02983,A0469,U003,Prospecting,10,153344
O02984,A0442,U051,Prospecting,10,260192
O02985,A0027,U058,Closed Won,100,118360
O02986,A0378,U004,Discovery,40,192884
O02987,A0488,U054,Negotiation,80,205475
O02988,A0116,U021,Closed Lost,0,179232
O02989,A0476,U060,Closed Won,100,27955
O02990,A0323,U052,Closed Lost,0,79971
O02991,A0292,U013,Discovery,40,133115
O02992,A0473,U006,Prospecting,10,28201
O02993,A0098,U049,Prospecting,10,198095
O02994,A0402,U051,Closed Won,100,92627
O02995,A0416,U050,Discovery,40,119236
O02996,A0338,U016,Negotiation,80,130230
O02997,A0216,U021,Prospecting,10,297662
O02998,A0067,U022,Closed Won,100,79887
O02999,A0232,U049,Prospecting,10,160643
O03000,A0415,U026,Closed Won,100,62556
O03001,A0417,U046,Discovery,40,177664
O03002,A0180,U045,Closed Lost,0,216188
O03003,A0448,U030,Closed Won,100,169919
O03004,A0247,U004,Prospecting,10,264925
O03005,A0168,U059,Prospecting,10,105552
O03006,A0163,U027,Discovery,40,86932
O03007,A0473,U012,Closed Lost,0,105817
O03008,A0186,U026,Closed Lost,0,55971
O03009,A0485,U014,Closed Lost,0,91606
O03010,A0483,U024,Closed Won,100,152459
O03011,A0157,U031,Discovery,40,28283
O03012,A0069,U040,Closed Won,100,250560
O03013,A0176,U040,Negotiation,80,73651
O03014,A0398,U058,Negotiation,80,233976
O03015,A0056,U001,Discovery,40,252208
O03016,A0167,U040,Prospecting,10,270102
O03017,A0483,U060,Closed Lost,0,120456
O03018,A0258,U002,Prospecting,10,289711
O03019,A0212,U014,Negotiation,80,174892
O03020,A0324,U039,Closed Won,100,111898
O03021,A0379,U052,Discovery,40,101273
O03022,A0253,U028,Prospecting,10,70304
O03023,A0006,U043,Discovery,40,31008
O03024,A0234,U037,Prospecting,10,235549
O03025,A0098,U034,Negotiation,80,38826
O03026,A0244,U052,Negotiation,80,58471
O03027,A0093,U050,Negotiation,80,210595
O03028,A0362,U006,Discovery,40,283276
O03029,A0284,U038,Negotiation,80,26720
O03030,A0210,U010,Closed Lost,0,278324
O03031,A0223,U015,Negotiation,80,181779
O03032,A0112,U036,Closed Won,100,63473
O03033,A0185,U035,Discovery,40,271151
O03034,A0083,U049,Closed Lost,0,174108
O03035,A0427,U008,Closed Won,100,131802
O03036,A0454,U059,Closed Won,100,234627
O03037,A0479,U026,Closed Won,100,160405
O03038,A0418,U014,Discovery,40,180518
O03039,A0278,U005,Prospecting,10,51481
O03040,A0455,U028,Negotiation,80,38813
O03041,A0313,U046,Closed Won,100,283648
O03042,A0008,U042,Prospecting,10,252251
O03043,A0241,U043,Discovery,40,161992
O03044,A0180,U017,Closed Won,100,295854
O03045,A0363,U045,Discovery,40,290054
O03046,A0359,U059,Prospecting,10,288614
O03047,A0340,U007,Prospecting,10,291285
O03048,A0417,U003,Prospecting,10,52356
O03049,A0379,U019,Discovery,40,223463
O03050,A0043,U008,Prospecting,10,110745
O03051,A0075,U029,Closed Lost,0,14369
O03052,A0101,U014,Discovery,40,122246
O03053,A0478,U047,Discovery,40,11527
O03054,A0258,U049,Negotiation,80,22534
O03055,A0024,U055,Discovery,40,83976
O03056,A0407,U059,Discovery,40,69802
O03057,A0414,U056,Discovery,40,224757
O03058,A0107,U042,Discovery,40,191513
O03059,A0037,U044,Prospecting,10,206271
O03060,A0157,U004,Negotiation,80,122862
O03061,A0015,U006,Closed Won,100,282664
O03062,A0407,U006,Prospecting,10,271289
O03063,A0059,U041,Discovery,40,69701
O03064,A0456,U003,Prospecting,10,223304
O03065,A0059,U003,Closed Won,100,18534
O03066,A0001,U039,Closed Lost,0,144563
O03067,A0346,U017,Prospecting,10,170012
O03068,A0388,U024,Discovery,40,38335
O03069,A0276,U022,Prospecting,10,186256
O03070,A0261,U036,Discovery,40,226202
O03071,A0279,U018,Prospecting,10,291498
O03072,A0045,U054,Closed Lost,0,239516
O03073,A0061,U004,Prospecting,10,36123
O03074,A0328,U003,Prospecting,10,84230
O03075,A0213,U044,Discovery,40,169577
O03076,A0287,U050,Closed Lost,0,124734
O03077,A0331,U006,Negotiation,80,285528
O03078,A0317,U017,Prospecting,10,278701
O03079,A0397,U029,Negotiation,80,269336
O03080,A0140,U028,Closed Lost,0,231741
O03081,A0432,U002,Discovery,40,202113
O03082,A0382,U011,Prospecting,10,89631
O03083,A0356,U010,Closed Lost,0,247809
O03084,A0319,U001,Discovery,40,16568
O03085,A0194,U021,Closed Won,100,279566
O03086,A0494,U039,Closed Won,100,158890
O03087,A0373,U001,Prospecting,10,10932
O03088,A0374,U009,Prospecting,10,139377
O03089,A0447,U013,Closed Won,100,65027
O03090,A0433,U018,Prospecting,10,62726
O03091,A0418,U048,Discovery,40,77686
O03092,A0070,U022,Negotiation,80,86023
O03093,A0066,U059,Closed Lost,0,65206
O03094,A0366,U026,Closed Lost,0,260482
O03095,A0027,U052,Discovery,40,248586
O03096,A0282,U036,Discovery,40,274818
O03097,A0428,U037,Closed Won,100,124268
O03098,A0107,U051,Negotiation,80,202797
O03099,A0371,U002,Negotiation,80,263083
O03100,A0381,U011,Closed Lost,0,216014
O03101,A0348,U043,Closed Lost,0,157088
O03102,A0487,U044,Discovery,40,152334
O03103,A0193,U011,Closed Won,100,25299
O03104,A0153,U028,Closed Won,100,223219
O03105,A0215,U049,Closed Lost,0,235523
O03106,A0089,U048,Closed Won,100,291299
O03107,A0439,U025,Closed Lost,0,110713
O03108,A0039,U042,Discovery,40,253931
O03109,A0294,U021,Closed Lost,0,132768
O03110,A0388,U005,Closed Won,100,159082
O03111,A0064,U025,Prospecting,10,21568
O03112,A0314,U026,Discovery,40,247763
O03113,A0129,U060,Closed Won,100,51972
O03114,A0203,U007,Discovery,40,277810
O03115,A0231,U043,Negotiation,80,161151
O03116,A0441,U028,Negotiation,80,288373
O03117,A0123,U023,Closed Won,100,179512
O03118,A0178,U052,Discovery,40,20693
O03119,A0325,U033,Negotiation,80,72628
O03120,A0390,U043,Closed Won,100,178383
O03121,A0028,U003,Negotiation,80,149754
O03122,A0201,U026,Closed Lost,0,103829
O03123,A0463,U006,Closed Lost,0,185395
O03124,A0001,U021,Negotiation,80,166252
O03125,A0263,U007,Discovery,40,211715
O03126,A0344,U033,Closed Won,100,202744
O03127,A0138,U031,Negotiation,80,123333
O03128,A0330,U060,Closed Lost,0,195285
O03129,A0476,U026,Prospecting,10,224260
O03130,A0493,U043,Closed Lost,0,177623
O03131,A0015,U008,Closed Won,100,183764
O03132,A0232,U030,Closed Lost,0,287227
O03133,A0133,U009,Prospecting,10,123611
O03134,A0350,U043,Prospecting,10,242918
O03135,A0003,U005,Closed Lost,0,76518
O03136,A0371,U036,Prospecting,10,35415
O03137,A0315,U005,Prospecting,10,250278
O03138,A0463,U047,Closed Won,100,213158
O03139,A0215,U002,Negotiation,80,112571
O03140,A0016,U053,Discovery,40,81613
O03141,A0041,U014,Closed Lost,0,114622
O03142,A0005,U031,Discovery,40,177041
O03143,A0465,U056,Discovery,40,77029
O03144,A0199,U034,Closed Won,100,270358
O03145,A0467,U026,Discovery,40,145259
O03146,A0333,U054,Closed Lost,0,157819
O03147,A0473,U011,Discovery,40,198798
O03148,A0220,U018,Prospecting,10,201145
O03149,A0359,U023,Prospecting,10,191362
O03150,A0462,U048,Discovery,40,224593
O03151,A0471,U005,Prospecting,10,128492
O03152,A0495,U042,Discovery,40,29709
O03153,A0141,U009,Discovery,40,176344
O03154,A0466,U013,Closed Lost,0,28259
O03155,A0100,U039,Closed Won,100,65697
O03156,A0395,U002,Discovery,40,279431
O03157,A0357,U018,Closed Lost,0,16269
O03158,A0453,U031,Prospecting,10,29667
O03159,A0205,U008,Closed Lost,0,235627
O03160,A0202,U038,Closed Won,100,193764
O03161,A0192,U043,Closed Won,100,176084
O03162,A0392,U047,Closed Won,100,144898
O03163,A0076,U051,Closed Lost,0,94850
O03164,A0217,U009,Prospecting,10,46631
O03165,A0361,U026,Discovery,40,228668
O03166,A0146,U033,Closed Lost,0,240047
O03167,A0165,U012,Prospecting,10,113976
O03168,A0172,U025,Closed Lost,0,153244
O03169,A0452,U039,Closed Won,100,88693
O03170,A0204,U016,Closed Lost,0,89773
O03171,A0298,U046,Negotiation,80,116509
O03172,A0445,U054,Discovery,40,208534
O03173,A0245,U045,Prospecting,10,161452
O03174,A0378,U049,Discovery,40,122788
O03175,A0175,U017,Negotiation,80,35589
O03176,A0257,U005,Prospecting,10,136107
O03177,A0296,U060,Closed Won,100,107111
O03178,A0304,U036,Closed Lost,0,29114
O03179,A0102,U042,Closed Lost,0,138934
O03180,A0499,U033,Discovery,40,190058
O03181,A0436,U021,Closed Won,100,38314
O03182,A0420,U036,Prospecting,10,240370
O03183,A0477,U047,Negotiation,80,183195
O03184,A0379,U015,Discovery,40,271624
O03185,A0201,U003,Prospecting,10,158524
O03186,A0223,U001,Closed Lost,0,160477
O03187,A0477,U047,Discovery,40,79649
O03188,A0001,U028,Closed Won,100,264230
O03189,A0499,U045,Closed Lost,0,83730
O03190,A0368,U008,Discovery,40,174927
O03191,A0224,U049,Closed Won,100,46847
O03192,A0182,U014,Negotiation,80,50927
O03193,A0320,U027,Discovery,40,74004
O03194,A0437,U027,Closed Lost,0,299657
O03195,A0258,U025,Discovery,40,230376
O03196,A0235,U031,Closed Won,100,136554
O03197,A0456,U028,Closed Lost,0,139623
O03198,A0014,U021,Prospecting,10,192470
O03199,A0140,U041,Discovery,40,228348
O03200,A0342,U011,Negotiation,80,190447
O03201,A0099,U038,Discovery,40,75904
O03202,A0081,U011,Closed Won,100,84572
O03203,A0274,U056,Discovery,40,30183
O03204,A0192,U022,Closed Won,100,261460
O03205,A0190,U023,Closed Lost,0,129158
O03206,A0211,U056,Closed Won,100,252967
O03207,A0265,U059,Discovery,40,62804
O03208,A0102,U010,Discovery,40,128388
O03209,A0173,U027,Discovery,40,247787
O03210,A0240,U007,Closed Won,100,108640
O03211,A0234,U050,Prospecting,10,221205
O03212,A0104,U037,Closed Won,100,246819
O03213,A0293,U011,Prospecting,10,253374
O03214,A0026,U025,Negotiation,80,158113
O03215,A0088,U029,Discovery,40,170039
O03216,A0010,U031,Negotiation,80,258592
O03217,A0185,U035,Negotiation,80,263341
O03218,A0048,U006,Negotiation,80,262662
O03219,A0090,U030,Closed Lost,0,233238
O03220,A0371,U053,Discovery,40,182428
O03221,A0369,U045,Negotiation,80,81562
O03222,A0197,U022,Negotiation,80,14812
O03223,A0044,U029,Closed Lost,0,293065
O03224,A0449,U023,Closed Won,100,264149
O03225,A0494,U058,Negotiation,80,214030
O03226,A0059,U001,Negotiation,80,35321
O03227,A0073,U054,Prospecting,10,25616
O03228,A0082,U003,Negotiation,80,267666
O03229,A0300,U027,Closed Won,100,176508
O03230,A0259,U014,Closed Won,100,89339
O03231,A0473,U038,Closed Lost,0,22714
O03232,A0326,U022,Closed Won,100,275157
O03233,A0344,U042,Closed Won,100,130844
O03234,A0109,U009,Discovery,40,265808
O03235,A0327,U037,Discovery,40,186793
O03236,A0094,U006,Prospecting,10,102724
O03237,A0222,U020,Prospecting,10,31412
O03238,A0314,U055,Closed Won,100,118117
O03239,A0252,U054,Discovery,40,23204
O03240,A0490,U039,Closed Lost,0,280803
O03241,A0447,U045,Closed Lost,0,171046
O03242,A0484,U057,Closed Lost,0,130640
O03243,A0409,U022,Prospecting,10,14491
O03244,A0216,U014,Closed Won,100,129321
O03245,A0083,U050,Closed Won,100,93241
O03246,A0279,U011,Discovery,40,248245
O03247,A0430,U007,Negotiation,80,135558
O03248,A0317,U028,Negotiation,80,235476
O03249,A0343,U001,Closed Won,100,222858
O03250,A0223,U034,Discovery,40,142096
O03251,A0315,U024,Closed Won,100,169231
O03252,A0411,U031,Closed Won,100,66205
O03253,A0484,U049,Negotiation,80,62065
O03254,A0080,U020,Discovery,40,283628
O03255,A0366,U046,Closed Lost,0,104393
O03256,A0486,U049,Prospecting,10,245801
O03257,A0209,U039,Closed Won,100,62630
O03258,A0276,U056,Closed Lost,0,260226
O03259,A0284,U025,Closed Won,100,200132
O03260,A0154,U029,Negotiation,80,258106
O03261,A0155,U017,Closed Won,100,259468
O03262,A0169,U014,Discovery,40,283857
O03263,A0286,U028,Closed Lost,0,168907
O03264,A0281,U003,Prospecting,10,182352
O03265,A0490,U056,Closed Won,100,257237
O03266,A0416,U005,Prospecting,10,74776
O03267,A0172,U019,Closed Won,100,212125
O03268,A0189,U013,Prospecting,10,267189
O03269,A0041,U029,Prospecting,10,201221
O03270,A0340,U020,Negotiation,80,73144
O03271,A0410,U004,Closed Won,100,124448
O03272,A0371,U031,Closed Won,100,72039
O03273,A0184,U055,Negotiation,80,138791
O03274,A0246,U010,Prospecting,10,238588
O03275,A0023,U002,Prospecting,10,28696
O03276,A0142,U045,Prospecting,10,64317
O03277,A0453,U007,Discovery,40,146525
O03278,A0009,U040,Closed Lost,0,279197
O03279,A0257,U006,Closed Lost,0,162032
O03280,A0468,U011,Closed Lost,0,251837
O03281,A0096,U048,Discovery,40,115667
O03282,A0403,U026,Discovery,40,248417
O03283,A0348,U006,Closed Lost,0,46240
O03284,A0246,U059,Discovery,40,190855
O03285,A0017,U017,Negotiation,80,109442
O03286,A0270,U012,Closed Lost,0,283055
O03287,A0261,U011,Closed Lost,0,253342
O03288,A0284,U055,Discovery,40,236410
O03289,A0077,U037,Closed Won,100,132982
O03290,A0150,U037,Prospecting,10,27639
O03291,A0031,U012,Closed Lost,0,220917
O03292,A0074,U043,Closed Won,100,280345
O03293,A0112,U047,Closed Lost,0,255033
O03294,A0054,U009,Discovery,40,297119
O03295,A0340,U017,Prospecting,10,165525
O03296,A0482,U036,Prospecting,10,196635
O03297,A0345,U047,Negotiation,80,158821
O03298,A0269,U003,Closed Lost,0,181461
O03299,A0003,U025,Prospecting,10,250970
O03300,A0347,U040,Discovery,40,208856
O03301,A0291,U001,Discovery,40,114415
O03302,A0250,U060,Discovery,40,38392
O03303,A0200,U027,Negotiation,80,100578
O03304,A0390,U045,Closed Won,100,93637
O03305,A0270,U040,Discovery,40,102185
O03306,A0458,U046,Closed Won,100,70848
O03307,A0284,U041,Closed Lost,0,120636
O03308,A0292,U017,Prospecting,10,24459
O03309,A0328,U059,Negotiation,80,55759
O03310,A0215,U052,Negotiation,80,193107
O03311,A0243,U028,Closed Lost,0,143805
O03312,A0419,U050,Prospecting,10,158202
O03313,A0342,U032,Closed Won,100,278675
O03314,A0309,U044,Closed Lost,0,250626
O03315,A0463,U030,Discovery,40,168192
O03316,A0068,U041,Negotiation,80,290254
O03317,A0032,U007,Closed Won,100,114024
O03318,A0125,U052,Closed Won,100,26252
O03319,A0155,U043,Closed Won,100,101396
O03320,A0372,U021,Discovery,40,27790
O03321,A0333,U024,Discovery,40,205482
O03322,A0063,U044,Closed Lost,0,141917
O03323,A0369,U027,Negotiation,80,39120
O03324,A0331,U008,Closed Lost,0,129917
O03325,A0301,U037,Discovery,40,215975
O03326,A0112,U056,Prospecting,10,198334
O03327,A0044,U034,Discovery,40,114342
O03328,A0111,U055,Closed Lost,0,277651
O03329,A0330,U032,Closed Lost,0,77159
O03330,A0286,U002,Closed Won,100,204892
O03331,A0488,U007,Closed Won,100,79692
O03332,A0221,U021,Closed Won,100,67598
O03333,A0277,U028,Closed Won,100,143390
O03334,A0240,U024,Prospecting,10,17099
O03335,A0464,U021,Negotiation,80,90439
O03336,A0173,U035,Closed Won,100,271335
O03337,A0170,U034,Prospecting,10,207347
O03338,A0276,U052,Prospecting,10,16551
O03339,A0234,U032,Closed Lost,0,87859
O03340,A0304,U051,Discovery,40,64943
O03341,A0060,U013,Negotiation,80,77768
O03342,A0352,U024,Discovery,40,154101
O03343,A0029,U054,Discovery,40,224707
O03344,A0470,U019,Negotiation,80,156621
O03345,A0041,U034,Closed Won,100,20614
O03346,A0054,U019,Negotiation,80,41075
O03347,A0384,U044,Closed Lost,0,119596
O03348,A0330,U054,Negotiation,80,33011
O03349,A0241,U013,Prospecting,10,18110
O03350,A0006,U047,Discovery,40,253253
O03351,A0103,U037,Closed Won,100,261585
O03352,A0387,U023,Discovery,40,281372
O03353,A0481,U023,Prospecting,10,90760
O03354,A0115,U018,Prospecting,10,134867
O03355,A0385,U047,Prospecting,10,37353
O03356,A0233,U011,Closed Lost,0,62945
O03357,A0358,U001,Discovery,40,93982
O03358,A0401,U045,Closed Won,100,81583
O03359,A0437,U004,Prospecting,10,220213
O03360,A0400,U054,Prospecting,10,170616
O03361,A0426,U035,Closed Won,100,163656
O03362,A0260,U024,Negotiation,80,50125
O03363,A0329,U004,Discovery,40,12573
O03364,A0039,U037,Negotiation,80,154013
O03365,A0229,U040,Negotiation,80,280174
O03366,A0086,U013,Negotiation,80,292617
O03367,A0396,U013,Prospecting,10,289294
O03368,A0309,U033,Closed Lost,0,235999
O03369,A0412,U025,Negotiation,80,293007
O03370,A0145,U047,Discovery,40,198569
O03371,A0364,U015,Prospecting,10,144228
O03372,A0245,U027,Prospecting,10,217665
O03373,A0192,U035,Closed Lost,0,198126
O03374,A0239,U048,Closed Lost,0,149707
O03375,A0121,U034,Closed Won,100,204022
O03376,A0318,U038,Closed Lost,0,105140
O03377,A0088,U046,Discovery,40,86293
O03378,A0188,U013,Prospecting,10,118227
O03379,A0464,U053,Closed Won,100,51510
O03380,A0398,U060,Prospecting,10,181957
O03381,A0245,U025,Discovery,40,210309
O03382,A0264,U042,Discovery,40,141691
O03383,A0301,U024,Closed Won,100,127658
O03384,A0221,U008,Discovery,40,68495
O03385,A0195,U025,Closed Won,100,44955
O03386,A0201,U010,Closed Lost,0,288511
O03387,A0034,U045,Discovery,40,244630
O03388,A0379,U013,Prospecting,10,98190
O03389,A0140,U010,Closed Won,100,295100
O03390,A0500,U036,Discovery,40,296040
O03391,A0172,U049,Negotiation,80,148784
O03392,A0467,U008,Discovery,40,191156
O03393,A0088,U004,Discovery,40,144501
O03394,A0071,U014,Discovery,40,100585
O03395,A0007,U034,Closed Lost,0,286126
O03396,A0459,U059,Closed Won,100,33273
O03397,A0149,U022,Closed Lost,0,116329
O03398,A0173,U012,Closed Lost,0,267673
O03399,A0214,U049,Closed Lost,0,117747
O03400,A0335,U004,Closed Lost,0,238190
O03401,A0476,U023,Discovery,40,286639
O03402,A0011,U033,Negotiation,80,193992
O03403,A0054,U015,Closed Lost,0,39368
O03404,A0348,U056,Closed Won,100,159665
O03405,A0461,U004,Closed Lost,0,263696
O03406,A0349,U026,Closed Lost,0,206889
O03407,A0495,U025,Closed Lost,0,295505
O03408,A0380,U024,Closed Lost,0,33947
O03409,A0149,U058,Negotiation,80,293313
O03410,A0097,U001,Closed Won,100,115640
O03411,A0147,U012,Closed Lost,0,256219
O03412,A0141,U019,Closed Lost,0,198519
O03413,A0347,U050,Negotiation,80,293259
O03414,A0145,U034,Closed Won,100,284230
O03415,A0034,U010,Closed Lost,0,176686
O03416,A0389,U022,Negotiation,80,76961
O03417,A0436,U053,Prospecting,10,126140
O03418,A0492,U020,Closed Lost,0,298517
O03419,A0445,U055,Discovery,40,56536
O03420,A0274,U056,Prospecting,10,299335
O03421,A0311,U029,Closed Lost,0,95306
O03422,A0090,U014,Closed Won,100,171862
O03423,A0328,U039,Discovery,40,186794
O03424,A0389,U030,Closed Won,100,45582
O03425,A0138,U042,Negotiation,80,92146
O03426,A0387,U022,Prospecting,10,111728
O03427,A0136,U026,Negotiation,80,187320
O03428,A0293,U034,Discovery,40,212578
O03429,A0396,U054,Discovery,40,236386
O03430,A0477,U055,Closed Lost,0,200212
O03431,A0259,U008,Negotiation,80,186426
O03432,A0482,U025,Prospecting,10,142260
O03433,A0337,U030,Negotiation,80,164684
O03434,A0096,U010,Closed Lost,0,270780
O03435,A0492,U052,Negotiation,80,34191
O03436,A0391,U030,Negotiation,80,134235
O03437,A0449,U060,Closed Won,100,26773
O03438,A0276,U046,Closed Won,100,94237
O03439,A0328,U046,Discovery,40,126527
O03440,A0203,U007,Closed Lost,0,90079
O03441,A0461,U042,Discovery,40,191396
O03442,A0457,U055,Prospecting,10,237193
O03443,A0228,U034,Closed Won,100,83406
O03444,A0288,U048,Closed Won,100,103617
O03445,A0197,U019,Prospecting,10,261735
O03446,A0383,U044,Prospecting,10,38234
O03447,A0487,U019,Closed Won,100,53404
O03448,A0325,U050,Closed Won,100,105746
O03449,A0019,U036,Discovery,40,137272
O03450,A0010,U012,Discovery,40,230703
O03451,A0076,U053,Negotiation,80,147626
O03452,A0479,U036,Prospecting,10,173990
O03453,A0001,U020,Prospecting,10,123142
O03454,A0167,U036,Discovery,40,206385
O03455,A0361,U015,Discovery,40,107752
O03456,A0480,U058,Negotiation,80,181361
O03457,A0024,U007,Negotiation,80,206207
O03458,A0437,U003,Negotiation,80,265704
O03459,A0406,U031,Prospecting,10,256358
O03460,A0092,U044,Discovery,40,180774
O03461,A0330,U059,Negotiation,80,183645
O03462,A0253,U053,Discovery,40,47525
O03463,A0290,U055,Closed Lost,0,265657
O03464,A0092,U048,Negotiation,80,65569
O03465,A0372,U003,Closed Won,100,126440
O03466,A0232,U011,Prospecting,10,296812
O03467,A0260,U054,Closed Lost,0,38308
O03468,A0022,U054,Discovery,40,272907
O03469,A0032,U044,Negotiation,80,196076
O03470,A0446,U036,Closed Lost,0,76656
O03471,A0119,U020,Discovery,40,231438
O03472,A0167,U009,Prospecting,10,272156
O03473,A0116,U033,Prospecting,10,136345
O03474,A0036,U023,Closed Lost,0,87245
O03475,A0136,U051,Discovery,40,276270
O03476,A0267,U055,Closed Won,100,159760
O03477,A0436,U009,Prospecting,10,186551
O03478,A0213,U039,Closed Won,100,184214
O03479,A0056,U010,Closed Lost,0,118391
O03480,A0190,U055,Closed Lost,0,93109
O03481,A0237,U024,Closed Won,100,229518
O03482,A0226,U028,Prospecting,10,151655
O03483,A0493,U052,Closed Lost,0,279323
O03484,A0004,U023,Prospecting,10,206931
O03485,A0100,U023,Prospecting,10,107211
O03486,A0053,U037,Prospecting,10,18393
O03487,A0386,U031,Closed Lost,0,19875
O03488,A0116,U030,Closed Lost,0,97132
O03489,A0197,U007,Negotiation,80,60876
O03490,A0304,U008,Prospecting,10,175491
O03491,A0258,U014,Discovery,40,251060
O03492,A0077,U022,Closed Won,100,38359
O03493,A0057,U015,Closed Won,100,63513
O03494,A0453,U009,Negotiation,80,212255
O03495,A0021,U018,Closed Won,100,50250
O03496,A0051,U019,Discovery,40,103975
O03497,A0323,U003,Prospecting,10,282984
O03498,A0102,U023,Prospecting,10,45733
O03499,A0224,U049,Closed Lost,0,290455
O03500,A0118,U038,Closed Won,100,43109
