QuoteLineID,QuoteID,ProductID,Qty,ExtendedPrice
QL000001,Q00001,P05,1,236738
QL000002,Q00002,P11,1,48829
QL000003,Q00003,P02,1,138244
QL000004,Q00003,P12,1,61177
QL000005,Q00003,P08,1,80179
QL000006,Q00004,P10,1,150641
QL000007,Q00004,P12,1,147909
QL000008,Q00005,P05,1,184078
QL000009,Q00005,P10,1,61890
QL000010,Q00006,P10,1,137691
QL000011,Q00006,P05,1,12958
QL000012,Q00007,P11,1,22577
QL000013,Q00007,P06,1,91948
QL000014,Q00007,P12,1,103315
QL000015,Q00008,P02,1,104144
QL000016,Q00008,P03,1,1771
QL000017,Q00008,P01,1,37980
QL000018,Q00009,P03,1,34037
QL000019,Q00010,P06,1,118420
QL000020,Q00010,P04,1,77983
QL000021,Q00011,P04,1,119653
QL000022,Q00012,P10,1,85935
QL000023,Q00013,P06,1,3917
QL000024,Q00013,P04,1,32598
QL000025,Q00013,P12,1,1927
QL000026,Q00014,P07,1,2897
QL000027,Q00014,P06,1,11397
QL000028,Q00015,P05,1,38327
QL000029,Q00016,P04,1,30908
QL000030,Q00016,P01,1,41451
QL000031,Q00016,P07,1,107760
QL000032,Q00017,P10,1,28545
QL000033,Q00017,P03,1,7533
QL000034,Q00018,P05,1,34468
QL000035,Q00018,P09,1,5980
QL000036,Q00018,P06,1,141854
QL000037,Q00019,P08,1,5762
QL000038,Q00019,P03,1,38982
QL000039,Q00020,P05,1,102926
QL000040,Q00020,P06,1,19275
QL000041,Q00020,P11,1,42091
QL000042,Q00021,P12,1,28465
QL000043,Q00021,P02,1,103469
QL000044,Q00022,P12,1,62634
QL000045,Q00022,P06,1,43302
QL000046,Q00023,P03,1,160723
QL000047,Q00023,P05,1,41054
QL000048,Q00024,P01,1,182672
QL000049,Q00024,P02,1,28376
QL000050,Q00024,P12,1,19381
QL000051,Q00025,P11,1,5509
QL000052,Q00025,P08,1,40771
QL000053,Q00025,P09,1,2625
QL000054,Q00026,P08,1,28350
QL000055,Q00026,P05,1,1409
QL000056,Q00026,P09,1,2378
QL000057,Q00027,P09,1,99378
QL000058,Q00027,P08,1,28353
QL000059,Q00028,P05,1,208894
QL000060,Q00029,P03,1,24697
QL000061,Q00029,P03,1,142198
QL000062,Q00030,P06,1,63628
QL000063,Q00030,P05,1,85098
QL000064,Q00030,P03,1,22367
QL000065,Q00031,P09,1,86748
QL000066,Q00032,P11,1,189250
QL000067,Q00033,P09,1,68467
QL000068,Q00034,P03,1,15583
QL000069,Q00034,P03,1,281753
QL000070,Q00035,P06,1,2423
QL000071,Q00035,P06,1,56844
QL000072,Q00035,P08,1,113642
QL000073,Q00036,P02,1,63580
QL000074,Q00036,P10,1,6695
QL000075,Q00037,P04,1,66062
QL000076,Q00037,P02,1,61871
QL000077,Q00037,P11,1,20834
QL000078,Q00038,P05,1,120194
QL000079,Q00038,P07,1,4812
QL000080,Q00038,P01,1,5872
QL000081,Q00039,P02,1,204313
QL000082,Q00039,P07,1,75815
QL000083,Q00040,P09,1,78013
QL000084,Q00041,P05,1,40153
QL000085,Q00041,P11,1,3238
QL000086,Q00041,P01,1,2420
QL000087,Q00042,P05,1,5039
QL000088,Q00042,P04,1,37360
QL000089,Q00043,P07,1,13728
QL000090,Q00043,P04,1,7302
QL000091,Q00044,P02,1,8493
QL000092,Q00044,P01,1,19791
QL000093,Q00045,P06,1,19824
QL000094,Q00046,P04,1,120813
QL000095,Q00047,P08,1,42227
QL000096,Q00047,P05,1,47256
QL000097,Q00047,P09,1,75372
QL000098,Q00048,P07,1,96048
QL000099,Q00048,P01,1,45747
QL000100,Q00049,P09,1,112955
QL000101,Q00049,P01,1,79667
QL000102,Q00049,P02,1,22611
QL000103,Q00050,P07,1,178021
QL000104,Q00050,P08,1,62472
QL000105,Q00050,P12,1,6817
QL000106,Q00051,P02,1,223259
QL000107,Q00052,P10,1,107018
QL000108,Q00053,P06,1,90183
QL000109,Q00053,P09,1,3371
QL000110,Q00053,P06,1,13361
QL000111,Q00054,P08,1,169480
QL000112,Q00055,P09,1,11736
QL000113,Q00055,P04,1,90527
QL000114,Q00055,P02,1,72289
QL000115,Q00056,P03,1,235684
QL000116,Q00056,P04,1,5502
QL000117,Q00056,P06,1,1165
QL000118,Q00057,P02,1,160068
QL000119,Q00058,P09,1,26481
QL000120,Q00058,P06,1,30320
QL000121,Q00059,P10,1,67045
QL000122,Q00059,P05,1,22146
QL000123,Q00059,P09,1,40245
QL000124,Q00060,P05,1,111589
QL000125,Q00060,P03,1,2863
QL000126,Q00060,P11,1,1647
QL000127,Q00061,P09,1,70783
QL000128,Q00062,P11,1,115580
QL000129,Q00062,P06,1,9677
QL000130,Q00063,P09,1,165466
QL000131,Q00063,P05,1,120942
QL000132,Q00064,P09,1,26915
QL000133,Q00065,P01,1,180794
QL000134,Q00066,P01,1,210513
QL000135,Q00067,P05,1,102920
QL000136,Q00067,P01,1,35265
QL000137,Q00068,P08,1,38624
QL000138,Q00068,P06,1,28939
QL000139,Q00068,P08,1,36085
QL000140,Q00069,P08,1,125647
QL000141,Q00069,P02,1,5456
QL000142,Q00069,P08,1,4577
QL000143,Q00070,P11,1,238900
QL000144,Q00071,P11,1,185656
QL000145,Q00072,P05,1,98999
QL000146,Q00072,P03,1,100174
QL000147,Q00072,P07,1,1860
QL000148,Q00073,P11,1,18909
QL000149,Q00073,P12,1,238195
QL000150,Q00074,P05,1,58065
QL000151,Q00074,P05,1,18700
QL000152,Q00075,P10,1,36900
QL000153,Q00075,P04,1,39557
QL000154,Q00076,P06,1,42365
QL000155,Q00076,P02,1,46013
QL000156,Q00077,P11,1,24131
QL000157,Q00077,P06,1,32745
QL000158,Q00077,P01,1,32940
QL000159,Q00078,P11,1,87418
QL000160,Q00078,P05,1,22108
QL000161,Q00078,P11,1,33581
QL000162,Q00079,P02,1,100655
QL000163,Q00079,P09,1,26959
QL000164,Q00079,P12,1,47648
QL000165,Q00080,P08,1,84506
QL000166,Q00080,P08,1,166638
QL000167,Q00080,P10,1,6878
QL000168,Q00081,P12,1,68807
QL000169,Q00081,P11,1,21943
QL000170,Q00082,P09,1,245761
QL000171,Q00083,P10,1,175592
QL000172,Q00084,P11,1,53047
QL000173,Q00084,P09,1,57399
QL000174,Q00084,P04,1,150992
QL000175,Q00085,P01,1,9330
QL000176,Q00085,P04,1,101156
QL000177,Q00086,P03,1,157451
QL000178,Q00086,P10,1,24438
QL000179,Q00086,P05,1,94316
QL000180,Q00087,P11,1,274032
QL000181,Q00088,P12,1,73132
QL000182,Q00089,P01,1,22980
QL000183,Q00089,P04,1,4127
QL000184,Q00090,P09,1,120188
QL000185,Q00091,P02,1,25381
QL000186,Q00091,P10,1,144214
QL000187,Q00092,P08,1,58861
QL000188,Q00092,P03,1,79244
QL000189,Q00093,P12,1,58500
QL000190,Q00093,P02,1,52093
QL000191,Q00093,P02,1,20912
QL000192,Q00094,P11,1,13578
QL000193,Q00095,P01,1,126790
QL000194,Q00096,P02,1,79788
QL000195,Q00096,P10,1,34480
QL000196,Q00096,P08,1,35475
QL000197,Q00097,P02,1,42646
QL000198,Q00097,P10,1,3796
QL000199,Q00097,P05,1,3087
QL000200,Q00098,P12,1,274971
QL000201,Q00098,P06,1,2029
QL000202,Q00099,P09,1,294125
QL000203,Q00100,P01,1,240349
QL000204,Q00101,P08,1,105882
QL000205,Q00102,P04,1,98153
QL000206,Q00102,P07,1,14328
QL000207,Q00103,P06,1,124581
QL000208,Q00103,P09,1,1949
QL000209,Q00103,P06,1,28657
QL000210,Q00104,P04,1,70953
QL000211,Q00104,P05,1,13654
QL000212,Q00105,P10,1,6970
QL000213,Q00105,P12,1,9798
QL000214,Q00105,P09,1,4346
QL000215,Q00106,P05,1,106441
QL000216,Q00107,P12,1,1622
QL000217,Q00107,P04,1,19396
QL000218,Q00107,P09,1,32214
QL000219,Q00108,P07,1,120839
QL000220,Q00109,P04,1,20545
QL000221,Q00109,P06,1,92380
QL000222,Q00110,P08,1,19409
QL000223,Q00111,P03,1,149547
QL000224,Q00111,P10,1,112301
QL000225,Q00112,P07,1,30063
QL000226,Q00112,P10,1,4817
QL000227,Q00112,P11,1,2578
QL000228,Q00113,P07,1,193240
QL000229,Q00114,P09,1,278002
QL000230,Q00115,P07,1,173348
QL000231,Q00116,P11,1,49050
QL000232,Q00116,P01,1,7925
QL000233,Q00117,P11,1,39351
QL000234,Q00117,P09,1,8130
QL000235,Q00118,P04,1,179318
QL000236,Q00119,P02,1,143197
QL000237,Q00119,P09,1,20808
QL000238,Q00119,P11,1,17682
QL000239,Q00120,P10,1,142330
QL000240,Q00121,P12,1,228082
QL000241,Q00122,P10,1,102024
QL000242,Q00122,P11,1,52324
QL000243,Q00122,P09,1,8106
QL000244,Q00123,P11,1,99761
QL000245,Q00123,P10,1,136008
QL000246,Q00124,P12,1,129422
QL000247,Q00124,P03,1,6977
QL000248,Q00124,P11,1,60489
QL000249,Q00125,P11,1,18921
QL000250,Q00125,P06,1,138563
QL000251,Q00126,P05,1,18470
QL000252,Q00126,P03,1,71285
QL000253,Q00126,P11,1,10618
QL000254,Q00127,P03,1,39084
QL000255,Q00127,P11,1,8614
QL000256,Q00127,P01,1,11900
QL000257,Q00128,P03,1,100121
QL000258,Q00128,P12,1,5571
QL000259,Q00128,P07,1,5111
QL000260,Q00129,P11,1,262255
QL000261,Q00130,P06,1,139819
QL000262,Q00131,P03,1,12855
QL000263,Q00131,P04,1,6327
QL000264,Q00131,P02,1,11017
QL000265,Q00132,P08,1,263890
QL000266,Q00133,P04,1,63022
QL000267,Q00133,P07,1,36336
QL000268,Q00134,P07,1,75151
QL000269,Q00134,P07,1,143343
QL000270,Q00135,P06,1,246210
QL000271,Q00136,P09,1,205629
QL000272,Q00137,P01,1,203098
QL000273,Q00138,P08,1,143394
QL000274,Q00138,P10,1,153209
QL000275,Q00139,P04,1,185521
QL000276,Q00139,P04,1,56141
QL000277,Q00140,P04,1,80598
QL000278,Q00141,P08,1,6786
QL000279,Q00141,P12,1,23228
QL000280,Q00141,P09,1,3613
QL000281,Q00142,P03,1,81812
QL000282,Q00142,P02,1,19112
QL000283,Q00143,P05,1,7466
QL000284,Q00143,P02,1,5384
QL000285,Q00143,P07,1,1542
QL000286,Q00144,P01,1,30783
QL000287,Q00144,P12,1,5162
QL000288,Q00144,P10,1,5194
QL000289,Q00145,P07,1,121035
QL000290,Q00145,P01,1,156111
QL000291,Q00146,P12,1,74666
QL000292,Q00147,P10,1,63373
QL000293,Q00147,P06,1,5056
QL000294,Q00147,P12,1,30337
QL000295,Q00148,P06,1,182513
QL000296,Q00148,P03,1,105496
QL000297,Q00149,P06,1,234084
QL000298,Q00150,P01,1,299472
QL000299,Q00151,P03,1,275962
QL000300,Q00152,P03,1,84031
QL000301,Q00152,P12,1,34354
QL000302,Q00153,P04,1,13375
QL000303,Q00154,P09,1,209237
QL000304,Q00155,P06,1,105086
QL000305,Q00155,P11,1,135371
QL000306,Q00156,P02,1,114694
QL000307,Q00156,P11,1,77816
QL000308,Q00156,P07,1,49413
QL000309,Q00157,P03,1,10537
QL000310,Q00157,P12,1,27787
QL000311,Q00158,P04,1,8935
QL000312,Q00158,P11,1,21638
QL000313,Q00158,P08,1,30439
QL000314,Q00159,P06,1,101259
QL000315,Q00159,P09,1,58667
QL000316,Q00159,P03,1,82536
QL000317,Q00160,P03,1,245378
QL000318,Q00161,P04,1,10634
QL000319,Q00161,P04,1,18454
QL000320,Q00162,P03,1,125708
QL000321,Q00162,P03,1,118117
QL000322,Q00162,P06,1,2086
QL000323,Q00163,P11,1,192871
QL000324,Q00164,P10,1,71816
QL000325,Q00164,P05,1,62088
QL000326,Q00164,P03,1,19375
QL000327,Q00165,P05,1,24450
QL000328,Q00166,P04,1,20298
QL000329,Q00166,P02,1,23742
QL000330,Q00167,P06,1,150086
QL000331,Q00167,P12,1,22908
QL000332,Q00167,P03,1,4254
QL000333,Q00168,P11,1,63289
QL000334,Q00169,P05,1,162846
QL000335,Q00169,P05,1,92671
QL000336,Q00170,P08,1,240336
QL000337,Q00170,P06,1,6416
QL000338,Q00170,P07,1,7206
QL000339,Q00171,P01,1,1887
QL000340,Q00171,P12,1,94196
QL000341,Q00172,P01,1,79676
QL000342,Q00172,P11,1,101796
QL000343,Q00172,P07,1,52507
QL000344,Q00173,P09,1,260485
QL000345,Q00174,P11,1,16311
QL000346,Q00174,P07,1,70211
QL000347,Q00175,P07,1,89516
QL000348,Q00175,P02,1,21932
QL000349,Q00176,P11,1,14595
QL000350,Q00176,P02,1,108714
QL000351,Q00177,P08,1,55725
QL000352,Q00177,P12,1,21095
QL000353,Q00177,P11,1,14841
QL000354,Q00178,P09,1,232929
QL000355,Q00179,P12,1,71635
QL000356,Q00179,P05,1,8544
QL000357,Q00179,P03,1,126183
QL000358,Q00180,P08,1,203995
QL000359,Q00180,P03,1,14686
QL000360,Q00181,P12,1,76272
QL000361,Q00181,P08,1,165836
QL000362,Q00181,P03,1,1394
QL000363,Q00182,P12,1,79737
QL000364,Q00182,P11,1,89172
QL000365,Q00183,P04,1,71582
QL000366,Q00183,P11,1,22736
QL000367,Q00183,P04,1,67524
QL000368,Q00184,P07,1,104223
QL000369,Q00185,P08,1,65302
QL000370,Q00186,P11,1,40435
QL000371,Q00186,P05,1,102728
QL000372,Q00186,P04,1,33868
QL000373,Q00187,P03,1,39599
QL000374,Q00187,P09,1,149200
QL000375,Q00188,P06,1,119517
QL000376,Q00188,P03,1,133013
QL000377,Q00189,P05,1,126763
QL000378,Q00189,P07,1,36473
QL000379,Q00189,P10,1,53405
QL000380,Q00190,P07,1,59822
QL000381,Q00190,P03,1,23394
QL000382,Q00190,P10,1,13859
QL000383,Q00191,P09,1,7729
QL000384,Q00191,P10,1,130894
QL000385,Q00192,P06,1,8290
QL000386,Q00192,P04,1,33973
QL000387,Q00193,P04,1,4609
QL000388,Q00193,P05,1,185894
QL000389,Q00194,P10,1,191939
QL000390,Q00194,P06,1,5151
QL000391,Q00194,P03,1,27259
QL000392,Q00195,P03,1,127902
QL000393,Q00195,P02,1,33411
QL000394,Q00196,P04,1,118747
QL000395,Q00196,P11,1,85413
QL000396,Q00196,P12,1,7469
QL000397,Q00197,P02,1,31826
QL000398,Q00197,P02,1,161758
QL000399,Q00198,P12,1,48825
QL000400,Q00198,P10,1,63577
QL000401,Q00198,P12,1,14091
QL000402,Q00199,P08,1,144889
QL000403,Q00199,P07,1,33015
QL000404,Q00200,P04,1,48758
QL000405,Q00200,P07,1,115214
QL000406,Q00201,P09,1,19543
QL000407,Q00201,P08,1,174507
QL000408,Q00202,P01,1,71979
QL000409,Q00202,P06,1,18363
QL000410,Q00203,P02,1,55300
QL000411,Q00203,P06,1,47438
QL000412,Q00203,P11,1,1318
QL000413,Q00204,P03,1,182804
QL000414,Q00204,P02,1,56313
QL000415,Q00205,P04,1,273007
QL000416,Q00205,P07,1,11160
QL000417,Q00206,P09,1,111681
QL000418,Q00207,P06,1,40808
QL000419,Q00207,P10,1,35536
QL000420,Q00207,P03,1,17815
QL000421,Q00208,P04,1,36838
QL000422,Q00208,P08,1,97442
QL000423,Q00208,P12,1,149459
QL000424,Q00209,P12,1,25761
QL000425,Q00209,P10,1,13536
QL000426,Q00209,P01,1,145727
QL000427,Q00210,P03,1,100319
QL000428,Q00210,P09,1,33882
QL000429,Q00210,P08,1,42141
QL000430,Q00211,P10,1,190731
QL000431,Q00211,P07,1,2391
QL000432,Q00211,P11,1,4901
QL000433,Q00212,P02,1,73296
QL000434,Q00212,P03,1,116009
QL000435,Q00212,P01,1,81240
QL000436,Q00213,P12,1,57059
QL000437,Q00214,P04,1,19272
QL000438,Q00214,P09,1,65580
QL000439,Q00215,P02,1,82283
QL000440,Q00216,P05,1,192736
QL000441,Q00217,P12,1,23718
QL000442,Q00217,P12,1,1921
QL000443,Q00218,P10,1,61913
QL000444,Q00218,P08,1,51377
QL000445,Q00219,P10,1,1878
QL000446,Q00219,P05,1,9189
QL000447,Q00219,P06,1,1584
QL000448,Q00220,P11,1,282092
QL000449,Q00221,P04,1,17701
QL000450,Q00221,P08,1,47815
QL000451,Q00222,P01,1,91713
QL000452,Q00222,P07,1,86407
QL000453,Q00222,P05,1,5867
QL000454,Q00223,P07,1,272402
QL000455,Q00223,P10,1,11658
QL000456,Q00224,P04,1,65322
QL000457,Q00224,P08,1,19502
QL000458,Q00225,P05,1,192922
QL000459,Q00226,P12,1,92814
QL000460,Q00226,P03,1,31450
QL000461,Q00226,P04,1,78698
QL000462,Q00227,P10,1,90324
QL000463,Q00227,P08,1,7106
QL000464,Q00227,P03,1,15141
QL000465,Q00228,P10,1,35522
QL000466,Q00228,P06,1,100286
QL000467,Q00229,P03,1,154150
QL000468,Q00229,P05,1,55014
QL000469,Q00229,P09,1,7181
QL000470,Q00230,P07,1,177302
QL000471,Q00230,P07,1,2590
QL000472,Q00230,P06,1,61205
QL000473,Q00231,P05,1,58662
QL000474,Q00231,P12,1,41681
QL000475,Q00232,P05,1,74704
QL000476,Q00232,P05,1,135930
QL000477,Q00232,P11,1,24906
QL000478,Q00233,P01,1,133571
QL000479,Q00234,P09,1,180468
QL000480,Q00234,P08,1,1864
QL000481,Q00234,P02,1,6888
QL000482,Q00235,P09,1,260235
QL000483,Q00235,P03,1,15220
QL000484,Q00236,P10,1,77952
QL000485,Q00236,P08,1,206335
QL000486,Q00237,P03,1,184196
QL000487,Q00237,P11,1,1517
QL000488,Q00237,P05,1,7448
QL000489,Q00238,P10,1,138680
QL000490,Q00239,P03,1,2342
QL000491,Q00239,P02,1,15667
QL000492,Q00239,P12,1,1992
QL000493,Q00240,P05,1,161107
QL000494,Q00241,P03,1,24032
QL000495,Q00242,P10,1,206941
QL000496,Q00242,P09,1,2620
QL000497,Q00242,P09,1,26411
QL000498,Q00243,P03,1,272830
QL000499,Q00244,P12,1,216344
QL000500,Q00245,P11,1,65548
QL000501,Q00245,P07,1,36000
QL000502,Q00245,P03,1,35221
QL000503,Q00246,P11,1,63446
QL000504,Q00246,P07,1,112872
QL000505,Q00247,P12,1,60973
QL000506,Q00247,P10,1,56889
QL000507,Q00247,P01,1,2595
QL000508,Q00248,P04,1,81356
QL000509,Q00248,P02,1,122270
QL000510,Q00249,P06,1,65423
QL000511,Q00250,P10,1,53058
QL000512,Q00250,P02,1,1543
QL000513,Q00250,P10,1,1278
QL000514,Q00251,P07,1,132930
QL000515,Q00252,P02,1,24787
QL000516,Q00252,P11,1,17627
QL000517,Q00253,P03,1,166358
QL000518,Q00254,P06,1,25194
QL000519,Q00255,P03,1,260784
QL000520,Q00256,P11,1,19136
QL000521,Q00256,P09,1,159494
QL000522,Q00257,P03,1,27934
QL000523,Q00257,P11,1,10763
QL000524,Q00258,P12,1,239621
QL000525,Q00259,P02,1,94802
QL000526,Q00259,P08,1,10929
QL000527,Q00260,P03,1,218562
QL000528,Q00261,P04,1,99556
QL000529,Q00261,P02,1,119339
QL000530,Q00262,P06,1,125702
QL000531,Q00263,P09,1,72674
QL000532,Q00263,P11,1,1084
QL000533,Q00263,P04,1,13750
QL000534,Q00264,P09,1,13384
QL000535,Q00264,P03,1,20703
QL000536,Q00264,P10,1,36624
QL000537,Q00265,P11,1,172169
QL000538,Q00266,P09,1,66924
QL000539,Q00266,P12,1,7226
QL000540,Q00266,P12,1,8484
QL000541,Q00267,P01,1,202705
QL000542,Q00267,P10,1,45907
QL000543,Q00268,P07,1,156479
QL000544,Q00268,P07,1,14040
QL000545,Q00268,P09,1,10261
QL000546,Q00269,P09,1,3523
QL000547,Q00269,P04,1,14153
QL000548,Q00270,P05,1,86092
QL000549,Q00270,P11,1,64769
QL000550,Q00271,P01,1,199392
QL000551,Q00271,P12,1,21712
QL000552,Q00271,P12,1,31099
QL000553,Q00272,P09,1,106979
QL000554,Q00272,P09,1,5085
QL000555,Q00272,P10,1,37344
QL000556,Q00273,P12,1,194992
QL000557,Q00273,P02,1,25478
QL000558,Q00274,P12,1,178948
QL000559,Q00275,P03,1,244547
QL000560,Q00276,P12,1,287747
QL000561,Q00277,P01,1,32902
QL000562,Q00278,P05,1,36822
QL000563,Q00278,P01,1,34169
QL000564,Q00279,P11,1,54282
QL000565,Q00279,P10,1,14852
QL000566,Q00279,P10,1,218625
QL000567,Q00280,P09,1,25089
QL000568,Q00280,P05,1,90040
QL000569,Q00281,P07,1,4103
QL000570,Q00281,P03,1,66008
QL000571,Q00281,P05,1,59391
QL000572,Q00282,P11,1,183005
QL000573,Q00282,P03,1,12007
QL000574,Q00283,P06,1,66220
QL000575,Q00283,P05,1,4997
QL000576,Q00283,P12,1,9402
QL000577,Q00284,P06,1,140086
QL000578,Q00285,P08,1,148859
QL000579,Q00286,P05,1,236423
QL000580,Q00287,P08,1,200852
QL000581,Q00287,P11,1,57981
QL000582,Q00288,P04,1,45597
QL000583,Q00289,P06,1,6931
QL000584,Q00289,P08,1,20919
QL000585,Q00290,P08,1,227336
QL000586,Q00291,P05,1,230206
QL000587,Q00291,P09,1,14204
QL000588,Q00291,P06,1,33836
QL000589,Q00292,P08,1,128484
QL000590,Q00293,P03,1,81893
QL000591,Q00293,P11,1,93696
QL000592,Q00293,P07,1,26057
QL000593,Q00294,P04,1,178757
QL000594,Q00295,P02,1,91259
QL000595,Q00296,P03,1,52670
QL000596,Q00296,P07,1,95493
QL000597,Q00296,P04,1,112237
QL000598,Q00297,P01,1,55002
QL000599,Q00297,P06,1,58686
QL000600,Q00297,P09,1,59987
QL000601,Q00298,P05,1,10898
QL000602,Q00298,P10,1,133265
QL000603,Q00298,P09,1,18491
QL000604,Q00299,P02,1,41229
QL000605,Q00299,P11,1,60253
QL000606,Q00299,P09,1,108035
QL000607,Q00300,P11,1,210567
QL000608,Q00301,P12,1,22743
QL000609,Q00302,P02,1,230610
QL000610,Q00302,P10,1,37976
QL000611,Q00303,P01,1,228721
QL000612,Q00303,P09,1,9949
QL000613,Q00304,P01,1,21197
QL000614,Q00304,P06,1,28607
QL000615,Q00304,P09,1,11763
QL000616,Q00305,P10,1,33925
QL000617,Q00305,P07,1,11038
QL000618,Q00305,P11,1,25823
QL000619,Q00306,P06,1,237123
QL000620,Q00307,P03,1,5460
QL000621,Q00307,P09,1,17031
QL000622,Q00308,P11,1,63913
QL000623,Q00308,P12,1,16495
QL000624,Q00308,P10,1,3768
QL000625,Q00309,P12,1,106766
QL000626,Q00309,P03,1,56577
QL000627,Q00310,P08,1,53600
QL000628,Q00310,P07,1,6406
QL000629,Q00311,P12,1,163272
QL000630,Q00311,P03,1,97748
QL000631,Q00312,P10,1,39329
QL000632,Q00312,P03,1,237388
QL000633,Q00313,P02,1,90231
QL000634,Q00314,P05,1,62226
QL000635,Q00314,P04,1,38002
QL000636,Q00314,P12,1,45926
QL000637,Q00315,P01,1,49054
QL000638,Q00315,P01,1,10381
QL000639,Q00315,P07,1,1452
QL000640,Q00316,P08,1,59660
QL000641,Q00317,P08,1,54391
QL000642,Q00318,P05,1,24622
QL000643,Q00319,P11,1,15222
QL000644,Q00319,P12,1,11345
QL000645,Q00319,P03,1,51562
QL000646,Q00320,P09,1,267930
QL000647,Q00321,P12,1,31039
QL000648,Q00321,P03,1,29424
QL000649,Q00321,P09,1,146662
QL000650,Q00322,P08,1,1404
QL000651,Q00322,P02,1,38345
QL000652,Q00322,P12,1,14313
QL000653,Q00323,P06,1,234435
QL000654,Q00323,P03,1,11015
QL000655,Q00323,P11,1,2730
QL000656,Q00324,P09,1,30749
QL000657,Q00325,P06,1,45837
QL000658,Q00326,P03,1,152981
QL000659,Q00326,P10,1,17820
QL000660,Q00327,P08,1,291779
QL000661,Q00328,P05,1,32790
QL000662,Q00328,P06,1,42340
QL000663,Q00328,P11,1,106257
QL000664,Q00329,P09,1,60393
QL000665,Q00329,P02,1,135830
QL000666,Q00330,P08,1,131988
QL000667,Q00331,P05,1,124134
QL000668,Q00332,P10,1,291178
QL000669,Q00333,P10,1,2806
QL000670,Q00333,P05,1,5424
QL000671,Q00333,P06,1,4285
QL000672,Q00334,P06,1,45615
QL000673,Q00334,P05,1,85076
QL000674,Q00335,P05,1,94533
QL000675,Q00336,P10,1,96559
QL000676,Q00336,P07,1,13386
QL000677,Q00336,P12,1,6263
QL000678,Q00337,P11,1,48807
QL000679,Q00338,P12,1,93563
QL000680,Q00338,P02,1,27075
QL000681,Q00339,P01,1,58673
QL000682,Q00339,P11,1,31561
QL000683,Q00339,P05,1,33015
QL000684,Q00340,P09,1,172949
QL000685,Q00341,P11,1,72701
QL000686,Q00341,P09,1,89171
QL000687,Q00342,P08,1,55042
QL000688,Q00342,P08,1,188708
QL000689,Q00343,P11,1,46938
QL000690,Q00344,P07,1,2812
QL000691,Q00344,P05,1,250231
QL000692,Q00345,P01,1,37780
QL000693,Q00345,P04,1,3410
QL000694,Q00345,P07,1,56686
QL000695,Q00346,P11,1,16853
QL000696,Q00346,P08,1,50665
QL000697,Q00347,P07,1,87245
QL000698,Q00347,P05,1,84125
QL000699,Q00348,P05,1,1300
QL000700,Q00348,P05,1,49688
QL000701,Q00348,P01,1,113242
QL000702,Q00349,P03,1,19632
QL000703,Q00349,P03,1,172407
QL000704,Q00349,P12,1,1175
QL000705,Q00350,P10,1,20135
QL000706,Q00350,P02,1,5113
QL000707,Q00351,P07,1,72774
QL000708,Q00351,P10,1,168594
QL000709,Q00352,P02,1,32264
QL000710,Q00352,P10,1,143238
QL000711,Q00353,P03,1,16284
QL000712,Q00353,P02,1,24735
QL000713,Q00353,P02,1,28918
QL000714,Q00354,P09,1,68232
QL000715,Q00355,P11,1,42251
QL000716,Q00355,P04,1,3345
QL000717,Q00355,P04,1,35537
QL000718,Q00356,P02,1,5578
QL000719,Q00356,P03,1,17942
QL000720,Q00357,P04,1,16301
QL000721,Q00357,P04,1,19309
QL000722,Q00357,P08,1,93616
QL000723,Q00358,P06,1,208632
QL000724,Q00358,P11,1,80358
QL000725,Q00359,P06,1,7290
QL000726,Q00359,P04,1,1079
QL000727,Q00359,P12,1,34507
QL000728,Q00360,P05,1,177939
QL000729,Q00361,P02,1,94216
QL000730,Q00361,P08,1,180334
QL000731,Q00361,P02,1,18126
QL000732,Q00362,P12,1,14148
QL000733,Q00363,P11,1,145758
QL000734,Q00364,P12,1,206935
QL000735,Q00364,P05,1,14892
QL000736,Q00365,P10,1,173716
QL000737,Q00365,P01,1,80319
QL000738,Q00366,P04,1,261285
QL000739,Q00367,P12,1,4556
QL000740,Q00367,P10,1,114638
QL000741,Q00368,P01,1,21877
QL000742,Q00368,P03,1,8853
QL000743,Q00368,P04,1,6360
QL000744,Q00369,P11,1,169398
QL000745,Q00369,P07,1,2442
QL000746,Q00369,P03,1,5227
QL000747,Q00370,P08,1,215935
QL000748,Q00370,P03,1,8198
QL000749,Q00371,P01,1,61446
QL000750,Q00371,P11,1,212053
QL000751,Q00372,P11,1,28045
QL000752,Q00373,P10,1,79332
QL000753,Q00373,P07,1,96223
QL000754,Q00373,P02,1,120665
QL000755,Q00374,P11,1,11452
QL000756,Q00374,P06,1,21816
QL000757,Q00375,P01,1,209380
QL000758,Q00376,P09,1,5367
QL000759,Q00376,P08,1,16627
QL000760,Q00377,P09,1,137861
QL000761,Q00377,P02,1,153068
QL000762,Q00378,P06,1,95136
QL000763,Q00379,P04,1,261879
QL000764,Q00380,P07,1,168103
QL000765,Q00380,P12,1,52963
QL000766,Q00381,P09,1,41105
QL000767,Q00381,P04,1,4068
QL000768,Q00381,P05,1,16694
QL000769,Q00382,P09,1,230967
QL000770,Q00382,P07,1,4522
QL000771,Q00383,P04,1,93142
QL000772,Q00383,P04,1,1703
QL000773,Q00383,P12,1,29503
QL000774,Q00384,P07,1,27742
QL000775,Q00384,P11,1,23160
QL000776,Q00384,P01,1,15617
QL000777,Q00385,P01,1,43265
QL000778,Q00386,P05,1,258952
QL000779,Q00387,P06,1,29900
QL000780,Q00387,P04,1,172813
QL000781,Q00388,P09,1,18759
QL000782,Q00388,P08,1,121303
QL000783,Q00389,P03,1,163103
QL000784,Q00389,P04,1,24501
QL000785,Q00389,P12,1,8968
QL000786,Q00390,P01,1,105142
QL000787,Q00390,P11,1,4081
QL000788,Q00390,P09,1,20751
QL000789,Q00391,P06,1,36212
QL000790,Q00391,P02,1,12909
QL000791,Q00391,P08,1,16588
QL000792,Q00392,P12,1,91028
QL000793,Q00392,P01,1,99591
QL000794,Q00393,P03,1,12621
QL000795,Q00393,P01,1,256444
QL000796,Q00394,P10,1,67734
QL000797,Q00395,P09,1,33299
QL000798,Q00395,P11,1,156238
QL000799,Q00395,P05,1,88847
QL000800,Q00396,P03,1,29437
QL000801,Q00397,P07,1,27532
QL000802,Q00397,P01,1,143317
QL000803,Q00397,P09,1,113869
QL000804,Q00398,P10,1,43534
QL000805,Q00398,P09,1,34515
QL000806,Q00399,P01,1,51010
QL000807,Q00399,P07,1,94665
QL000808,Q00399,P09,1,27695
QL000809,Q00400,P11,1,56635
QL000810,Q00400,P09,1,209881
QL000811,Q00401,P11,1,143557
QL000812,Q00402,P09,1,20509
QL000813,Q00402,P06,1,1216
QL000814,Q00402,P10,1,1278
QL000815,Q00403,P04,1,279737
QL000816,Q00404,P01,1,29880
QL000817,Q00404,P03,1,22589
QL000818,Q00405,P10,1,100522
QL000819,Q00405,P07,1,65400
QL000820,Q00405,P02,1,53202
QL000821,Q00406,P10,1,6155
QL000822,Q00406,P04,1,251335
QL000823,Q00407,P05,1,53707
QL000824,Q00408,P08,1,156146
QL000825,Q00409,P01,1,102443
QL000826,Q00410,P11,1,144601
QL000827,Q00410,P11,1,31231
QL000828,Q00410,P02,1,11058
QL000829,Q00411,P07,1,189232
QL000830,Q00412,P08,1,141468
QL000831,Q00412,P10,1,46861
QL000832,Q00412,P05,1,2986
QL000833,Q00413,P06,1,278468
QL000834,Q00414,P07,1,104010
QL000835,Q00415,P11,1,24060
QL000836,Q00415,P10,1,7333
QL000837,Q00416,P04,1,248122
QL000838,Q00417,P08,1,36217
QL000839,Q00417,P05,1,249869
QL000840,Q00418,P07,1,231536
QL000841,Q00419,P04,1,60440
QL000842,Q00419,P04,1,84439
QL000843,Q00420,P06,1,30132
QL000844,Q00420,P12,1,78883
QL000845,Q00421,P08,1,158729
QL000846,Q00421,P10,1,49240
QL000847,Q00422,P02,1,52486
QL000848,Q00422,P03,1,180889
QL000849,Q00423,P06,1,18521
QL000850,Q00423,P03,1,1028
QL000851,Q00423,P04,1,2987
QL000852,Q00424,P02,1,14906
QL000853,Q00424,P11,1,178121
QL000854,Q00424,P11,1,36831
QL000855,Q00425,P01,1,94082
QL000856,Q00426,P12,1,175891
QL000857,Q00426,P09,1,100345
QL000858,Q00427,P01,1,53850
QL000859,Q00427,P04,1,96238
QL000860,Q00428,P06,1,98380
QL000861,Q00428,P08,1,43338
QL000862,Q00428,P10,1,18003
QL000863,Q00429,P02,1,91187
QL000864,Q00429,P01,1,138327
QL000865,Q00429,P02,1,19918
QL000866,Q00430,P12,1,110930
QL000867,Q00430,P01,1,49202
QL000868,Q00431,P07,1,295582
QL000869,Q00432,P09,1,20517
QL000870,Q00433,P07,1,123345
QL000871,Q00433,P11,1,16237
QL000872,Q00433,P04,1,74795
QL000873,Q00434,P05,1,19123
QL000874,Q00434,P11,1,13318
QL000875,Q00434,P10,1,109870
QL000876,Q00435,P03,1,220662
QL000877,Q00435,P03,1,4114
QL000878,Q00435,P12,1,38731
QL000879,Q00436,P10,1,69207
QL000880,Q00437,P09,1,45736
QL000881,Q00438,P05,1,255524
QL000882,Q00439,P05,1,14494
QL000883,Q00439,P10,1,19445
QL000884,Q00439,P11,1,2953
QL000885,Q00440,P10,1,90439
QL000886,Q00440,P05,1,28542
QL000887,Q00441,P07,1,67950
QL000888,Q00442,P06,1,1647
QL000889,Q00442,P07,1,208741
QL000890,Q00443,P01,1,130185
QL000891,Q00444,P03,1,65915
QL000892,Q00444,P05,1,46723
QL000893,Q00444,P05,1,121435
QL000894,Q00445,P11,1,193615
QL000895,Q00445,P12,1,9432
QL000896,Q00445,P09,1,35454
QL000897,Q00446,P08,1,20298
QL000898,Q00446,P08,1,68793
QL000899,Q00447,P08,1,92822
QL000900,Q00447,P12,1,82990
QL000901,Q00447,P04,1,31567
QL000902,Q00448,P03,1,68307
QL000903,Q00448,P08,1,42067
QL000904,Q00448,P01,1,66309
QL000905,Q00449,P08,1,81613
QL000906,Q00449,P12,1,2651
QL000907,Q00449,P03,1,1920
QL000908,Q00450,P11,1,143893
QL000909,Q00450,P06,1,116328
QL000910,Q00451,P01,1,286518
QL000911,Q00452,P09,1,155494
QL000912,Q00452,P02,1,7745
QL000913,Q00452,P11,1,3547
QL000914,Q00453,P01,1,82510
QL000915,Q00454,P02,1,193947
QL000916,Q00455,P02,1,22774
QL000917,Q00456,P03,1,121922
QL000918,Q00457,P10,1,109368
QL000919,Q00457,P01,1,17680
QL000920,Q00457,P11,1,25948
QL000921,Q00458,P01,1,69780
QL000922,Q00458,P11,1,25095
QL000923,Q00458,P06,1,92309
QL000924,Q00459,P11,1,34044
QL000925,Q00459,P03,1,18491
QL000926,Q00460,P06,1,63846
QL000927,Q00460,P11,1,6032
QL000928,Q00460,P11,1,13128
QL000929,Q00461,P09,1,102362
QL000930,Q00462,P11,1,22624
QL000931,Q00463,P06,1,240278
QL000932,Q00463,P08,1,5767
QL000933,Q00463,P05,1,5424
QL000934,Q00464,P02,1,114768
QL000935,Q00464,P11,1,163271
QL000936,Q00465,P04,1,36161
QL000937,Q00465,P05,1,64344
QL000938,Q00465,P05,1,47917
QL000939,Q00466,P10,1,43139
QL000940,Q00466,P09,1,2286
QL000941,Q00466,P02,1,19827
QL000942,Q00467,P06,1,47317
QL000943,Q00468,P12,1,6044
QL000944,Q00468,P04,1,17875
QL000945,Q00469,P05,1,162258
QL000946,Q00470,P07,1,7506
QL000947,Q00470,P08,1,6647
QL000948,Q00470,P07,1,4698
QL000949,Q00471,P12,1,15260
QL000950,Q00472,P08,1,53646
QL000951,Q00472,P01,1,161893
QL000952,Q00473,P05,1,75648
QL000953,Q00473,P01,1,68961
QL000954,Q00473,P11,1,99553
QL000955,Q00474,P07,1,26781
QL000956,Q00474,P04,1,31418
QL000957,Q00474,P09,1,16436
QL000958,Q00475,P05,1,4784
QL000959,Q00475,P09,1,3153
QL000960,Q00475,P12,1,8096
QL000961,Q00476,P01,1,12332
QL000962,Q00476,P08,1,180245
QL000963,Q00477,P03,1,31289
QL000964,Q00478,P01,1,159695
QL000965,Q00479,P05,1,134107
QL000966,Q00479,P01,1,40583
QL000967,Q00479,P09,1,50759
QL000968,Q00480,P10,1,255976
QL000969,Q00481,P11,1,57645
QL000970,Q00481,P10,1,53849
QL000971,Q00481,P02,1,32888
QL000972,Q00482,P12,1,94233
QL000973,Q00482,P09,1,57060
QL000974,Q00482,P03,1,63596
QL000975,Q00483,P02,1,226019
QL000976,Q00484,P10,1,26978
QL000977,Q00484,P10,1,118168
QL000978,Q00484,P08,1,102480
QL000979,Q00485,P09,1,75855
QL000980,Q00486,P09,1,51459
QL000981,Q00487,P02,1,216007
QL000982,Q00488,P11,1,27574
QL000983,Q00489,P03,1,150946
QL000984,Q00490,P05,1,127822
QL000985,Q00490,P11,1,16106
QL000986,Q00491,P10,1,32003
QL000987,Q00491,P07,1,11036
QL000988,Q00491,P12,1,22989
QL000989,Q00492,P12,1,78861
QL000990,Q00492,P10,1,5168
QL000991,Q00492,P07,1,170198
QL000992,Q00493,P05,1,17107
QL000993,Q00493,P04,1,14664
QL000994,Q00494,P06,1,51436
QL000995,Q00494,P03,1,3869
QL000996,Q00494,P12,1,5297
QL000997,Q00495,P02,1,3276
QL000998,Q00495,P07,1,62231
QL000999,Q00495,P06,1,4284
QL001000,Q00496,P07,1,62020
QL001001,Q00496,P04,1,24810
QL001002,Q00497,P12,1,63072
QL001003,Q00497,P12,1,151152
QL001004,Q00498,P02,1,21772
QL001005,Q00498,P03,1,105400
QL001006,Q00499,P12,1,58638
QL001007,Q00499,P03,1,116106
QL001008,Q00499,P03,1,91814
QL001009,Q00500,P11,1,218693
QL001010,Q00501,P01,1,26316
QL001011,Q00501,P05,1,73533
QL001012,Q00502,P04,1,46942
QL001013,Q00503,P01,1,158961
QL001014,Q00503,P10,1,2478
QL001015,Q00503,P06,1,4752
QL001016,Q00504,P06,1,1327
QL001017,Q00504,P11,1,9018
QL001018,Q00505,P06,1,177673
QL001019,Q00505,P02,1,120025
QL001020,Q00506,P05,1,95765
QL001021,Q00506,P10,1,34008
QL001022,Q00506,P03,1,13623
QL001023,Q00507,P04,1,6697
QL001024,Q00507,P02,1,120465
QL001025,Q00508,P02,1,73831
QL001026,Q00508,P08,1,2033
QL001027,Q00509,P04,1,12597
QL001028,Q00509,P10,1,10038
QL001029,Q00510,P04,1,53822
QL001030,Q00510,P11,1,190177
QL001031,Q00511,P04,1,23626
QL001032,Q00511,P04,1,60639
QL001033,Q00511,P01,1,7167
QL001034,Q00512,P11,1,52020
QL001035,Q00512,P06,1,79121
QL001036,Q00512,P04,1,11175
QL001037,Q00513,P12,1,83856
QL001038,Q00514,P04,1,3341
QL001039,Q00514,P05,1,1393
QL001040,Q00514,P02,1,9164
QL001041,Q00515,P12,1,262964
QL001042,Q00516,P10,1,186555
QL001043,Q00516,P09,1,24182
QL001044,Q00516,P01,1,13384
QL001045,Q00517,P01,1,202910
QL001046,Q00517,P05,1,5848
QL001047,Q00517,P03,1,31923
QL001048,Q00518,P07,1,53740
QL001049,Q00518,P05,1,51398
QL001050,Q00518,P07,1,181353
QL001051,Q00519,P12,1,82582
QL001052,Q00519,P01,1,80278
QL001053,Q00519,P07,1,14228
QL001054,Q00520,P08,1,47154
QL001055,Q00520,P10,1,89746
QL001056,Q00521,P12,1,3280
QL001057,Q00521,P01,1,2071
QL001058,Q00521,P05,1,5435
QL001059,Q00522,P08,1,83678
QL001060,Q00523,P07,1,57411
QL001061,Q00524,P02,1,69667
QL001062,Q00524,P04,1,85042
QL001063,Q00525,P06,1,233417
QL001064,Q00526,P01,1,240484
QL001065,Q00527,P10,1,123470
QL001066,Q00528,P04,1,201730
QL001067,Q00529,P12,1,142030
QL001068,Q00530,P02,1,13080
QL001069,Q00530,P02,1,13190
QL001070,Q00531,P01,1,260845
QL001071,Q00531,P04,1,1941
QL001072,Q00532,P12,1,189288
QL001073,Q00533,P01,1,68115
QL001074,Q00533,P07,1,33391
QL001075,Q00534,P08,1,36089
QL001076,Q00534,P03,1,94550
QL001077,Q00535,P10,1,11223
QL001078,Q00535,P08,1,105820
QL001079,Q00535,P08,1,86443
QL001080,Q00536,P09,1,109383
QL001081,Q00537,P02,1,215679
QL001082,Q00538,P05,1,177758
QL001083,Q00538,P03,1,30801
QL001084,Q00538,P03,1,16600
QL001085,Q00539,P02,1,60264
QL001086,Q00539,P10,1,84651
QL001087,Q00540,P11,1,154629
QL001088,Q00541,P06,1,148276
QL001089,Q00541,P05,1,27536
QL001090,Q00541,P07,1,63449
QL001091,Q00542,P11,1,111186
QL001092,Q00542,P03,1,80287
QL001093,Q00543,P12,1,30561
QL001094,Q00543,P11,1,17150
QL001095,Q00543,P01,1,17958
QL001096,Q00544,P12,1,4612
QL001097,Q00544,P04,1,95067
QL001098,Q00545,P11,1,290738
QL001099,Q00546,P08,1,231933
QL001100,Q00547,P09,1,39867
QL001101,Q00547,P04,1,4408
QL001102,Q00547,P12,1,1386
QL001103,Q00548,P12,1,103444
QL001104,Q00548,P08,1,5778
QL001105,Q00548,P09,1,9644
QL001106,Q00549,P09,1,216454
QL001107,Q00550,P05,1,96519
QL001108,Q00551,P03,1,171900
QL001109,Q00552,P02,1,139814
QL001110,Q00552,P09,1,1741
QL001111,Q00552,P07,1,25101
QL001112,Q00553,P03,1,7598
QL001113,Q00553,P05,1,134049
QL001114,Q00554,P10,1,37844
QL001115,Q00554,P10,1,28463
QL001116,Q00554,P02,1,13616
QL001117,Q00555,P09,1,16846
QL001118,Q00555,P11,1,161540
QL001119,Q00556,P02,1,112237
QL001120,Q00556,P08,1,60603
QL001121,Q00557,P08,1,91986
QL001122,Q00557,P11,1,46691
QL001123,Q00557,P07,1,25794
QL001124,Q00558,P11,1,10165
QL001125,Q00558,P06,1,6607
QL001126,Q00558,P11,1,76947
QL001127,Q00559,P05,1,42250
QL001128,Q00559,P12,1,58375
QL001129,Q00559,P03,1,84497
QL001130,Q00560,P01,1,241699
QL001131,Q00561,P08,1,152749
QL001132,Q00561,P10,1,49360
QL001133,Q00561,P12,1,8997
QL001134,Q00562,P11,1,117871
QL001135,Q00563,P07,1,170157
QL001136,Q00564,P08,1,67047
QL001137,Q00565,P10,1,179839
QL001138,Q00566,P05,1,190557
QL001139,Q00567,P11,1,112735
QL001140,Q00567,P08,1,169434
QL001141,Q00568,P07,1,136267
QL001142,Q00569,P05,1,112111
QL001143,Q00569,P08,1,73483
QL001144,Q00570,P07,1,21600
QL001145,Q00570,P10,1,2066
QL001146,Q00571,P10,1,141898
QL001147,Q00571,P02,1,11632
QL001148,Q00571,P06,1,3809
QL001149,Q00572,P08,1,234841
QL001150,Q00573,P06,1,33039
QL001151,Q00574,P02,1,293871
QL001152,Q00575,P10,1,101760
QL001153,Q00575,P02,1,136909
QL001154,Q00576,P07,1,218952
QL001155,Q00576,P04,1,10873
QL001156,Q00577,P01,1,24738
QL001157,Q00577,P12,1,9472
QL001158,Q00577,P07,1,82308
QL001159,Q00578,P06,1,56625
QL001160,Q00579,P02,1,44338
QL001161,Q00579,P11,1,177805
QL001162,Q00580,P11,1,281130
QL001163,Q00581,P03,1,183149
QL001164,Q00581,P03,1,11051
QL001165,Q00581,P07,1,35494
QL001166,Q00582,P12,1,4728
QL001167,Q00582,P08,1,2925
QL001168,Q00582,P10,1,3163
QL001169,Q00583,P01,1,18125
QL001170,Q00583,P08,1,36596
QL001171,Q00584,P07,1,218039
QL001172,Q00584,P11,1,27281
QL001173,Q00585,P11,1,132241
QL001174,Q00585,P02,1,33630
QL001175,Q00586,P08,1,19517
QL001176,Q00586,P05,1,93492
QL001177,Q00586,P01,1,30380
QL001178,Q00587,P08,1,24135
QL001179,Q00587,P12,1,1891
QL001180,Q00587,P05,1,6070
QL001181,Q00588,P01,1,92387
QL001182,Q00588,P01,1,126536
QL001183,Q00588,P11,1,54938
QL001184,Q00589,P12,1,210102
QL001185,Q00590,P09,1,4999
QL001186,Q00590,P08,1,89907
QL001187,Q00591,P05,1,33085
QL001188,Q00591,P08,1,14990
QL001189,Q00592,P03,1,97076
QL001190,Q00592,P06,1,42116
QL001191,Q00592,P07,1,68537
QL001192,Q00593,P09,1,2311
QL001193,Q00593,P01,1,19888
QL001194,Q00594,P09,1,16956
QL001195,Q00594,P05,1,2410
QL001196,Q00595,P07,1,102156
QL001197,Q00596,P06,1,217512
QL001198,Q00597,P12,1,77206
QL001199,Q00597,P09,1,49227
QL001200,Q00598,P11,1,293127
QL001201,Q00599,P03,1,137635
QL001202,Q00599,P06,1,1277
QL001203,Q00599,P02,1,2233
QL001204,Q00600,P07,1,15226
QL001205,Q00600,P08,1,60833
QL001206,Q00600,P09,1,68051
QL001207,Q00601,P09,1,115457
QL001208,Q00601,P02,1,42979
QL001209,Q00601,P09,1,4897
QL001210,Q00602,P01,1,2820
QL001211,Q00602,P04,1,30547
QL001212,Q00602,P02,1,53769
QL001213,Q00603,P09,1,98947
QL001214,Q00603,P11,1,55507
QL001215,Q00604,P06,1,67699
QL001216,Q00604,P12,1,20362
QL001217,Q00604,P02,1,21172
QL001218,Q00605,P03,1,25535
QL001219,Q00605,P01,1,35531
QL001220,Q00605,P02,1,4185
QL001221,Q00606,P09,1,142249
QL001222,Q00606,P05,1,36607
QL001223,Q00607,P04,1,20640
QL001224,Q00607,P03,1,6570
QL001225,Q00608,P03,1,147232
QL001226,Q00609,P01,1,116072
QL001227,Q00609,P06,1,30930
QL001228,Q00610,P07,1,22679
QL001229,Q00610,P12,1,2716
QL001230,Q00610,P12,1,1912
QL001231,Q00611,P08,1,238875
QL001232,Q00612,P09,1,111261
QL001233,Q00612,P01,1,90917
QL001234,Q00613,P12,1,51723
QL001235,Q00613,P07,1,41929
QL001236,Q00613,P01,1,103011
QL001237,Q00614,P03,1,16950
QL001238,Q00614,P12,1,139992
QL001239,Q00615,P08,1,55068
QL001240,Q00615,P07,1,19402
QL001241,Q00615,P01,1,15567
QL001242,Q00616,P07,1,16004
QL001243,Q00616,P02,1,198335
QL001244,Q00617,P09,1,5689
QL001245,Q00617,P07,1,39812
QL001246,Q00617,P06,1,4004
QL001247,Q00618,P02,1,171225
QL001248,Q00619,P05,1,5683
QL001249,Q00619,P04,1,6558
QL001250,Q00620,P03,1,236195
QL001251,Q00621,P02,1,76181
QL001252,Q00621,P09,1,126038
QL001253,Q00622,P03,1,42147
QL001254,Q00622,P12,1,69343
QL001255,Q00623,P01,1,161642
QL001256,Q00624,P08,1,94449
QL001257,Q00625,P12,1,107337
QL001258,Q00625,P04,1,93569
QL001259,Q00625,P10,1,34229
QL001260,Q00626,P01,1,37655
QL001261,Q00626,P03,1,169695
QL001262,Q00627,P06,1,115418
QL001263,Q00628,P06,1,101599
QL001264,Q00628,P06,1,104666
QL001265,Q00628,P07,1,54198
QL001266,Q00629,P05,1,69915
QL001267,Q00629,P03,1,5980
QL001268,Q00629,P08,1,3875
QL001269,Q00630,P05,1,101982
QL001270,Q00630,P06,1,39870
QL001271,Q00630,P04,1,50007
QL001272,Q00631,P10,1,97408
QL001273,Q00632,P11,1,81080
QL001274,Q00632,P11,1,25510
QL001275,Q00633,P03,1,24616
QL001276,Q00633,P09,1,116445
QL001277,Q00634,P06,1,5062
QL001278,Q00634,P05,1,9630
QL001279,Q00634,P08,1,2160
QL001280,Q00635,P02,1,88887
QL001281,Q00635,P06,1,33631
QL001282,Q00636,P12,1,87626
QL001283,Q00637,P04,1,1929
QL001284,Q00637,P10,1,46259
QL001285,Q00637,P07,1,43809
QL001286,Q00638,P11,1,78543
QL001287,Q00639,P08,1,94234
QL001288,Q00640,P12,1,215824
QL001289,Q00641,P10,1,40254
QL001290,Q00641,P02,1,40179
QL001291,Q00641,P10,1,20330
QL001292,Q00642,P06,1,202234
QL001293,Q00642,P10,1,69127
QL001294,Q00643,P11,1,46096
QL001295,Q00643,P12,1,43406
QL001296,Q00644,P06,1,64144
QL001297,Q00644,P04,1,14500
QL001298,Q00644,P10,1,8601
QL001299,Q00645,P09,1,205124
QL001300,Q00646,P11,1,52132
QL001301,Q00646,P11,1,32015
QL001302,Q00646,P01,1,72010
QL001303,Q00647,P03,1,22783
QL001304,Q00647,P04,1,233479
QL001305,Q00648,P12,1,1697
QL001306,Q00648,P11,1,34010
QL001307,Q00648,P03,1,90017
QL001308,Q00649,P02,1,33838
QL001309,Q00649,P03,1,37783
QL001310,Q00650,P10,1,202793
QL001311,Q00651,P02,1,44418
QL001312,Q00651,P12,1,170976
QL001313,Q00652,P07,1,39968
QL001314,Q00652,P09,1,47127
QL001315,Q00652,P04,1,19060
QL001316,Q00653,P04,1,16264
QL001317,Q00653,P12,1,19303
QL001318,Q00654,P01,1,252937
QL001319,Q00655,P03,1,254664
QL001320,Q00656,P11,1,91911
QL001321,Q00657,P04,1,260209
QL001322,Q00658,P12,1,105841
QL001323,Q00658,P04,1,2774
QL001324,Q00658,P08,1,10465
QL001325,Q00659,P05,1,24900
QL001326,Q00659,P10,1,118286
QL001327,Q00659,P09,1,15015
QL001328,Q00660,P09,1,29676
QL001329,Q00660,P12,1,26499
QL001330,Q00661,P10,1,235626
QL001331,Q00661,P12,1,10106
QL001332,Q00661,P06,1,32731
QL001333,Q00662,P03,1,82202
QL001334,Q00662,P03,1,14810
QL001335,Q00662,P03,1,70634
QL001336,Q00663,P12,1,186098
QL001337,Q00663,P09,1,10599
QL001338,Q00663,P04,1,10262
QL001339,Q00664,P03,1,25908
QL001340,Q00664,P10,1,12104
QL001341,Q00665,P07,1,117696
QL001342,Q00665,P08,1,1176
QL001343,Q00665,P01,1,1625
QL001344,Q00666,P07,1,249436
QL001345,Q00667,P11,1,7641
QL001346,Q00667,P12,1,57543
QL001347,Q00668,P11,1,10317
QL001348,Q00668,P04,1,200058
QL001349,Q00669,P10,1,19042
QL001350,Q00670,P10,1,264431
QL001351,Q00671,P09,1,233616
QL001352,Q00672,P04,1,86793
QL001353,Q00672,P08,1,151761
QL001354,Q00673,P06,1,127506
QL001355,Q00673,P06,1,122573
QL001356,Q00673,P12,1,31442
QL001357,Q00674,P04,1,20050
QL001358,Q00674,P10,1,3868
QL001359,Q00674,P03,1,8724
QL001360,Q00675,P07,1,30832
QL001361,Q00675,P01,1,85762
QL001362,Q00675,P02,1,58851
QL001363,Q00676,P07,1,22898
QL001364,Q00676,P05,1,57813
QL001365,Q00677,P01,1,52831
QL001366,Q00677,P07,1,50742
QL001367,Q00678,P12,1,126095
QL001368,Q00678,P10,1,15830
QL001369,Q00679,P12,1,17264
QL001370,Q00679,P04,1,41439
QL001371,Q00680,P05,1,137363
QL001372,Q00680,P02,1,73696
QL001373,Q00681,P08,1,29735
QL001374,Q00682,P02,1,22432
QL001375,Q00682,P07,1,239770
QL001376,Q00683,P02,1,3797
QL001377,Q00683,P06,1,109537
QL001378,Q00684,P09,1,166598
QL001379,Q00685,P09,1,275227
QL001380,Q00686,P07,1,121697
QL001381,Q00687,P02,1,15364
QL001382,Q00688,P08,1,31188
QL001383,Q00688,P02,1,25463
QL001384,Q00689,P09,1,115589
QL001385,Q00689,P02,1,90094
QL001386,Q00689,P04,1,43454
QL001387,Q00690,P07,1,75627
QL001388,Q00690,P09,1,2454
QL001389,Q00690,P06,1,5464
QL001390,Q00691,P01,1,83498
QL001391,Q00692,P03,1,20466
QL001392,Q00692,P11,1,177596
QL001393,Q00693,P04,1,219857
QL001394,Q00694,P08,1,1080
QL001395,Q00694,P09,1,53972
QL001396,Q00695,P04,1,136453
QL001397,Q00695,P06,1,11964
QL001398,Q00695,P08,1,11065
QL001399,Q00696,P04,1,15678
QL001400,Q00696,P03,1,190645
QL001401,Q00697,P02,1,209651
QL001402,Q00697,P12,1,12849
QL001403,Q00698,P07,1,78556
QL001404,Q00698,P07,1,74059
QL001405,Q00698,P04,1,14241
QL001406,Q00699,P11,1,184281
QL001407,Q00700,P10,1,13642
QL001408,Q00700,P02,1,6138
QL001409,Q00700,P01,1,16937
QL001410,Q00701,P05,1,189819
QL001411,Q00701,P09,1,62616
QL001412,Q00702,P05,1,29259
QL001413,Q00703,P04,1,285472
QL001414,Q00704,P02,1,3901
QL001415,Q00704,P02,1,29753
QL001416,Q00704,P09,1,107368
QL001417,Q00705,P09,1,61563
QL001418,Q00705,P08,1,29938
QL001419,Q00705,P06,1,135190
QL001420,Q00706,P10,1,132535
QL001421,Q00706,P03,1,136539
QL001422,Q00706,P02,1,2265
QL001423,Q00707,P11,1,23480
QL001424,Q00707,P09,1,146557
QL001425,Q00708,P12,1,130279
QL001426,Q00709,P07,1,148402
QL001427,Q00710,P08,1,7939
QL001428,Q00710,P08,1,59739
QL001429,Q00710,P01,1,21774
QL001430,Q00711,P03,1,88194
QL001431,Q00712,P02,1,8086
QL001432,Q00712,P12,1,89327
QL001433,Q00712,P07,1,42339
QL001434,Q00713,P02,1,298480
QL001435,Q00714,P12,1,50679
QL001436,Q00714,P08,1,32118
QL001437,Q00715,P11,1,12649
QL001438,Q00715,P01,1,130162
QL001439,Q00715,P11,1,40298
QL001440,Q00716,P04,1,71064
QL001441,Q00717,P01,1,37992
QL001442,Q00717,P12,1,117885
QL001443,Q00718,P01,1,65593
QL001444,Q00718,P04,1,20615
QL001445,Q00719,P06,1,46556
QL001446,Q00719,P01,1,202620
QL001447,Q00720,P08,1,27497
QL001448,Q00720,P03,1,91626
QL001449,Q00720,P06,1,53099
QL001450,Q00721,P06,1,94968
QL001451,Q00721,P02,1,29185
QL001452,Q00721,P03,1,74595
QL001453,Q00722,P08,1,141803
QL001454,Q00722,P03,1,117332
QL001455,Q00723,P11,1,1062
QL001456,Q00723,P08,1,13121
QL001457,Q00724,P05,1,9189
QL001458,Q00724,P04,1,15801
QL001459,Q00724,P10,1,12856
QL001460,Q00725,P01,1,13950
QL001461,Q00726,P10,1,11315
QL001462,Q00727,P03,1,206522
QL001463,Q00727,P06,1,9029
QL001464,Q00728,P08,1,107646
QL001465,Q00728,P07,1,19002
QL001466,Q00729,P06,1,155120
QL001467,Q00730,P04,1,52229
QL001468,Q00730,P02,1,42454
QL001469,Q00731,P12,1,12984
QL001470,Q00731,P07,1,93949
QL001471,Q00731,P02,1,76280
QL001472,Q00732,P10,1,71126
QL001473,Q00732,P06,1,59862
QL001474,Q00733,P06,1,291231
QL001475,Q00734,P02,1,53421
QL001476,Q00735,P04,1,96537
QL001477,Q00736,P03,1,11208
QL001478,Q00736,P09,1,110314
QL001479,Q00736,P12,1,74215
QL001480,Q00737,P07,1,80561
QL001481,Q00737,P09,1,96521
QL001482,Q00737,P05,1,91539
QL001483,Q00738,P03,1,208838
QL001484,Q00738,P05,1,25641
QL001485,Q00738,P01,1,1696
QL001486,Q00739,P06,1,105198
QL001487,Q00739,P01,1,36762
QL001488,Q00740,P11,1,16378
QL001489,Q00740,P06,1,1920
QL001490,Q00740,P07,1,184833
QL001491,Q00741,P12,1,59355
QL001492,Q00741,P03,1,214950
QL001493,Q00741,P08,1,6555
QL001494,Q00742,P06,1,2428
QL001495,Q00742,P02,1,40674
QL001496,Q00742,P06,1,3963
QL001497,Q00743,P03,1,89448
QL001498,Q00743,P01,1,22988
QL001499,Q00743,P03,1,79825
QL001500,Q00744,P08,1,130897
QL001501,Q00744,P03,1,60814
QL001502,Q00745,P01,1,11120
QL001503,Q00745,P06,1,3439
QL001504,Q00746,P06,1,195098
QL001505,Q00746,P06,1,30317
QL001506,Q00747,P02,1,276849
QL001507,Q00748,P08,1,107800
QL001508,Q00748,P08,1,64756
QL001509,Q00749,P04,1,55981
QL001510,Q00749,P01,1,15224
QL001511,Q00749,P09,1,78115
QL001512,Q00750,P08,1,247076
QL001513,Q00751,P04,1,157217
QL001514,Q00751,P09,1,98424
QL001515,Q00752,P07,1,43493
QL001516,Q00752,P09,1,141254
QL001517,Q00752,P06,1,83648
QL001518,Q00753,P09,1,206829
QL001519,Q00754,P07,1,78072
QL001520,Q00755,P07,1,182868
QL001521,Q00755,P01,1,82346
QL001522,Q00756,P05,1,13103
QL001523,Q00756,P06,1,32596
QL001524,Q00756,P09,1,153938
QL001525,Q00757,P06,1,42510
QL001526,Q00758,P10,1,191967
QL001527,Q00759,P06,1,286249
QL001528,Q00760,P08,1,151156
QL001529,Q00760,P05,1,76412
QL001530,Q00761,P05,1,7278
QL001531,Q00761,P08,1,1360
QL001532,Q00761,P05,1,1774
QL001533,Q00762,P01,1,289285
QL001534,Q00763,P12,1,297694
QL001535,Q00764,P11,1,84597
QL001536,Q00765,P05,1,199153
QL001537,Q00766,P02,1,32865
QL001538,Q00766,P08,1,19861
QL001539,Q00766,P05,1,6435
QL001540,Q00767,P03,1,196436
QL001541,Q00768,P01,1,297573
QL001542,Q00769,P08,1,9794
QL001543,Q00769,P06,1,48186
QL001544,Q00769,P04,1,192290
QL001545,Q00770,P01,1,56654
QL001546,Q00770,P09,1,74243
QL001547,Q00770,P09,1,43974
QL001548,Q00771,P12,1,156063
QL001549,Q00771,P04,1,58250
QL001550,Q00772,P09,1,153419
QL001551,Q00772,P01,1,109534
QL001552,Q00773,P02,1,15942
QL001553,Q00774,P08,1,60082
QL001554,Q00774,P04,1,59266
QL001555,Q00775,P01,1,56548
QL001556,Q00775,P03,1,82232
QL001557,Q00776,P04,1,106121
QL001558,Q00776,P05,1,3635
QL001559,Q00776,P01,1,11748
QL001560,Q00777,P05,1,120599
QL001561,Q00777,P05,1,44628
QL001562,Q00778,P03,1,98926
QL001563,Q00778,P06,1,131545
QL001564,Q00778,P08,1,23369
QL001565,Q00779,P03,1,1116
QL001566,Q00779,P01,1,275974
QL001567,Q00780,P02,1,173805
QL001568,Q00780,P03,1,15227
QL001569,Q00780,P07,1,18350
QL001570,Q00781,P11,1,19644
QL001571,Q00781,P10,1,29043
QL001572,Q00782,P03,1,245599
QL001573,Q00783,P07,1,200095
QL001574,Q00783,P01,1,27143
QL001575,Q00784,P11,1,216940
QL001576,Q00785,P06,1,252763
QL001577,Q00786,P07,1,59747
QL001578,Q00786,P05,1,111364
QL001579,Q00786,P10,1,97714
QL001580,Q00787,P03,1,208852
QL001581,Q00787,P07,1,49731
QL001582,Q00788,P07,1,125513
QL001583,Q00788,P04,1,69062
QL001584,Q00789,P07,1,72865
QL001585,Q00790,P03,1,64654
QL001586,Q00790,P10,1,19225
QL001587,Q00790,P06,1,129575
QL001588,Q00791,P08,1,55939
QL001589,Q00791,P09,1,13509
QL001590,Q00791,P05,1,32813
QL001591,Q00792,P09,1,123718
QL001592,Q00792,P06,1,137908
QL001593,Q00792,P02,1,23948
QL001594,Q00793,P01,1,278303
QL001595,Q00794,P07,1,121216
QL001596,Q00795,P10,1,253967
QL001597,Q00796,P08,1,65800
QL001598,Q00796,P02,1,10991
QL001599,Q00796,P08,1,3861
QL001600,Q00797,P04,1,237386
QL001601,Q00798,P10,1,83889
QL001602,Q00798,P11,1,71645
QL001603,Q00798,P09,1,44935
QL001604,Q00799,P02,1,116596
QL001605,Q00800,P08,1,76605
QL001606,Q00800,P04,1,176740
QL001607,Q00800,P01,1,5067
QL001608,Q00801,P11,1,84568
QL001609,Q00801,P05,1,143225
QL001610,Q00802,P03,1,242698
QL001611,Q00803,P06,1,237205
QL001612,Q00803,P04,1,7532
QL001613,Q00804,P08,1,24510
QL001614,Q00804,P07,1,104455
QL001615,Q00805,P07,1,19341
QL001616,Q00805,P01,1,158545
QL001617,Q00806,P12,1,34175
QL001618,Q00806,P02,1,66203
QL001619,Q00806,P05,1,42964
QL001620,Q00807,P07,1,12785
QL001621,Q00807,P07,1,13054
QL001622,Q00808,P12,1,53274
QL001623,Q00808,P08,1,28029
QL001624,Q00809,P03,1,187999
QL001625,Q00809,P05,1,67747
QL001626,Q00810,P06,1,86461
QL001627,Q00810,P01,1,27011
QL001628,Q00810,P05,1,11814
QL001629,Q00811,P05,1,150689
QL001630,Q00812,P01,1,23180
QL001631,Q00812,P11,1,49821
QL001632,Q00813,P09,1,21697
QL001633,Q00813,P10,1,146065
QL001634,Q00814,P03,1,68046
QL001635,Q00814,P07,1,19913
QL001636,Q00815,P10,1,8122
QL001637,Q00815,P09,1,88674
QL001638,Q00816,P08,1,47078
QL001639,Q00816,P09,1,189967
QL001640,Q00817,P05,1,14251
QL001641,Q00817,P08,1,183801
QL001642,Q00818,P10,1,170559
QL001643,Q00819,P11,1,159120
QL001644,Q00820,P08,1,23070
QL001645,Q00820,P06,1,125060
QL001646,Q00821,P07,1,160432
QL001647,Q00822,P11,1,6548
QL001648,Q00822,P11,1,50536
QL001649,Q00823,P12,1,91875
QL001650,Q00823,P09,1,119296
QL001651,Q00824,P09,1,256954
QL001652,Q00825,P04,1,14944
QL001653,Q00825,P02,1,114023
QL001654,Q00825,P09,1,20124
QL001655,Q00826,P03,1,22116
QL001656,Q00827,P07,1,253214
QL001657,Q00828,P07,1,276970
QL001658,Q00829,P04,1,18641
QL001659,Q00830,P08,1,70649
QL001660,Q00830,P09,1,51959
QL001661,Q00831,P06,1,63487
QL001662,Q00831,P01,1,161335
QL001663,Q00832,P09,1,123695
QL001664,Q00832,P05,1,3109
QL001665,Q00832,P08,1,50550
QL001666,Q00833,P04,1,178798
QL001667,Q00833,P12,1,42647
QL001668,Q00833,P09,1,35962
QL001669,Q00834,P01,1,164045
QL001670,Q00834,P06,1,115987
QL001671,Q00835,P12,1,263375
QL001672,Q00835,P06,1,35701
QL001673,Q00836,P06,1,15592
QL001674,Q00836,P04,1,43230
QL001675,Q00837,P10,1,87127
QL001676,Q00837,P07,1,145021
QL001677,Q00838,P04,1,43247
QL001678,Q00838,P08,1,150744
QL001679,Q00839,P10,1,109357
QL001680,Q00839,P08,1,43543
QL001681,Q00839,P12,1,46765
QL001682,Q00840,P03,1,16684
QL001683,Q00840,P08,1,166971
QL001684,Q00841,P01,1,144621
QL001685,Q00841,P10,1,31926
QL001686,Q00842,P06,1,183224
QL001687,Q00843,P12,1,70231
QL001688,Q00843,P11,1,93501
QL001689,Q00844,P01,1,267259
QL001690,Q00845,P10,1,96602
QL001691,Q00845,P12,1,175645
QL001692,Q00846,P04,1,284390
QL001693,Q00847,P04,1,97028
QL001694,Q00847,P11,1,4377
QL001695,Q00848,P09,1,171732
QL001696,Q00849,P11,1,23150
QL001697,Q00849,P03,1,33357
QL001698,Q00849,P01,1,32142
QL001699,Q00850,P08,1,5423
QL001700,Q00850,P04,1,20173
QL001701,Q00850,P07,1,54857
QL001702,Q00851,P08,1,82368
QL001703,Q00852,P12,1,79902
QL001704,Q00852,P07,1,68743
QL001705,Q00852,P04,1,126880
QL001706,Q00853,P03,1,232348
QL001707,Q00854,P08,1,274236
QL001708,Q00855,P05,1,232270
QL001709,Q00855,P10,1,23827
QL001710,Q00855,P11,1,4240
QL001711,Q00856,P08,1,69718
QL001712,Q00856,P03,1,43983
QL001713,Q00857,P11,1,148321
QL001714,Q00857,P02,1,5515
QL001715,Q00858,P12,1,240765
QL001716,Q00859,P01,1,154136
QL001717,Q00859,P02,1,60502
QL001718,Q00860,P07,1,29253
QL001719,Q00860,P01,1,10365
QL001720,Q00860,P09,1,2789
QL001721,Q00861,P10,1,41234
QL001722,Q00861,P06,1,50619
QL001723,Q00862,P10,1,25452
QL001724,Q00862,P04,1,47212
QL001725,Q00862,P03,1,194093
QL001726,Q00863,P01,1,30600
QL001727,Q00863,P08,1,4877
QL001728,Q00863,P06,1,8319
QL001729,Q00864,P01,1,48339
QL001730,Q00865,P04,1,1305
QL001731,Q00865,P10,1,24449
QL001732,Q00866,P12,1,17311
QL001733,Q00866,P11,1,61421
QL001734,Q00867,P08,1,106326
QL001735,Q00867,P07,1,9612
QL001736,Q00867,P05,1,3318
QL001737,Q00868,P03,1,123690
QL001738,Q00868,P06,1,32344
QL001739,Q00869,P01,1,93093
QL001740,Q00870,P07,1,70440
QL001741,Q00871,P07,1,100747
QL001742,Q00871,P06,1,15516
QL001743,Q00871,P07,1,68605
QL001744,Q00872,P09,1,15382
QL001745,Q00873,P08,1,120679
QL001746,Q00874,P07,1,16836
QL001747,Q00874,P01,1,34131
QL001748,Q00874,P07,1,43040
QL001749,Q00875,P01,1,10356
QL001750,Q00875,P07,1,12071
QL001751,Q00876,P01,1,71152
QL001752,Q00876,P05,1,93253
QL001753,Q00877,P11,1,48587
QL001754,Q00877,P04,1,14207
QL001755,Q00877,P12,1,184368
QL001756,Q00878,P02,1,3715
QL001757,Q00878,P07,1,89849
QL001758,Q00879,P01,1,8674
QL001759,Q00879,P04,1,13807
QL001760,Q00880,P08,1,93870
QL001761,Q00880,P06,1,8329
QL001762,Q00880,P06,1,30223
QL001763,Q00881,P09,1,264356
QL001764,Q00881,P10,1,1763
QL001765,Q00881,P01,1,3215
QL001766,Q00882,P05,1,37170
QL001767,Q00882,P09,1,5031
QL001768,Q00882,P05,1,8374
QL001769,Q00883,P05,1,7084
QL001770,Q00883,P04,1,12443
QL001771,Q00883,P04,1,6280
QL001772,Q00884,P06,1,101707
QL001773,Q00885,P06,1,251233
QL001774,Q00886,P10,1,84052
QL001775,Q00886,P04,1,14642
QL001776,Q00886,P07,1,13851
QL001777,Q00887,P02,1,90734
QL001778,Q00887,P06,1,8714
QL001779,Q00888,P07,1,15913
QL001780,Q00888,P02,1,36368
QL001781,Q00889,P09,1,166071
QL001782,Q00890,P03,1,62109
QL001783,Q00890,P01,1,25845
QL001784,Q00890,P09,1,80006
QL001785,Q00891,P09,1,289851
QL001786,Q00892,P02,1,62660
QL001787,Q00893,P07,1,32116
QL001788,Q00893,P04,1,29150
QL001789,Q00894,P03,1,87049
QL001790,Q00894,P03,1,130231
QL001791,Q00895,P04,1,11660
QL001792,Q00895,P06,1,1176
QL001793,Q00895,P02,1,1196
QL001794,Q00896,P08,1,255770
QL001795,Q00897,P12,1,260206
QL001796,Q00898,P04,1,114625
QL001797,Q00899,P12,1,189188
QL001798,Q00899,P05,1,26884
QL001799,Q00899,P04,1,74091
QL001800,Q00900,P12,1,114096
QL001801,Q00901,P04,1,6096
QL001802,Q00901,P12,1,11014
QL001803,Q00901,P07,1,18391
QL001804,Q00902,P01,1,47337
QL001805,Q00902,P06,1,153064
QL001806,Q00903,P04,1,121451
QL001807,Q00904,P11,1,124766
QL001808,Q00904,P03,1,76256
QL001809,Q00904,P09,1,22370
QL001810,Q00905,P11,1,251385
QL001811,Q00906,P08,1,148533
QL001812,Q00906,P07,1,83149
QL001813,Q00906,P10,1,13751
QL001814,Q00907,P12,1,12461
QL001815,Q00907,P05,1,133613
QL001816,Q00908,P10,1,281630
QL001817,Q00909,P06,1,28050
QL001818,Q00909,P09,1,152178
QL001819,Q00909,P07,1,47391
QL001820,Q00910,P07,1,5916
QL001821,Q00910,P08,1,5432
QL001822,Q00910,P10,1,1394
QL001823,Q00911,P06,1,210213
QL001824,Q00911,P12,1,1219
QL001825,Q00912,P04,1,7563
QL001826,Q00912,P01,1,164432
QL001827,Q00913,P06,1,64839
QL001828,Q00913,P05,1,67149
QL001829,Q00914,P10,1,140903
QL001830,Q00915,P02,1,105078
QL001831,Q00916,P12,1,192415
QL001832,Q00917,P03,1,5979
QL001833,Q00917,P09,1,208306
QL001834,Q00918,P12,1,29230
QL001835,Q00918,P09,1,32764
QL001836,Q00918,P10,1,6916
QL001837,Q00919,P05,1,13123
QL001838,Q00919,P04,1,29239
QL001839,Q00920,P03,1,58737
QL001840,Q00920,P03,1,26976
QL001841,Q00920,P07,1,27715
QL001842,Q00921,P08,1,208508
QL001843,Q00922,P04,1,53135
QL001844,Q00923,P09,1,296777
QL001845,Q00924,P11,1,65078
QL001846,Q00924,P04,1,130321
QL001847,Q00925,P08,1,182507
QL001848,Q00926,P09,1,5250
QL001849,Q00926,P05,1,8309
QL001850,Q00926,P09,1,2205
QL001851,Q00927,P04,1,64549
QL001852,Q00927,P07,1,88775
QL001853,Q00928,P10,1,278226
QL001854,Q00929,P12,1,205865
QL001855,Q00929,P01,1,3633
QL001856,Q00929,P03,1,58270
QL001857,Q00930,P07,1,234561
QL001858,Q00931,P05,1,278788
QL001859,Q00932,P05,1,10568
QL001860,Q00932,P04,1,15541
QL001861,Q00932,P05,1,5505
QL001862,Q00933,P12,1,175019
QL001863,Q00934,P02,1,80410
QL001864,Q00934,P09,1,7327
QL001865,Q00934,P07,1,9950
QL001866,Q00935,P03,1,120003
QL001867,Q00935,P10,1,22593
QL001868,Q00936,P10,1,44517
QL001869,Q00936,P12,1,14136
QL001870,Q00937,P11,1,103522
QL001871,Q00937,P08,1,44345
QL001872,Q00937,P05,1,8630
QL001873,Q00938,P05,1,122515
QL001874,Q00938,P02,1,30976
QL001875,Q00938,P07,1,94102
QL001876,Q00939,P12,1,170063
QL001877,Q00940,P02,1,222931
QL001878,Q00940,P09,1,2815
QL001879,Q00941,P07,1,241218
QL001880,Q00941,P08,1,24884
QL001881,Q00941,P05,1,3717
QL001882,Q00942,P12,1,16878
QL001883,Q00942,P12,1,16556
QL001884,Q00943,P08,1,164199
QL001885,Q00944,P05,1,223192
QL001886,Q00944,P06,1,11338
QL001887,Q00944,P10,1,54621
QL001888,Q00945,P10,1,73282
QL001889,Q00945,P08,1,113135
QL001890,Q00945,P05,1,38767
QL001891,Q00946,P04,1,30148
QL001892,Q00946,P07,1,3652
QL001893,Q00946,P10,1,8635
QL001894,Q00947,P11,1,14352
QL001895,Q00947,P08,1,188133
QL001896,Q00947,P05,1,72787
QL001897,Q00948,P01,1,34041
QL001898,Q00948,P05,1,4763
QL001899,Q00949,P12,1,8419
QL001900,Q00949,P05,1,52520
QL001901,Q00950,P12,1,188193
QL001902,Q00950,P09,1,2637
QL001903,Q00950,P03,1,35636
QL001904,Q00951,P10,1,3481
QL001905,Q00951,P01,1,48103
QL001906,Q00952,P07,1,168559
QL001907,Q00952,P04,1,114579
QL001908,Q00953,P07,1,2764
QL001909,Q00953,P06,1,85648
QL001910,Q00954,P06,1,132880
QL001911,Q00954,P10,1,21505
QL001912,Q00954,P04,1,27440
QL001913,Q00955,P09,1,22276
QL001914,Q00955,P03,1,28440
QL001915,Q00956,P01,1,56109
QL001916,Q00957,P06,1,129411
QL001917,Q00957,P04,1,71297
QL001918,Q00958,P11,1,101645
QL001919,Q00959,P06,1,33839
QL001920,Q00960,P12,1,173575
QL001921,Q00961,P10,1,178061
QL001922,Q00961,P03,1,20434
QL001923,Q00961,P02,1,5494
QL001924,Q00962,P11,1,129035
QL001925,Q00962,P03,1,13667
QL001926,Q00962,P08,1,116807
QL001927,Q00963,P04,1,14611
QL001928,Q00963,P05,1,61565
QL001929,Q00963,P02,1,150188
QL001930,Q00964,P09,1,35338
QL001931,Q00964,P02,1,21158
QL001932,Q00964,P04,1,204001
QL001933,Q00965,P01,1,137907
QL001934,Q00965,P02,1,1722
QL001935,Q00965,P07,1,2942
QL001936,Q00966,P05,1,257221
QL001937,Q00967,P02,1,148586
QL001938,Q00967,P08,1,139511
QL001939,Q00968,P08,1,21888
QL001940,Q00968,P06,1,37216
QL001941,Q00968,P03,1,19785
QL001942,Q00969,P03,1,188639
QL001943,Q00969,P09,1,70033
QL001944,Q00970,P07,1,162729
QL001945,Q00970,P07,1,21916
QL001946,Q00971,P10,1,39127
QL001947,Q00971,P06,1,162356
QL001948,Q00972,P03,1,37819
QL001949,Q00972,P05,1,187086
QL001950,Q00973,P07,1,15265
QL001951,Q00974,P09,1,40161
QL001952,Q00974,P12,1,92298
QL001953,Q00974,P05,1,15271
QL001954,Q00975,P12,1,250847
QL001955,Q00976,P01,1,61083
QL001956,Q00976,P09,1,64688
QL001957,Q00976,P03,1,139732
QL001958,Q00977,P10,1,25515
QL001959,Q00977,P04,1,42221
QL001960,Q00977,P10,1,20019
QL001961,Q00978,P03,1,63686
QL001962,Q00978,P10,1,10130
QL001963,Q00979,P02,1,176453
QL001964,Q00979,P10,1,1007
QL001965,Q00979,P04,1,1023
QL001966,Q00980,P10,1,170729
QL001967,Q00980,P07,1,112404
QL001968,Q00981,P08,1,181104
QL001969,Q00981,P03,1,104649
QL001970,Q00982,P02,1,51959
QL001971,Q00982,P10,1,39765
QL001972,Q00983,P09,1,140800
QL001973,Q00983,P03,1,78174
QL001974,Q00984,P10,1,71094
QL001975,Q00984,P04,1,69750
QL001976,Q00984,P07,1,4825
QL001977,Q00985,P10,1,192275
QL001978,Q00985,P08,1,40462
QL001979,Q00985,P03,1,5808
QL001980,Q00986,P12,1,147772
QL001981,Q00986,P09,1,25525
QL001982,Q00986,P08,1,4486
QL001983,Q00987,P04,1,139028
QL001984,Q00988,P07,1,43331
QL001985,Q00988,P06,1,150158
QL001986,Q00989,P10,1,24118
QL001987,Q00989,P08,1,131464
QL001988,Q00990,P05,1,27815
QL001989,Q00991,P03,1,59596
QL001990,Q00991,P06,1,3084
QL001991,Q00991,P09,1,4326
QL001992,Q00992,P07,1,139040
QL001993,Q00992,P04,1,5105
QL001994,Q00992,P01,1,1279
QL001995,Q00993,P08,1,13550
QL001996,Q00993,P09,1,54335
QL001997,Q00994,P05,1,28329
QL001998,Q00994,P06,1,136284
QL001999,Q00995,P11,1,85723
QL002000,Q00996,P06,1,137391
QL002001,Q00996,P05,1,71233
QL002002,Q00997,P10,1,8907
QL002003,Q00997,P03,1,3269
QL002004,Q00997,P03,1,1451
QL002005,Q00998,P10,1,81511
QL002006,Q00999,P03,1,116404
QL002007,Q00999,P09,1,114385
QL002008,Q00999,P04,1,33601
QL002009,Q01000,P03,1,190610
QL002010,Q01001,P06,1,105565
QL002011,Q01001,P01,1,13204
QL002012,Q01002,P03,1,248279
QL002013,Q01003,P11,1,137555
QL002014,Q01003,P12,1,115425
QL002015,Q01004,P07,1,233980
QL002016,Q01005,P10,1,103354
QL002017,Q01005,P10,1,52612
QL002018,Q01005,P09,1,34657
QL002019,Q01006,P11,1,211090
QL002020,Q01007,P07,1,272078
QL002021,Q01008,P12,1,94959
QL002022,Q01008,P06,1,21511
QL002023,Q01009,P04,1,270482
QL002024,Q01010,P12,1,142521
QL002025,Q01010,P06,1,66240
QL002026,Q01010,P10,1,45285
QL002027,Q01011,P11,1,44012
QL002028,Q01011,P11,1,112862
QL002029,Q01012,P02,1,2372
QL002030,Q01012,P07,1,13921
QL002031,Q01012,P07,1,53189
QL002032,Q01013,P04,1,2252
QL002033,Q01013,P04,1,9094
QL002034,Q01013,P09,1,67723
QL002035,Q01014,P07,1,15974
QL002036,Q01014,P02,1,69805
QL002037,Q01015,P12,1,124423
QL002038,Q01016,P11,1,47267
QL002039,Q01016,P09,1,21708
QL002040,Q01017,P08,1,80410
QL002041,Q01017,P08,1,102782
QL002042,Q01018,P06,1,204037
QL002043,Q01018,P10,1,1174
QL002044,Q01018,P03,1,1063
QL002045,Q01019,P08,1,49123
QL002046,Q01020,P06,1,246511
QL002047,Q01021,P10,1,50221
QL002048,Q01021,P01,1,188288
QL002049,Q01022,P07,1,62436
QL002050,Q01022,P03,1,233114
QL002051,Q01023,P06,1,146597
QL002052,Q01023,P08,1,4407
QL002053,Q01023,P03,1,109662
QL002054,Q01024,P09,1,170097
QL002055,Q01024,P03,1,3277
QL002056,Q01024,P12,1,10712
QL002057,Q01025,P03,1,21482
QL002058,Q01025,P06,1,62505
QL002059,Q01026,P12,1,59609
QL002060,Q01027,P11,1,25918
QL002061,Q01027,P09,1,1702
QL002062,Q01027,P08,1,1062
QL002063,Q01028,P02,1,94129
QL002064,Q01028,P01,1,93050
QL002065,Q01029,P05,1,230901
QL002066,Q01029,P07,1,9328
QL002067,Q01030,P09,1,298075
QL002068,Q01031,P12,1,64945
QL002069,Q01031,P02,1,152252
QL002070,Q01032,P08,1,123377
QL002071,Q01032,P08,1,1892
QL002072,Q01032,P05,1,10638
QL002073,Q01033,P01,1,23180
QL002074,Q01033,P07,1,191565
QL002075,Q01034,P01,1,53994
QL002076,Q01034,P01,1,29001
QL002077,Q01035,P05,1,83382
QL002078,Q01036,P12,1,86427
QL002079,Q01037,P10,1,63386
QL002080,Q01037,P05,1,21954
QL002081,Q01037,P04,1,28664
QL002082,Q01038,P09,1,77785
QL002083,Q01038,P02,1,123846
QL002084,Q01038,P11,1,65103
QL002085,Q01039,P08,1,6035
QL002086,Q01039,P09,1,194724
QL002087,Q01040,P09,1,214177
QL002088,Q01040,P08,1,74250
QL002089,Q01041,P07,1,125452
QL002090,Q01041,P01,1,9629
QL002091,Q01042,P07,1,149782
QL002092,Q01043,P01,1,285674
QL002093,Q01044,P03,1,279089
QL002094,Q01045,P11,1,15661
QL002095,Q01045,P12,1,1088
QL002096,Q01045,P09,1,60998
QL002097,Q01046,P03,1,106105
QL002098,Q01046,P05,1,190885
QL002099,Q01047,P10,1,59436
QL002100,Q01047,P08,1,1145
QL002101,Q01047,P05,1,12921
QL002102,Q01048,P09,1,94732
QL002103,Q01048,P02,1,123443
QL002104,Q01048,P07,1,4143
QL002105,Q01049,P09,1,9985
QL002106,Q01049,P07,1,220814
QL002107,Q01049,P10,1,44758
QL002108,Q01050,P10,1,277872
QL002109,Q01050,P02,1,13554
QL002110,Q01051,P08,1,138542
QL002111,Q01051,P09,1,127298
QL002112,Q01052,P09,1,64061
QL002113,Q01053,P10,1,83259
QL002114,Q01053,P05,1,20889
QL002115,Q01054,P11,1,85872
QL002116,Q01055,P11,1,46441
QL002117,Q01055,P05,1,3184
QL002118,Q01056,P07,1,258219
QL002119,Q01057,P03,1,3233
QL002120,Q01057,P06,1,29579
QL002121,Q01058,P07,1,153973
QL002122,Q01058,P09,1,126795
QL002123,Q01058,P10,1,14323
QL002124,Q01059,P07,1,82523
QL002125,Q01059,P02,1,38209
QL002126,Q01059,P08,1,37063
QL002127,Q01060,P01,1,175019
QL002128,Q01060,P07,1,71728
QL002129,Q01060,P04,1,9742
QL002130,Q01061,P04,1,34499
QL002131,Q01061,P01,1,70665
QL002132,Q01062,P08,1,95111
QL002133,Q01062,P07,1,3259
QL002134,Q01063,P06,1,85215
QL002135,Q01063,P03,1,83325
QL002136,Q01064,P08,1,149142
QL002137,Q01064,P03,1,69591
QL002138,Q01065,P07,1,197367
QL002139,Q01066,P06,1,4780
QL002140,Q01066,P06,1,1826
QL002141,Q01066,P06,1,4896
QL002142,Q01067,P06,1,62650
QL002143,Q01067,P11,1,28474
QL002144,Q01067,P01,1,157224
QL002145,Q01068,P09,1,66947
QL002146,Q01068,P11,1,121768
QL002147,Q01068,P07,1,24033
QL002148,Q01069,P06,1,4255
QL002149,Q01069,P05,1,137122
QL002150,Q01070,P05,1,17239
QL002151,Q01070,P06,1,91410
QL002152,Q01071,P06,1,6522
QL002153,Q01071,P09,1,3125
QL002154,Q01071,P10,1,3645
QL002155,Q01072,P07,1,29063
QL002156,Q01073,P04,1,47551
QL002157,Q01073,P09,1,236901
QL002158,Q01074,P10,1,88451
QL002159,Q01075,P06,1,14309
QL002160,Q01075,P04,1,3172
QL002161,Q01075,P09,1,8891
QL002162,Q01076,P11,1,240676
QL002163,Q01077,P02,1,273180
QL002164,Q01078,P12,1,76919
QL002165,Q01079,P12,1,283626
QL002166,Q01080,P03,1,124813
QL002167,Q01080,P01,1,122271
QL002168,Q01081,P08,1,169110
QL002169,Q01081,P08,1,3166
QL002170,Q01081,P12,1,3707
QL002171,Q01082,P11,1,16377
QL002172,Q01082,P05,1,1644
QL002173,Q01082,P03,1,71090
QL002174,Q01083,P08,1,148994
QL002175,Q01084,P12,1,64762
QL002176,Q01084,P05,1,18570
QL002177,Q01084,P03,1,121048
QL002178,Q01085,P07,1,181576
QL002179,Q01086,P03,1,25446
QL002180,Q01087,P05,1,111947
QL002181,Q01087,P07,1,50759
QL002182,Q01088,P02,1,271790
QL002183,Q01089,P01,1,108732
QL002184,Q01089,P09,1,5894
QL002185,Q01090,P07,1,40136
QL002186,Q01090,P06,1,9629
QL002187,Q01090,P03,1,7049
QL002188,Q01091,P07,1,92380
QL002189,Q01091,P05,1,5086
QL002190,Q01091,P12,1,14180
QL002191,Q01092,P01,1,138076
QL002192,Q01092,P12,1,53704
QL002193,Q01093,P11,1,51005
QL002194,Q01094,P10,1,133706
QL002195,Q01095,P07,1,16771
QL002196,Q01095,P07,1,147122
QL002197,Q01095,P07,1,120125
QL002198,Q01096,P07,1,109251
QL002199,Q01096,P11,1,73062
QL002200,Q01096,P10,1,16620
QL002201,Q01097,P06,1,108885
QL002202,Q01097,P02,1,63482
QL002203,Q01098,P06,1,113933
QL002204,Q01098,P03,1,4331
QL002205,Q01098,P04,1,104888
QL002206,Q01099,P12,1,113249
QL002207,Q01100,P03,1,73030
QL002208,Q01100,P11,1,92566
QL002209,Q01100,P01,1,44213
QL002210,Q01101,P11,1,111852
QL002211,Q01101,P07,1,39447
QL002212,Q01101,P06,1,16752
QL002213,Q01102,P02,1,72200
QL002214,Q01102,P04,1,20045
QL002215,Q01102,P07,1,168872
QL002216,Q01103,P04,1,97474
QL002217,Q01103,P03,1,101067
QL002218,Q01104,P01,1,17629
QL002219,Q01104,P05,1,19867
QL002220,Q01104,P07,1,179435
QL002221,Q01105,P10,1,81197
QL002222,Q01105,P12,1,7601
QL002223,Q01106,P02,1,112695
QL002224,Q01107,P12,1,220990
QL002225,Q01108,P07,1,66329
QL002226,Q01109,P05,1,23814
QL002227,Q01109,P06,1,53277
QL002228,Q01109,P03,1,128676
QL002229,Q01110,P12,1,32625
QL002230,Q01111,P06,1,43946
QL002231,Q01111,P03,1,36381
QL002232,Q01112,P03,1,99249
QL002233,Q01112,P09,1,10849
QL002234,Q01112,P09,1,11754
QL002235,Q01113,P04,1,3832
QL002236,Q01113,P02,1,87982
QL002237,Q01114,P08,1,102740
QL002238,Q01114,P08,1,12315
QL002239,Q01114,P06,1,12129
QL002240,Q01115,P02,1,8641
QL002241,Q01115,P11,1,65080
QL002242,Q01116,P03,1,54511
QL002243,Q01116,P02,1,25239
QL002244,Q01117,P11,1,3596
QL002245,Q01117,P09,1,52980
QL002246,Q01118,P06,1,76718
QL002247,Q01118,P05,1,6280
QL002248,Q01119,P05,1,208497
QL002249,Q01119,P10,1,58097
QL002250,Q01119,P01,1,14071
QL002251,Q01120,P01,1,45954
QL002252,Q01120,P08,1,2342
QL002253,Q01120,P05,1,10589
QL002254,Q01121,P05,1,44501
QL002255,Q01121,P04,1,70121
QL002256,Q01122,P11,1,129500
QL002257,Q01122,P10,1,25362
QL002258,Q01122,P09,1,21667
QL002259,Q01123,P06,1,10760
QL002260,Q01123,P02,1,1283
QL002261,Q01123,P12,1,2605
QL002262,Q01124,P02,1,146584
QL002263,Q01125,P03,1,283591
QL002264,Q01126,P08,1,110745
QL002265,Q01126,P09,1,35347
QL002266,Q01127,P10,1,241915
QL002267,Q01127,P03,1,18461
QL002268,Q01128,P07,1,55855
QL002269,Q01128,P04,1,144124
QL002270,Q01128,P06,1,65772
QL002271,Q01129,P07,1,51689
QL002272,Q01130,P05,1,6942
QL002273,Q01130,P04,1,133479
QL002274,Q01130,P11,1,71877
QL002275,Q01131,P07,1,27949
QL002276,Q01131,P06,1,162146
QL002277,Q01132,P04,1,42829
QL002278,Q01132,P10,1,17843
QL002279,Q01132,P10,1,80834
QL002280,Q01133,P05,1,126059
QL002281,Q01134,P05,1,32478
QL002282,Q01134,P10,1,1851
QL002283,Q01135,P05,1,87381
QL002284,Q01136,P03,1,66965
QL002285,Q01137,P05,1,2693
QL002286,Q01137,P02,1,276130
QL002287,Q01138,P04,1,60063
QL002288,Q01138,P08,1,78322
QL002289,Q01138,P03,1,61111
QL002290,Q01139,P10,1,228006
QL002291,Q01139,P04,1,10944
QL002292,Q01140,P10,1,80785
QL002293,Q01140,P02,1,57401
QL002294,Q01140,P04,1,71433
QL002295,Q01141,P09,1,63918
QL002296,Q01141,P11,1,191452
QL002297,Q01142,P11,1,109991
QL002298,Q01142,P03,1,93352
QL002299,Q01143,P04,1,72461
QL002300,Q01143,P06,1,79250
QL002301,Q01143,P07,1,77441
QL002302,Q01144,P07,1,48443
QL002303,Q01145,P12,1,77230
QL002304,Q01145,P10,1,3180
QL002305,Q01145,P06,1,7793
QL002306,Q01146,P04,1,2877
QL002307,Q01146,P07,1,14568
QL002308,Q01147,P03,1,42733
QL002309,Q01147,P02,1,91216
QL002310,Q01148,P02,1,183751
QL002311,Q01149,P05,1,3604
QL002312,Q01149,P05,1,6477
QL002313,Q01149,P11,1,5986
QL002314,Q01150,P07,1,47824
QL002315,Q01150,P12,1,88228
QL002316,Q01151,P01,1,176221
QL002317,Q01151,P01,1,14236
QL002318,Q01151,P11,1,11020
QL002319,Q01152,P02,1,62101
QL002320,Q01152,P05,1,8157
QL002321,Q01152,P09,1,36436
QL002322,Q01153,P04,1,9300
QL002323,Q01153,P04,1,6751
QL002324,Q01153,P03,1,14371
QL002325,Q01154,P08,1,81658
QL002326,Q01154,P11,1,109138
QL002327,Q01154,P12,1,4449
QL002328,Q01155,P02,1,299512
QL002329,Q01156,P08,1,90873
QL002330,Q01156,P07,1,124100
QL002331,Q01156,P03,1,61943
QL002332,Q01157,P01,1,7370
QL002333,Q01157,P10,1,30559
QL002334,Q01158,P07,1,86254
QL002335,Q01158,P05,1,86088
QL002336,Q01159,P12,1,114873
QL002337,Q01160,P07,1,228697
QL002338,Q01161,P03,1,155205
QL002339,Q01161,P12,1,5666
QL002340,Q01162,P01,1,21754
QL002341,Q01162,P12,1,24788
QL002342,Q01162,P03,1,11861
QL002343,Q01163,P01,1,114806
QL002344,Q01164,P09,1,198267
QL002345,Q01165,P05,1,295040
QL002346,Q01166,P02,1,179461
QL002347,Q01167,P10,1,57578
QL002348,Q01168,P03,1,84925
QL002349,Q01168,P06,1,156435
QL002350,Q01169,P06,1,138561
QL002351,Q01169,P08,1,115994
QL002352,Q01169,P06,1,2352
QL002353,Q01170,P12,1,29495
QL002354,Q01170,P09,1,6703
QL002355,Q01171,P08,1,107223
QL002356,Q01171,P08,1,161881
QL002357,Q01172,P12,1,15944
QL002358,Q01173,P12,1,8747
QL002359,Q01173,P03,1,26628
QL002360,Q01173,P11,1,36997
QL002361,Q01174,P08,1,89285
QL002362,Q01174,P06,1,29849
QL002363,Q01174,P03,1,170838
QL002364,Q01175,P01,1,169444
QL002365,Q01175,P05,1,9055
QL002366,Q01175,P12,1,22994
QL002367,Q01176,P09,1,59987
QL002368,Q01176,P11,1,28262
QL002369,Q01176,P10,1,1184
QL002370,Q01177,P08,1,186781
QL002371,Q01177,P10,1,21179
QL002372,Q01177,P02,1,1723
QL002373,Q01178,P04,1,198394
QL002374,Q01178,P12,1,5098
QL002375,Q01178,P08,1,7401
QL002376,Q01179,P01,1,36782
QL002377,Q01179,P05,1,11272
QL002378,Q01180,P01,1,171502
QL002379,Q01181,P01,1,263741
QL002380,Q01182,P09,1,125617
QL002381,Q01182,P07,1,15274
QL002382,Q01182,P12,1,1317
QL002383,Q01183,P06,1,65219
QL002384,Q01184,P05,1,125361
QL002385,Q01185,P04,1,13779
QL002386,Q01185,P04,1,3101
QL002387,Q01186,P09,1,16165
QL002388,Q01186,P09,1,41063
QL002389,Q01187,P10,1,131066
QL002390,Q01187,P09,1,155185
QL002391,Q01188,P12,1,29157
QL002392,Q01188,P04,1,49041
QL002393,Q01188,P09,1,94877
QL002394,Q01189,P05,1,59790
QL002395,Q01189,P01,1,25566
QL002396,Q01190,P01,1,127331
QL002397,Q01190,P10,1,3432
QL002398,Q01190,P06,1,71973
QL002399,Q01191,P06,1,118194
QL002400,Q01192,P05,1,17407
QL002401,Q01193,P11,1,247427
QL002402,Q01194,P07,1,167137
QL002403,Q01194,P01,1,52701
QL002404,Q01195,P02,1,238647
QL002405,Q01195,P09,1,1350
QL002406,Q01195,P02,1,10404
QL002407,Q01196,P04,1,133826
QL002408,Q01196,P03,1,70318
QL002409,Q01197,P06,1,53970
QL002410,Q01198,P12,1,91085
QL002411,Q01198,P08,1,15645
QL002412,Q01198,P11,1,20113
QL002413,Q01199,P02,1,48449
QL002414,Q01199,P01,1,143718
QL002415,Q01200,P10,1,21464
QL002416,Q01200,P04,1,26568
QL002417,Q01200,P01,1,12353
QL002418,Q01201,P01,1,132390
QL002419,Q01202,P03,1,115227
QL002420,Q01203,P05,1,32649
QL002421,Q01203,P01,1,21410
QL002422,Q01204,P02,1,32559
QL002423,Q01204,P03,1,119920
QL002424,Q01204,P11,1,14981
QL002425,Q01205,P06,1,185012
QL002426,Q01206,P03,1,117917
QL002427,Q01207,P07,1,271687
QL002428,Q01208,P04,1,5954
QL002429,Q01208,P10,1,2847
QL002430,Q01208,P05,1,2240
QL002431,Q01209,P04,1,22654
QL002432,Q01209,P12,1,155373
QL002433,Q01209,P04,1,23800
QL002434,Q01210,P07,1,28610
QL002435,Q01210,P12,1,1485
QL002436,Q01210,P06,1,79110
QL002437,Q01211,P09,1,116382
QL002438,Q01212,P08,1,5797
QL002439,Q01212,P09,1,24081
QL002440,Q01212,P05,1,2734
QL002441,Q01213,P12,1,6292
QL002442,Q01213,P05,1,4465
QL002443,Q01214,P06,1,148498
QL002444,Q01214,P07,1,14152
QL002445,Q01215,P03,1,183374
QL002446,Q01215,P04,1,2498
QL002447,Q01215,P03,1,13045
QL002448,Q01216,P01,1,98409
QL002449,Q01217,P07,1,87139
QL002450,Q01218,P04,1,44630
QL002451,Q01218,P07,1,11759
QL002452,Q01219,P08,1,112816
QL002453,Q01219,P10,1,7636
QL002454,Q01219,P07,1,40518
QL002455,Q01220,P08,1,130425
QL002456,Q01220,P04,1,6636
QL002457,Q01221,P07,1,21041
QL002458,Q01221,P12,1,108908
QL002459,Q01222,P08,1,65864
QL002460,Q01222,P02,1,66191
QL002461,Q01222,P10,1,18888
QL002462,Q01223,P03,1,34631
QL002463,Q01223,P09,1,200943
QL002464,Q01224,P11,1,133270
QL002465,Q01225,P05,1,75645
QL002466,Q01225,P11,1,191334
QL002467,Q01226,P06,1,130661
QL002468,Q01226,P11,1,119736
QL002469,Q01227,P08,1,175446
QL002470,Q01228,P06,1,232504
QL002471,Q01228,P01,1,13489
QL002472,Q01228,P10,1,46993
QL002473,Q01229,P06,1,63452
QL002474,Q01229,P06,1,231756
QL002475,Q01230,P03,1,191881
QL002476,Q01230,P12,1,39548
QL002477,Q01230,P02,1,1825
QL002478,Q01231,P01,1,207435
QL002479,Q01231,P02,1,3374
QL002480,Q01231,P12,1,39378
QL002481,Q01232,P01,1,23083
QL002482,Q01232,P08,1,17799
QL002483,Q01233,P03,1,82056
QL002484,Q01233,P06,1,38571
QL002485,Q01234,P04,1,211803
QL002486,Q01234,P01,1,65755
QL002487,Q01235,P04,1,47647
QL002488,Q01235,P07,1,209527
QL002489,Q01236,P10,1,113997
QL002490,Q01236,P11,1,68408
QL002491,Q01236,P01,1,24933
QL002492,Q01237,P09,1,202689
QL002493,Q01238,P08,1,212780
QL002494,Q01238,P05,1,12743
QL002495,Q01238,P01,1,5565
QL002496,Q01239,P03,1,49376
QL002497,Q01240,P07,1,96472
QL002498,Q01240,P04,1,133794
QL002499,Q01241,P09,1,138534
QL002500,Q01241,P10,1,5661
QL002501,Q01242,P04,1,182488
QL002502,Q01242,P03,1,1372
QL002503,Q01242,P08,1,6874
QL002504,Q01243,P06,1,228547
QL002505,Q01244,P03,1,131822
QL002506,Q01245,P05,1,98053
QL002507,Q01245,P02,1,15241
QL002508,Q01245,P09,1,73265
QL002509,Q01246,P01,1,47229
QL002510,Q01246,P10,1,78897
QL002511,Q01246,P03,1,39410
QL002512,Q01247,P12,1,117122
QL002513,Q01247,P05,1,129549
QL002514,Q01248,P09,1,206128
QL002515,Q01249,P10,1,172991
QL002516,Q01249,P07,1,74796
QL002517,Q01250,P09,1,64465
QL002518,Q01250,P03,1,25540
QL002519,Q01250,P12,1,92835
QL002520,Q01251,P06,1,107668
QL002521,Q01251,P04,1,12670
QL002522,Q01252,P05,1,2564
QL002523,Q01252,P11,1,12337
QL002524,Q01252,P06,1,66590
QL002525,Q01253,P03,1,85427
QL002526,Q01254,P01,1,219242
QL002527,Q01255,P11,1,38618
QL002528,Q01255,P11,1,9397
QL002529,Q01255,P02,1,127540
QL002530,Q01256,P07,1,69196
QL002531,Q01256,P01,1,49252
QL002532,Q01257,P03,1,277526
QL002533,Q01258,P08,1,255482
QL002534,Q01259,P07,1,132888
QL002535,Q01259,P09,1,76367
QL002536,Q01260,P04,1,281358
QL002537,Q01261,P02,1,26222
QL002538,Q01261,P06,1,112288
QL002539,Q01262,P07,1,132470
QL002540,Q01262,P06,1,162484
QL002541,Q01263,P01,1,13049
QL002542,Q01264,P12,1,250939
QL002543,Q01265,P01,1,211183
QL002544,Q01266,P02,1,108979
QL002545,Q01267,P01,1,12562
QL002546,Q01267,P07,1,100562
QL002547,Q01268,P03,1,76623
QL002548,Q01268,P02,1,14963
QL002549,Q01268,P08,1,12080
QL002550,Q01269,P04,1,276761
QL002551,Q01269,P02,1,1790
QL002552,Q01269,P04,1,8104
QL002553,Q01270,P04,1,87437
QL002554,Q01270,P05,1,3954
QL002555,Q01271,P03,1,4889
QL002556,Q01271,P04,1,166379
QL002557,Q01272,P07,1,51939
QL002558,Q01272,P06,1,54775
QL002559,Q01273,P09,1,133897
QL002560,Q01273,P08,1,31888
QL002561,Q01273,P09,1,111812
QL002562,Q01274,P05,1,99517
QL002563,Q01275,P08,1,34309
QL002564,Q01275,P10,1,79819
QL002565,Q01275,P01,1,18444
QL002566,Q01276,P03,1,42009
QL002567,Q01276,P03,1,98072
QL002568,Q01276,P06,1,105087
QL002569,Q01277,P09,1,64997
QL002570,Q01277,P01,1,46912
QL002571,Q01278,P06,1,93475
QL002572,Q01278,P04,1,113778
QL002573,Q01279,P08,1,210862
QL002574,Q01280,P06,1,56331
QL002575,Q01281,P02,1,186922
QL002576,Q01281,P05,1,7900
QL002577,Q01282,P12,1,262725
QL002578,Q01283,P08,1,81616
QL002579,Q01283,P03,1,14398
QL002580,Q01283,P02,1,96057
QL002581,Q01284,P04,1,121800
QL002582,Q01284,P12,1,171213
QL002583,Q01285,P04,1,4353
QL002584,Q01285,P07,1,75774
QL002585,Q01286,P01,1,43150
QL002586,Q01287,P08,1,230421
QL002587,Q01287,P03,1,21234
QL002588,Q01287,P12,1,38860
QL002589,Q01288,P05,1,160820
QL002590,Q01288,P05,1,65163
QL002591,Q01288,P02,1,16189
QL002592,Q01289,P04,1,265802
QL002593,Q01290,P06,1,23868
QL002594,Q01290,P03,1,65842
QL002595,Q01290,P02,1,123358
QL002596,Q01291,P11,1,208043
QL002597,Q01292,P01,1,219322
QL002598,Q01293,P02,1,263830
QL002599,Q01294,P10,1,172252
QL002600,Q01295,P06,1,7905
QL002601,Q01295,P11,1,29209
QL002602,Q01295,P10,1,3291
QL002603,Q01296,P02,1,92442
QL002604,Q01297,P04,1,203005
QL002605,Q01297,P08,1,47123
QL002606,Q01297,P02,1,7597
QL002607,Q01298,P04,1,32309
QL002608,Q01299,P08,1,260257
QL002609,Q01300,P04,1,133941
QL002610,Q01300,P03,1,101145
QL002611,Q01301,P12,1,26729
QL002612,Q01301,P02,1,37659
QL002613,Q01302,P04,1,91409
QL002614,Q01302,P02,1,32466
QL002615,Q01302,P12,1,6784
QL002616,Q01303,P02,1,235183
QL002617,Q01304,P12,1,157002
QL002618,Q01305,P12,1,254490
QL002619,Q01306,P05,1,173258
QL002620,Q01307,P04,1,28671
QL002621,Q01308,P08,1,253561
QL002622,Q01309,P10,1,288395
QL002623,Q01310,P02,1,148809
QL002624,Q01310,P12,1,25402
QL002625,Q01311,P09,1,176026
QL002626,Q01311,P10,1,10000
QL002627,Q01311,P02,1,47573
QL002628,Q01312,P02,1,11958
QL002629,Q01312,P03,1,71449
QL002630,Q01313,P10,1,23048
QL002631,Q01313,P10,1,33603
QL002632,Q01313,P01,1,133383
QL002633,Q01314,P11,1,33333
QL002634,Q01314,P07,1,4159
QL002635,Q01315,P11,1,42589
QL002636,Q01315,P06,1,53099
QL002637,Q01316,P09,1,171350
QL002638,Q01316,P06,1,68530
QL002639,Q01316,P08,1,21881
QL002640,Q01317,P02,1,296219
QL002641,Q01318,P05,1,15467
QL002642,Q01318,P07,1,17564
QL002643,Q01318,P03,1,24843
QL002644,Q01319,P12,1,95236
QL002645,Q01320,P06,1,267175
QL002646,Q01321,P02,1,1384
QL002647,Q01321,P12,1,24885
QL002648,Q01322,P02,1,70928
QL002649,Q01322,P09,1,56818
QL002650,Q01322,P12,1,133533
QL002651,Q01323,P08,1,64515
QL002652,Q01323,P12,1,14929
QL002653,Q01324,P10,1,19347
QL002654,Q01324,P03,1,272734
QL002655,Q01325,P12,1,83017
QL002656,Q01325,P01,1,73057
QL002657,Q01325,P12,1,96800
QL002658,Q01326,P02,1,206376
QL002659,Q01326,P09,1,10520
QL002660,Q01326,P12,1,82567
QL002661,Q01327,P11,1,1563
QL002662,Q01327,P06,1,26216
QL002663,Q01328,P03,1,114480
QL002664,Q01328,P06,1,133772
QL002665,Q01328,P07,1,22100
QL002666,Q01329,P05,1,65078
QL002667,Q01329,P12,1,57311
QL002668,Q01329,P10,1,15094
QL002669,Q01330,P11,1,7406
QL002670,Q01330,P11,1,156039
QL002671,Q01331,P02,1,127586
QL002672,Q01331,P09,1,36334
QL002673,Q01332,P05,1,95784
QL002674,Q01333,P07,1,75122
QL002675,Q01333,P12,1,212970
QL002676,Q01334,P02,1,146583
QL002677,Q01334,P11,1,77301
QL002678,Q01334,P09,1,60257
QL002679,Q01335,P04,1,46664
QL002680,Q01335,P07,1,81738
QL002681,Q01336,P10,1,28456
QL002682,Q01336,P08,1,57731
QL002683,Q01337,P04,1,126673
QL002684,Q01337,P05,1,47925
QL002685,Q01338,P12,1,253795
QL002686,Q01339,P08,1,12173
QL002687,Q01339,P11,1,7737
QL002688,Q01339,P07,1,96106
QL002689,Q01340,P02,1,212808
QL002690,Q01341,P10,1,93053
QL002691,Q01341,P05,1,15347
QL002692,Q01342,P12,1,224705
QL002693,Q01342,P07,1,8583
QL002694,Q01343,P09,1,122297
QL002695,Q01343,P09,1,93689
QL002696,Q01344,P01,1,292284
QL002697,Q01344,P08,1,7443
QL002698,Q01345,P05,1,93256
QL002699,Q01345,P02,1,116392
QL002700,Q01346,P04,1,45490
QL002701,Q01346,P05,1,35533
QL002702,Q01346,P07,1,95887
QL002703,Q01347,P03,1,32039
QL002704,Q01347,P07,1,210175
QL002705,Q01347,P11,1,12987
QL002706,Q01348,P12,1,13527
QL002707,Q01348,P11,1,38407
QL002708,Q01349,P07,1,207129
QL002709,Q01350,P08,1,163730
QL002710,Q01351,P02,1,14901
QL002711,Q01351,P04,1,207021
QL002712,Q01352,P08,1,29922
QL002713,Q01352,P09,1,6232
QL002714,Q01352,P06,1,6200
QL002715,Q01353,P08,1,92416
QL002716,Q01354,P07,1,37500
QL002717,Q01354,P04,1,5232
QL002718,Q01354,P04,1,41207
QL002719,Q01355,P12,1,23553
QL002720,Q01355,P11,1,143119
QL002721,Q01355,P02,1,7714
QL002722,Q01356,P07,1,129334
QL002723,Q01356,P05,1,22670
QL002724,Q01356,P02,1,53362
QL002725,Q01357,P02,1,211214
QL002726,Q01358,P08,1,13741
QL002727,Q01358,P10,1,15260
QL002728,Q01359,P08,1,160671
QL002729,Q01359,P06,1,4214
QL002730,Q01359,P01,1,6977
QL002731,Q01360,P07,1,51510
QL002732,Q01361,P05,1,158125
QL002733,Q01361,P07,1,18337
QL002734,Q01362,P04,1,227721
QL002735,Q01362,P11,1,15019
QL002736,Q01363,P12,1,17748
QL002737,Q01363,P04,1,61288
QL002738,Q01364,P11,1,29590
QL002739,Q01364,P02,1,61843
QL002740,Q01364,P10,1,14706
QL002741,Q01365,P06,1,86910
QL002742,Q01365,P04,1,16533
QL002743,Q01366,P11,1,83863
QL002744,Q01367,P07,1,270257
QL002745,Q01367,P04,1,8683
QL002746,Q01368,P08,1,34770
QL002747,Q01368,P09,1,4665
QL002748,Q01368,P12,1,7708
QL002749,Q01369,P05,1,279282
QL002750,Q01370,P08,1,50478
QL002751,Q01370,P02,1,181888
QL002752,Q01371,P08,1,241213
QL002753,Q01372,P12,1,31477
QL002754,Q01372,P10,1,21269
QL002755,Q01373,P12,1,114049
QL002756,Q01373,P10,1,7354
QL002757,Q01373,P06,1,45904
QL002758,Q01374,P05,1,67214
QL002759,Q01374,P05,1,67339
QL002760,Q01375,P02,1,149532
QL002761,Q01375,P12,1,66468
QL002762,Q01376,P08,1,13794
QL002763,Q01376,P01,1,117375
QL002764,Q01377,P12,1,256631
QL002765,Q01377,P12,1,9133
QL002766,Q01378,P08,1,34330
QL002767,Q01378,P04,1,30973
QL002768,Q01378,P11,1,25085
QL002769,Q01379,P07,1,198195
QL002770,Q01380,P05,1,262398
QL002771,Q01381,P02,1,38052
QL002772,Q01381,P09,1,102618
QL002773,Q01382,P06,1,100926
QL002774,Q01383,P08,1,18715
QL002775,Q01383,P04,1,27051
QL002776,Q01384,P04,1,7274
QL002777,Q01384,P09,1,91781
QL002778,Q01384,P01,1,47802
QL002779,Q01385,P05,1,23749
QL002780,Q01385,P11,1,54232
QL002781,Q01386,P02,1,14761
QL002782,Q01386,P12,1,26358
QL002783,Q01387,P04,1,272149
QL002784,Q01388,P12,1,22832
QL002785,Q01389,P05,1,42140
QL002786,Q01390,P09,1,199290
QL002787,Q01391,P08,1,7895
QL002788,Q01391,P03,1,53541
QL002789,Q01391,P10,1,223695
QL002790,Q01392,P10,1,248258
QL002791,Q01393,P04,1,19256
QL002792,Q01394,P01,1,52133
QL002793,Q01395,P10,1,50386
QL002794,Q01395,P03,1,21192
QL002795,Q01395,P08,1,31277
QL002796,Q01396,P06,1,205178
QL002797,Q01396,P09,1,11740
QL002798,Q01397,P11,1,120632
QL002799,Q01397,P07,1,6772
QL002800,Q01398,P02,1,77340
QL002801,Q01398,P08,1,23836
QL002802,Q01398,P06,1,91220
QL002803,Q01399,P07,1,93830
QL002804,Q01399,P02,1,173462
QL002805,Q01400,P11,1,250385
QL002806,Q01400,P04,1,42893
QL002807,Q01401,P07,1,77258
QL002808,Q01401,P02,1,94663
QL002809,Q01402,P02,1,56317
QL002810,Q01403,P08,1,78822
QL002811,Q01403,P04,1,100134
QL002812,Q01404,P07,1,161210
QL002813,Q01405,P09,1,205986
QL002814,Q01405,P05,1,69458
QL002815,Q01406,P12,1,88969
QL002816,Q01406,P08,1,55262
QL002817,Q01406,P01,1,145047
QL002818,Q01407,P06,1,108640
QL002819,Q01407,P04,1,48241
QL002820,Q01407,P10,1,12467
QL002821,Q01408,P11,1,44478
QL002822,Q01408,P06,1,2956
QL002823,Q01408,P06,1,3201
QL002824,Q01409,P12,1,195177
QL002825,Q01409,P07,1,11842
QL002826,Q01409,P10,1,10731
QL002827,Q01410,P03,1,64226
QL002828,Q01410,P10,1,115357
QL002829,Q01411,P08,1,161738
QL002830,Q01412,P10,1,214764
QL002831,Q01413,P01,1,171512
QL002832,Q01413,P11,1,49358
QL002833,Q01414,P10,1,142936
QL002834,Q01415,P08,1,145504
QL002835,Q01416,P12,1,116019
QL002836,Q01416,P07,1,2144
QL002837,Q01416,P07,1,18575
QL002838,Q01417,P03,1,182562
QL002839,Q01417,P03,1,40727
QL002840,Q01418,P03,1,161034
QL002841,Q01418,P07,1,94566
QL002842,Q01419,P02,1,47476
QL002843,Q01419,P04,1,88518
QL002844,Q01419,P03,1,80606
QL002845,Q01420,P07,1,146563
QL002846,Q01421,P09,1,24856
QL002847,Q01421,P04,1,52255
QL002848,Q01422,P05,1,120386
QL002849,Q01422,P03,1,87621
QL002850,Q01423,P08,1,17185
QL002851,Q01423,P07,1,20935
QL002852,Q01424,P07,1,280006
QL002853,Q01425,P03,1,83472
QL002854,Q01425,P05,1,23862
QL002855,Q01426,P02,1,111915
QL002856,Q01426,P05,1,6117
QL002857,Q01426,P08,1,4297
QL002858,Q01427,P12,1,150771
QL002859,Q01427,P04,1,7557
QL002860,Q01427,P03,1,25722
QL002861,Q01428,P03,1,1399
QL002862,Q01428,P01,1,93305
QL002863,Q01429,P07,1,208909
QL002864,Q01429,P02,1,38699
QL002865,Q01429,P05,1,49248
QL002866,Q01430,P06,1,261430
QL002867,Q01431,P12,1,48894
QL002868,Q01431,P12,1,21343
QL002869,Q01431,P02,1,67530
QL002870,Q01432,P05,1,245893
QL002871,Q01433,P07,1,69145
QL002872,Q01434,P10,1,207845
QL002873,Q01435,P10,1,29432
QL002874,Q01435,P11,1,30808
QL002875,Q01436,P02,1,4754
QL002876,Q01436,P04,1,51029
QL002877,Q01437,P10,1,178773
QL002878,Q01437,P11,1,100836
QL002879,Q01438,P06,1,184964
QL002880,Q01439,P02,1,211502
QL002881,Q01440,P04,1,98824
QL002882,Q01440,P06,1,120030
QL002883,Q01440,P05,1,54117
QL002884,Q01441,P05,1,14560
QL002885,Q01441,P10,1,244885
QL002886,Q01442,P05,1,269188
QL002887,Q01442,P02,1,6850
QL002888,Q01442,P01,1,17323
QL002889,Q01443,P02,1,74098
QL002890,Q01444,P01,1,150201
QL002891,Q01445,P06,1,23890
QL002892,Q01445,P11,1,34363
QL002893,Q01446,P02,1,70564
QL002894,Q01446,P12,1,144973
QL002895,Q01447,P04,1,92386
QL002896,Q01448,P03,1,114200
QL002897,Q01448,P05,1,104680
QL002898,Q01449,P02,1,18162
QL002899,Q01450,P09,1,48409
QL002900,Q01451,P04,1,39195
QL002901,Q01451,P02,1,5197
QL002902,Q01451,P09,1,21851
QL002903,Q01452,P04,1,50418
QL002904,Q01452,P05,1,172559
QL002905,Q01453,P12,1,40267
QL002906,Q01453,P01,1,6461
QL002907,Q01453,P11,1,110458
QL002908,Q01454,P04,1,265003
QL002909,Q01455,P07,1,88491
QL002910,Q01455,P10,1,13838
QL002911,Q01456,P04,1,94750
QL002912,Q01456,P02,1,64077
QL002913,Q01457,P08,1,226641
QL002914,Q01458,P07,1,165762
QL002915,Q01459,P12,1,146513
QL002916,Q01459,P07,1,4328
QL002917,Q01459,P06,1,12614
QL002918,Q01460,P08,1,24269
QL002919,Q01460,P08,1,113984
QL002920,Q01460,P01,1,43419
QL002921,Q01461,P05,1,55507
QL002922,Q01462,P10,1,40207
QL002923,Q01462,P01,1,170751
QL002924,Q01463,P07,1,51972
QL002925,Q01463,P03,1,193520
QL002926,Q01464,P07,1,164654
QL002927,Q01465,P12,1,130649
QL002928,Q01465,P01,1,58808
QL002929,Q01466,P10,1,57726
QL002930,Q01467,P08,1,45494
QL002931,Q01467,P01,1,45529
QL002932,Q01468,P04,1,258524
QL002933,Q01469,P02,1,295214
QL002934,Q01470,P04,1,71860
QL002935,Q01470,P09,1,62682
QL002936,Q01470,P10,1,150916
QL002937,Q01471,P06,1,23785
QL002938,Q01471,P03,1,8103
QL002939,Q01471,P03,1,32935
QL002940,Q01472,P10,1,67632
QL002941,Q01472,P08,1,59676
QL002942,Q01473,P08,1,175814
QL002943,Q01474,P03,1,124543
QL002944,Q01475,P03,1,102610
QL002945,Q01476,P04,1,166167
QL002946,Q01477,P01,1,154075
QL002947,Q01477,P03,1,48755
QL002948,Q01477,P02,1,54898
QL002949,Q01478,P01,1,286237
QL002950,Q01479,P04,1,150144
QL002951,Q01480,P12,1,270069
QL002952,Q01480,P07,1,6912
QL002953,Q01481,P02,1,30925
QL002954,Q01481,P03,1,9785
QL002955,Q01481,P07,1,84389
QL002956,Q01482,P02,1,68808
QL002957,Q01482,P09,1,25848
QL002958,Q01483,P09,1,158868
QL002959,Q01483,P06,1,8086
QL002960,Q01483,P01,1,30013
QL002961,Q01484,P09,1,140300
QL002962,Q01485,P06,1,232486
QL002963,Q01486,P07,1,16005
QL002964,Q01486,P09,1,21818
QL002965,Q01487,P11,1,142522
QL002966,Q01487,P07,1,42112
QL002967,Q01487,P02,1,23670
QL002968,Q01488,P08,1,173871
QL002969,Q01489,P02,1,52001
QL002970,Q01489,P09,1,60933
QL002971,Q01489,P04,1,84604
QL002972,Q01490,P05,1,123832
QL002973,Q01490,P11,1,79444
QL002974,Q01491,P02,1,235055
QL002975,Q01492,P11,1,200473
QL002976,Q01493,P03,1,194748
QL002977,Q01494,P05,1,132806
QL002978,Q01494,P12,1,43388
QL002979,Q01494,P06,1,25973
QL002980,Q01495,P11,1,172860
QL002981,Q01496,P11,1,195661
QL002982,Q01497,P05,1,60330
QL002983,Q01498,P03,1,39344
QL002984,Q01498,P07,1,64529
QL002985,Q01499,P06,1,133864
QL002986,Q01499,P03,1,71770
QL002987,Q01500,P06,1,220078
QL002988,Q01501,P04,1,59674
QL002989,Q01502,P07,1,261241
QL002990,Q01503,P10,1,45640
QL002991,Q01503,P04,1,43522
QL002992,Q01504,P12,1,38679
QL002993,Q01504,P10,1,6411
QL002994,Q01504,P01,1,5645
QL002995,Q01505,P06,1,109187
QL002996,Q01505,P11,1,18474
QL002997,Q01506,P12,1,40706
QL002998,Q01506,P08,1,20929
QL002999,Q01506,P06,1,4472
QL003000,Q01507,P10,1,99637
QL003001,Q01507,P01,1,12400
QL003002,Q01507,P09,1,12095
QL003003,Q01508,P08,1,122858
QL003004,Q01509,P12,1,241850
QL003005,Q01510,P10,1,155469
QL003006,Q01510,P08,1,10263
QL003007,Q01511,P06,1,60599
QL003008,Q01511,P10,1,144346
QL003009,Q01512,P06,1,111800
QL003010,Q01513,P12,1,171184
QL003011,Q01513,P10,1,19916
QL003012,Q01513,P06,1,52910
QL003013,Q01514,P11,1,272660
QL003014,Q01515,P10,1,24212
QL003015,Q01515,P06,1,29031
QL003016,Q01516,P01,1,62514
QL003017,Q01516,P06,1,20994
QL003018,Q01517,P08,1,213154
QL003019,Q01517,P12,1,82974
QL003020,Q01518,P04,1,19776
QL003021,Q01519,P07,1,218333
QL003022,Q01519,P12,1,3909
QL003023,Q01519,P04,1,23603
QL003024,Q01520,P07,1,43909
QL003025,Q01520,P06,1,57465
QL003026,Q01521,P08,1,14360
QL003027,Q01521,P10,1,250346
QL003028,Q01522,P06,1,23682
QL003029,Q01522,P03,1,65746
QL003030,Q01522,P03,1,46283
QL003031,Q01523,P11,1,144321
QL003032,Q01523,P06,1,153227
QL003033,Q01524,P02,1,292502
QL003034,Q01525,P02,1,222872
QL003035,Q01525,P10,1,68945
QL003036,Q01526,P06,1,104486
QL003037,Q01526,P11,1,29656
QL003038,Q01527,P06,1,182853
QL003039,Q01528,P01,1,2393
QL003040,Q01528,P10,1,47176
QL003041,Q01528,P12,1,26440
QL003042,Q01529,P02,1,80944
QL003043,Q01529,P05,1,78170
QL003044,Q01530,P12,1,16563
QL003045,Q01530,P02,1,5641
QL003046,Q01531,P04,1,112785
QL003047,Q01531,P11,1,19358
QL003048,Q01531,P12,1,44579
QL003049,Q01532,P04,1,28834
QL003050,Q01532,P01,1,190513
QL003051,Q01533,P12,1,222347
QL003052,Q01534,P03,1,116140
QL003053,Q01535,P01,1,110941
QL003054,Q01536,P03,1,133117
QL003055,Q01536,P02,1,6975
QL003056,Q01536,P04,1,7630
QL003057,Q01537,P11,1,174035
QL003058,Q01537,P06,1,9915
QL003059,Q01537,P10,1,28646
QL003060,Q01538,P12,1,47489
QL003061,Q01538,P09,1,5749
QL003062,Q01538,P06,1,221617
QL003063,Q01539,P10,1,88555
QL003064,Q01539,P06,1,24476
QL003065,Q01539,P11,1,4496
QL003066,Q01540,P08,1,68541
QL003067,Q01540,P09,1,178559
QL003068,Q01541,P04,1,21030
QL003069,Q01541,P10,1,195963
QL003070,Q01542,P05,1,3491
QL003071,Q01542,P03,1,38200
QL003072,Q01543,P11,1,112955
QL003073,Q01544,P02,1,110082
QL003074,Q01544,P05,1,66037
QL003075,Q01544,P09,1,79922
QL003076,Q01545,P05,1,57313
QL003077,Q01545,P07,1,52886
QL003078,Q01546,P04,1,167023
QL003079,Q01547,P09,1,11357
QL003080,Q01547,P04,1,129088
QL003081,Q01548,P09,1,155311
QL003082,Q01549,P10,1,253942
QL003083,Q01549,P08,1,33535
QL003084,Q01549,P07,1,10744
QL003085,Q01550,P05,1,198520
QL003086,Q01551,P08,1,103677
QL003087,Q01551,P09,1,75999
QL003088,Q01551,P09,1,66877
QL003089,Q01552,P11,1,49105
QL003090,Q01552,P02,1,22505
QL003091,Q01552,P08,1,31075
QL003092,Q01553,P02,1,188861
QL003093,Q01553,P01,1,66010
QL003094,Q01554,P11,1,130895
QL003095,Q01554,P02,1,60912
QL003096,Q01554,P04,1,28491
QL003097,Q01555,P07,1,110350
QL003098,Q01556,P02,1,58911
QL003099,Q01556,P11,1,138585
QL003100,Q01557,P09,1,193665
QL003101,Q01557,P05,1,1107
QL003102,Q01557,P01,1,80570
QL003103,Q01558,P02,1,134448
QL003104,Q01559,P08,1,48361
QL003105,Q01559,P08,1,101474
QL003106,Q01560,P02,1,16171
QL003107,Q01560,P07,1,45234
QL003108,Q01561,P06,1,190797
QL003109,Q01562,P10,1,41382
QL003110,Q01562,P01,1,16399
QL003111,Q01562,P02,1,104662
QL003112,Q01563,P10,1,17772
QL003113,Q01564,P08,1,86454
QL003114,Q01565,P08,1,81834
QL003115,Q01565,P05,1,55935
QL003116,Q01565,P04,1,44049
QL003117,Q01566,P02,1,98240
QL003118,Q01566,P12,1,87050
QL003119,Q01567,P08,1,30536
QL003120,Q01568,P04,1,27878
QL003121,Q01568,P01,1,155280
QL003122,Q01569,P04,1,153722
QL003123,Q01569,P06,1,78479
QL003124,Q01570,P10,1,151267
QL003125,Q01571,P05,1,17810
QL003126,Q01571,P08,1,256116
QL003127,Q01572,P11,1,212361
QL003128,Q01573,P02,1,80918
QL003129,Q01573,P02,1,30692
QL003130,Q01573,P05,1,74525
QL003131,Q01574,P04,1,125532
QL003132,Q01574,P08,1,15286
QL003133,Q01574,P07,1,9503
QL003134,Q01575,P01,1,48003
QL003135,Q01575,P02,1,100911
QL003136,Q01575,P03,1,102859
QL003137,Q01576,P01,1,24145
QL003138,Q01576,P10,1,34859
QL003139,Q01577,P11,1,63244
QL003140,Q01577,P08,1,44796
QL003141,Q01578,P12,1,225128
QL003142,Q01579,P08,1,166544
QL003143,Q01580,P08,1,78292
QL003144,Q01581,P11,1,292811
QL003145,Q01582,P12,1,115307
QL003146,Q01582,P09,1,83211
QL003147,Q01582,P09,1,37513
QL003148,Q01583,P02,1,206664
QL003149,Q01583,P04,1,71545
QL003150,Q01583,P04,1,11874
QL003151,Q01584,P05,1,58453
QL003152,Q01584,P11,1,75670
QL003153,Q01585,P09,1,19715
QL003154,Q01585,P05,1,25981
QL003155,Q01586,P05,1,113446
QL003156,Q01586,P06,1,130335
QL003157,Q01587,P08,1,31850
QL003158,Q01587,P11,1,6670
QL003159,Q01587,P10,1,2177
QL003160,Q01588,P07,1,14895
QL003161,Q01588,P12,1,8489
QL003162,Q01588,P04,1,5845
QL003163,Q01589,P03,1,58731
QL003164,Q01590,P06,1,110438
QL003165,Q01591,P08,1,32736
QL003166,Q01592,P07,1,7535
QL003167,Q01592,P05,1,273347
QL003168,Q01593,P11,1,269059
QL003169,Q01594,P08,1,135735
QL003170,Q01595,P05,1,117952
QL003171,Q01595,P03,1,9396
QL003172,Q01595,P09,1,8708
QL003173,Q01596,P06,1,233511
QL003174,Q01597,P05,1,220057
QL003175,Q01597,P12,1,60143
QL003176,Q01598,P10,1,124508
QL003177,Q01598,P07,1,71047
QL003178,Q01599,P01,1,35689
QL003179,Q01599,P11,1,153370
QL003180,Q01600,P03,1,216165
QL003181,Q01600,P12,1,26026
QL003182,Q01600,P06,1,16034
QL003183,Q01601,P04,1,95816
QL003184,Q01602,P04,1,147435
QL003185,Q01602,P12,1,103272
QL003186,Q01602,P04,1,34509
QL003187,Q01603,P12,1,35166
QL003188,Q01604,P11,1,259086
QL003189,Q01605,P10,1,258960
QL003190,Q01605,P06,1,31496
QL003191,Q01605,P07,1,4267
QL003192,Q01606,P08,1,56877
QL003193,Q01606,P06,1,16879
QL003194,Q01606,P06,1,29814
QL003195,Q01607,P12,1,96209
QL003196,Q01608,P03,1,7091
QL003197,Q01608,P11,1,3446
QL003198,Q01609,P06,1,57900
QL003199,Q01609,P08,1,122910
QL003200,Q01609,P01,1,37079
QL003201,Q01610,P07,1,285954
QL003202,Q01611,P06,1,44688
QL003203,Q01611,P03,1,39529
QL003204,Q01612,P06,1,219412
QL003205,Q01613,P01,1,119277
QL003206,Q01613,P07,1,94690
QL003207,Q01614,P07,1,34119
QL003208,Q01614,P08,1,8008
QL003209,Q01614,P07,1,8058
QL003210,Q01615,P03,1,32392
QL003211,Q01616,P09,1,69011
QL003212,Q01616,P06,1,101288
QL003213,Q01617,P06,1,5872
QL003214,Q01617,P04,1,268832
QL003215,Q01618,P09,1,10531
QL003216,Q01618,P10,1,9158
QL003217,Q01618,P11,1,259884
QL003218,Q01619,P03,1,1945
QL003219,Q01619,P05,1,7636
QL003220,Q01619,P12,1,7027
QL003221,Q01620,P12,1,5349
QL003222,Q01620,P08,1,18378
QL003223,Q01620,P09,1,99051
QL003224,Q01621,P02,1,46947
QL003225,Q01621,P04,1,9012
QL003226,Q01621,P03,1,4397
QL003227,Q01622,P04,1,237967
QL003228,Q01622,P04,1,43646
QL003229,Q01622,P09,1,16395
QL003230,Q01623,P04,1,202533
QL003231,Q01623,P06,1,19590
QL003232,Q01623,P09,1,30141
QL003233,Q01624,P02,1,96006
QL003234,Q01624,P09,1,7820
QL003235,Q01624,P11,1,110983
QL003236,Q01625,P09,1,105676
QL003237,Q01625,P07,1,56399
QL003238,Q01626,P10,1,6103
QL003239,Q01626,P08,1,26440
QL003240,Q01626,P02,1,39486
QL003241,Q01627,P05,1,36926
QL003242,Q01628,P01,1,38978
QL003243,Q01629,P12,1,87266
QL003244,Q01629,P02,1,62812
QL003245,Q01630,P11,1,225767
QL003246,Q01630,P03,1,11708
QL003247,Q01630,P03,1,1942
QL003248,Q01631,P04,1,220259
QL003249,Q01631,P05,1,29973
QL003250,Q01632,P03,1,11110
QL003251,Q01632,P07,1,276175
QL003252,Q01632,P06,1,1361
QL003253,Q01633,P09,1,74126
QL003254,Q01634,P11,1,4754
QL003255,Q01634,P04,1,73549
QL003256,Q01634,P02,1,157398
QL003257,Q01635,P09,1,135162
QL003258,Q01635,P11,1,13819
QL003259,Q01635,P10,1,82737
QL003260,Q01636,P11,1,68170
QL003261,Q01636,P07,1,4611
QL003262,Q01636,P08,1,25495
QL003263,Q01637,P01,1,42538
QL003264,Q01637,P06,1,174273
QL003265,Q01637,P09,1,59427
QL003266,Q01638,P03,1,28269
QL003267,Q01638,P05,1,223936
QL003268,Q01639,P07,1,270540
QL003269,Q01639,P10,1,21302
QL003270,Q01640,P05,1,132754
QL003271,Q01640,P04,1,22496
QL003272,Q01641,P01,1,4417
QL003273,Q01641,P02,1,240722
QL003274,Q01642,P05,1,141237
QL003275,Q01642,P06,1,51391
QL003276,Q01642,P08,1,103405
QL003277,Q01643,P01,1,39732
QL003278,Q01643,P03,1,48399
QL003279,Q01643,P02,1,18534
QL003280,Q01644,P03,1,55605
QL003281,Q01644,P04,1,14236
QL003282,Q01644,P08,1,27525
QL003283,Q01645,P01,1,5541
QL003284,Q01645,P07,1,116251
QL003285,Q01646,P11,1,53647
QL003286,Q01646,P10,1,134234
QL003287,Q01647,P02,1,121496
QL003288,Q01647,P01,1,1232
QL003289,Q01647,P07,1,8928
QL003290,Q01648,P11,1,2569
QL003291,Q01648,P03,1,13427
QL003292,Q01649,P12,1,163335
QL003293,Q01650,P09,1,23399
QL003294,Q01650,P08,1,1350
QL003295,Q01650,P08,1,1156
QL003296,Q01651,P01,1,52669
QL003297,Q01651,P01,1,59130
QL003298,Q01651,P03,1,169696
QL003299,Q01652,P03,1,19934
QL003300,Q01653,P12,1,94788
QL003301,Q01653,P11,1,137228
QL003302,Q01654,P11,1,42939
QL003303,Q01654,P04,1,133244
QL003304,Q01654,P02,1,44013
QL003305,Q01655,P09,1,269710
QL003306,Q01656,P12,1,13678
QL003307,Q01656,P11,1,40578
QL003308,Q01656,P09,1,19711
QL003309,Q01657,P04,1,1434
QL003310,Q01657,P08,1,12549
QL003311,Q01657,P09,1,8383
QL003312,Q01658,P03,1,42454
QL003313,Q01659,P06,1,145113
QL003314,Q01659,P03,1,18829
QL003315,Q01659,P04,1,40226
QL003316,Q01660,P02,1,114198
QL003317,Q01660,P08,1,133526
QL003318,Q01660,P12,1,26554
QL003319,Q01661,P03,1,28027
QL003320,Q01662,P02,1,187558
QL003321,Q01663,P12,1,157117
QL003322,Q01664,P05,1,14987
QL003323,Q01664,P08,1,30455
QL003324,Q01665,P12,1,222155
QL003325,Q01665,P02,1,34217
QL003326,Q01666,P11,1,83045
QL003327,Q01666,P01,1,16575
QL003328,Q01666,P03,1,126865
QL003329,Q01667,P09,1,129803
QL003330,Q01667,P01,1,40350
QL003331,Q01667,P07,1,79226
QL003332,Q01668,P03,1,276178
QL003333,Q01669,P07,1,51955
QL003334,Q01669,P09,1,34133
QL003335,Q01669,P05,1,29228
QL003336,Q01670,P01,1,79208
QL003337,Q01670,P03,1,1865
QL003338,Q01670,P08,1,3914
QL003339,Q01671,P11,1,47868
QL003340,Q01671,P09,1,8890
QL003341,Q01671,P10,1,2423
QL003342,Q01672,P06,1,10686
QL003343,Q01672,P04,1,166917
QL003344,Q01673,P05,1,23540
QL003345,Q01673,P02,1,120236
QL003346,Q01674,P03,1,188683
QL003347,Q01675,P02,1,9411
QL003348,Q01675,P09,1,7095
QL003349,Q01676,P05,1,63076
QL003350,Q01676,P11,1,27999
QL003351,Q01677,P12,1,154394
QL003352,Q01677,P12,1,39565
QL003353,Q01677,P04,1,10761
QL003354,Q01678,P09,1,12564
QL003355,Q01679,P09,1,28451
QL003356,Q01679,P06,1,71208
QL003357,Q01679,P04,1,2190
QL003358,Q01680,P12,1,110631
QL003359,Q01681,P04,1,6529
QL003360,Q01681,P04,1,38874
QL003361,Q01681,P08,1,85657
QL003362,Q01682,P11,1,3471
QL003363,Q01682,P07,1,64949
QL003364,Q01682,P04,1,120848
QL003365,Q01683,P08,1,4380
QL003366,Q01683,P10,1,10941
QL003367,Q01683,P02,1,1290
QL003368,Q01684,P01,1,123514
QL003369,Q01685,P05,1,28003
QL003370,Q01686,P02,1,184565
QL003371,Q01686,P02,1,5241
QL003372,Q01686,P04,1,5527
QL003373,Q01687,P05,1,86643
QL003374,Q01687,P09,1,22304
QL003375,Q01687,P05,1,14788
QL003376,Q01688,P10,1,24309
QL003377,Q01688,P05,1,138280
QL003378,Q01689,P07,1,111062
QL003379,Q01689,P07,1,1078
QL003380,Q01689,P08,1,59668
QL003381,Q01690,P08,1,200001
QL003382,Q01691,P11,1,208121
QL003383,Q01692,P12,1,41684
QL003384,Q01692,P12,1,69408
QL003385,Q01692,P04,1,47828
QL003386,Q01693,P04,1,190328
QL003387,Q01693,P07,1,6453
QL003388,Q01694,P02,1,17874
QL003389,Q01694,P06,1,22646
QL003390,Q01694,P10,1,16842
QL003391,Q01695,P07,1,90473
QL003392,Q01695,P12,1,195078
QL003393,Q01696,P11,1,54707
QL003394,Q01696,P06,1,115262
QL003395,Q01697,P04,1,98202
QL003396,Q01697,P03,1,13477
QL003397,Q01697,P01,1,100832
QL003398,Q01698,P05,1,11473
QL003399,Q01698,P09,1,86007
QL003400,Q01699,P09,1,89568
QL003401,Q01700,P05,1,208695
QL003402,Q01700,P10,1,29167
QL003403,Q01701,P06,1,148177
QL003404,Q01702,P11,1,201773
QL003405,Q01703,P06,1,39593
QL003406,Q01704,P04,1,7160
QL003407,Q01704,P12,1,1913
QL003408,Q01704,P04,1,1060
QL003409,Q01705,P11,1,166183
QL003410,Q01706,P07,1,38784
QL003411,Q01706,P06,1,9417
QL003412,Q01707,P01,1,11999
QL003413,Q01707,P03,1,158145
QL003414,Q01707,P06,1,74747
QL003415,Q01708,P06,1,7274
QL003416,Q01708,P07,1,81509
QL003417,Q01709,P12,1,41057
QL003418,Q01709,P12,1,22616
QL003419,Q01710,P12,1,266327
QL003420,Q01711,P03,1,194721
QL003421,Q01712,P09,1,3105
QL003422,Q01712,P07,1,20019
QL003423,Q01712,P07,1,83255
QL003424,Q01713,P02,1,24449
QL003425,Q01713,P03,1,252137
QL003426,Q01714,P11,1,88621
QL003427,Q01715,P05,1,48123
QL003428,Q01715,P08,1,110609
QL003429,Q01715,P05,1,91874
QL003430,Q01716,P09,1,131061
QL003431,Q01717,P02,1,82504
QL003432,Q01717,P02,1,140292
QL003433,Q01718,P10,1,46625
QL003434,Q01718,P08,1,25866
QL003435,Q01718,P03,1,15611
QL003436,Q01719,P11,1,33027
QL003437,Q01719,P07,1,1547
QL003438,Q01719,P05,1,4770
QL003439,Q01720,P02,1,270188
QL003440,Q01721,P02,1,244880
QL003441,Q01722,P03,1,131002
QL003442,Q01722,P06,1,7196
QL003443,Q01722,P07,1,11182
QL003444,Q01723,P09,1,17879
QL003445,Q01723,P02,1,6088
QL003446,Q01723,P10,1,5952
QL003447,Q01724,P05,1,151201
QL003448,Q01724,P08,1,3096
QL003449,Q01724,P06,1,3595
QL003450,Q01725,P07,1,148671
QL003451,Q01725,P06,1,21196
QL003452,Q01726,P03,1,12674
QL003453,Q01726,P12,1,3616
QL003454,Q01726,P10,1,49881
QL003455,Q01727,P04,1,63294
QL003456,Q01727,P09,1,79984
QL003457,Q01728,P12,1,36855
QL003458,Q01728,P09,1,4345
QL003459,Q01728,P02,1,12879
QL003460,Q01729,P05,1,130850
QL003461,Q01730,P07,1,240848
QL003462,Q01731,P01,1,2568
QL003463,Q01731,P12,1,11366
QL003464,Q01731,P08,1,1985
QL003465,Q01732,P08,1,29986
QL003466,Q01732,P03,1,50962
QL003467,Q01732,P11,1,72219
QL003468,Q01733,P10,1,106969
QL003469,Q01734,P03,1,203881
QL003470,Q01735,P07,1,48018
QL003471,Q01735,P10,1,26787
QL003472,Q01735,P09,1,24432
QL003473,Q01736,P10,1,96235
QL003474,Q01736,P05,1,1622
QL003475,Q01737,P07,1,274286
QL003476,Q01738,P04,1,256021
QL003477,Q01738,P05,1,38018
QL003478,Q01738,P10,1,5614
QL003479,Q01739,P07,1,72406
QL003480,Q01739,P03,1,185121
QL003481,Q01740,P01,1,61279
QL003482,Q01741,P11,1,129960
QL003483,Q01742,P11,1,39530
QL003484,Q01742,P08,1,1734
QL003485,Q01743,P04,1,30221
QL003486,Q01743,P02,1,145441
QL003487,Q01743,P01,1,53061
QL003488,Q01744,P11,1,16741
QL003489,Q01744,P03,1,20053
QL003490,Q01745,P06,1,155590
QL003491,Q01746,P08,1,45790
QL003492,Q01746,P01,1,1318
QL003493,Q01746,P06,1,1264
QL003494,Q01747,P10,1,104134
QL003495,Q01748,P08,1,27433
QL003496,Q01748,P04,1,1168
QL003497,Q01748,P05,1,64685
QL003498,Q01749,P01,1,102349
QL003499,Q01749,P08,1,24032
QL003500,Q01749,P03,1,131054
QL003501,Q01750,P09,1,13766
QL003502,Q01750,P07,1,7262
QL003503,Q01750,P02,1,72428
QL003504,Q01751,P02,1,63345
QL003505,Q01751,P10,1,3048
QL003506,Q01751,P12,1,39829
QL003507,Q01752,P05,1,23789
QL003508,Q01753,P07,1,123906
QL003509,Q01753,P02,1,2691
QL003510,Q01753,P03,1,18396
QL003511,Q01754,P12,1,151338
QL003512,Q01755,P12,1,134194
QL003513,Q01756,P08,1,1006
QL003514,Q01756,P03,1,103300
QL003515,Q01756,P11,1,16809
QL003516,Q01757,P01,1,101834
QL003517,Q01758,P11,1,233304
QL003518,Q01758,P01,1,32985
QL003519,Q01759,P02,1,78277
QL003520,Q01759,P01,1,32148
QL003521,Q01760,P02,1,117774
QL003522,Q01760,P09,1,74567
QL003523,Q01760,P11,1,8432
QL003524,Q01761,P09,1,244052
QL003525,Q01761,P05,1,5615
QL003526,Q01761,P10,1,31524
QL003527,Q01762,P11,1,6747
QL003528,Q01762,P12,1,7220
QL003529,Q01763,P09,1,175753
QL003530,Q01763,P05,1,10542
QL003531,Q01763,P10,1,12106
QL003532,Q01764,P08,1,136493
QL003533,Q01764,P12,1,96476
QL003534,Q01765,P09,1,240966
QL003535,Q01766,P12,1,45343
QL003536,Q01766,P01,1,22519
QL003537,Q01767,P11,1,11958
QL003538,Q01767,P05,1,106689
QL003539,Q01767,P04,1,1147
QL003540,Q01768,P10,1,142468
QL003541,Q01769,P03,1,59324
QL003542,Q01770,P08,1,166527
QL003543,Q01770,P03,1,69051
QL003544,Q01771,P12,1,170607
QL003545,Q01772,P11,1,92704
QL003546,Q01772,P12,1,1768
QL003547,Q01772,P07,1,1505
QL003548,Q01773,P06,1,14214
QL003549,Q01773,P10,1,275392
QL003550,Q01774,P01,1,100881
QL003551,Q01774,P10,1,15320
QL003552,Q01774,P06,1,4370
QL003553,Q01775,P07,1,214334
QL003554,Q01776,P04,1,208277
QL003555,Q01777,P10,1,82062
QL003556,Q01777,P12,1,157568
QL003557,Q01778,P04,1,109824
QL003558,Q01779,P07,1,166269
QL003559,Q01780,P05,1,59682
QL003560,Q01781,P05,1,178344
QL003561,Q01781,P11,1,39532
QL003562,Q01782,P08,1,54523
QL003563,Q01783,P04,1,41399
QL003564,Q01784,P12,1,81871
QL003565,Q01785,P08,1,216335
QL003566,Q01786,P01,1,215626
QL003567,Q01787,P09,1,214648
QL003568,Q01787,P05,1,12532
QL003569,Q01788,P11,1,86023
QL003570,Q01788,P01,1,67857
QL003571,Q01789,P03,1,12138
QL003572,Q01789,P07,1,194409
QL003573,Q01790,P06,1,163486
QL003574,Q01791,P02,1,85985
QL003575,Q01791,P07,1,64317
QL003576,Q01792,P02,1,227149
QL003577,Q01792,P03,1,26967
QL003578,Q01793,P02,1,62321
QL003579,Q01793,P06,1,8166
QL003580,Q01793,P03,1,81566
QL003581,Q01794,P03,1,8610
QL003582,Q01794,P03,1,47376
QL003583,Q01795,P10,1,44886
QL003584,Q01796,P05,1,252253
QL003585,Q01797,P07,1,33347
QL003586,Q01797,P04,1,4490
QL003587,Q01798,P07,1,162325
QL003588,Q01799,P06,1,103535
QL003589,Q01799,P08,1,93828
QL003590,Q01799,P09,1,76455
QL003591,Q01800,P01,1,28792
QL003592,Q01800,P08,1,65772
QL003593,Q01801,P12,1,207062
QL003594,Q01802,P08,1,202874
QL003595,Q01803,P09,1,89316
QL003596,Q01804,P05,1,61954
QL003597,Q01804,P07,1,23503
QL003598,Q01804,P12,1,102552
QL003599,Q01805,P06,1,18004
QL003600,Q01805,P09,1,77098
QL003601,Q01806,P10,1,23996
QL003602,Q01807,P11,1,58221
QL003603,Q01807,P05,1,6134
QL003604,Q01808,P05,1,162314
QL003605,Q01808,P09,1,35643
QL003606,Q01808,P05,1,88257
QL003607,Q01809,P11,1,67505
QL003608,Q01810,P05,1,18162
QL003609,Q01810,P11,1,14863
QL003610,Q01811,P11,1,299545
QL003611,Q01812,P10,1,5330
QL003612,Q01812,P11,1,158483
QL003613,Q01813,P02,1,122218
QL003614,Q01813,P06,1,68820
QL003615,Q01814,P02,1,57915
QL003616,Q01814,P07,1,93222
QL003617,Q01815,P05,1,2261
QL003618,Q01815,P03,1,12418
QL003619,Q01815,P05,1,2180
QL003620,Q01816,P01,1,16764
QL003621,Q01816,P01,1,21134
QL003622,Q01817,P01,1,87662
QL003623,Q01817,P10,1,134328
QL003624,Q01817,P12,1,3709
QL003625,Q01818,P08,1,2971
QL003626,Q01818,P02,1,24169
QL003627,Q01819,P10,1,37290
QL003628,Q01819,P12,1,214370
QL003629,Q01820,P11,1,297649
QL003630,Q01821,P06,1,86770
QL003631,Q01821,P02,1,41620
QL003632,Q01822,P05,1,257751
QL003633,Q01822,P02,1,8206
QL003634,Q01822,P06,1,11544
QL003635,Q01823,P09,1,64119
QL003636,Q01823,P03,1,69121
QL003637,Q01824,P05,1,58681
QL003638,Q01824,P03,1,7870
QL003639,Q01825,P02,1,22069
QL003640,Q01825,P05,1,56224
QL003641,Q01825,P02,1,17675
QL003642,Q01826,P01,1,54013
QL003643,Q01827,P02,1,167862
QL003644,Q01828,P03,1,119216
QL003645,Q01829,P11,1,41615
QL003646,Q01829,P05,1,7872
QL003647,Q01830,P01,1,92069
QL003648,Q01830,P10,1,53188
QL003649,Q01831,P04,1,68405
QL003650,Q01831,P11,1,17975
QL003651,Q01831,P04,1,13887
QL003652,Q01832,P03,1,130311
QL003653,Q01832,P09,1,102281
QL003654,Q01833,P07,1,289651
QL003655,Q01834,P11,1,45243
QL003656,Q01834,P11,1,124971
QL003657,Q01834,P05,1,123117
QL003658,Q01835,P11,1,260260
QL003659,Q01836,P12,1,47054
QL003660,Q01836,P10,1,12787
QL003661,Q01836,P06,1,9134
QL003662,Q01837,P07,1,29446
QL003663,Q01837,P07,1,243156
QL003664,Q01838,P09,1,145505
QL003665,Q01839,P11,1,3272
QL003666,Q01839,P03,1,155881
QL003667,Q01840,P02,1,75674
QL003668,Q01840,P10,1,104272
QL003669,Q01841,P08,1,111863
QL003670,Q01841,P05,1,107546
QL003671,Q01841,P04,1,14881
QL003672,Q01842,P08,1,43370
QL003673,Q01843,P03,1,62313
QL003674,Q01843,P09,1,150280
QL003675,Q01844,P09,1,57011
QL003676,Q01845,P05,1,241022
QL003677,Q01846,P05,1,142685
QL003678,Q01847,P07,1,110595
QL003679,Q01847,P11,1,54270
QL003680,Q01847,P09,1,8618
QL003681,Q01848,P12,1,17556
QL003682,Q01848,P09,1,45144
QL003683,Q01849,P06,1,259251
QL003684,Q01850,P04,1,96252
QL003685,Q01850,P05,1,78500
QL003686,Q01851,P12,1,96156
QL003687,Q01852,P09,1,39095
QL003688,Q01852,P02,1,59080
QL003689,Q01852,P07,1,146931
QL003690,Q01853,P02,1,271226
QL003691,Q01854,P07,1,60239
QL003692,Q01854,P06,1,118436
QL003693,Q01855,P10,1,150064
QL003694,Q01855,P11,1,93658
QL003695,Q01855,P01,1,55132
QL003696,Q01856,P09,1,264759
QL003697,Q01857,P11,1,15241
QL003698,Q01857,P11,1,4321
QL003699,Q01857,P01,1,22805
QL003700,Q01858,P07,1,126563
QL003701,Q01858,P11,1,57300
QL003702,Q01859,P08,1,82030
QL003703,Q01859,P10,1,56875
QL003704,Q01860,P07,1,39380
QL003705,Q01860,P06,1,2496
QL003706,Q01860,P02,1,5218
QL003707,Q01861,P01,1,34352
QL003708,Q01861,P04,1,30639
QL003709,Q01861,P08,1,37392
QL003710,Q01862,P07,1,111535
QL003711,Q01862,P11,1,36581
QL003712,Q01863,P05,1,128118
QL003713,Q01863,P11,1,94489
QL003714,Q01864,P10,1,22450
QL003715,Q01864,P01,1,112885
QL003716,Q01865,P03,1,60161
QL003717,Q01865,P05,1,31576
QL003718,Q01865,P12,1,65986
QL003719,Q01866,P06,1,62202
QL003720,Q01866,P02,1,2674
QL003721,Q01866,P01,1,112617
QL003722,Q01867,P04,1,157782
QL003723,Q01868,P12,1,112328
QL003724,Q01869,P10,1,157824
QL003725,Q01870,P10,1,19521
QL003726,Q01870,P08,1,1612
QL003727,Q01870,P09,1,2342
QL003728,Q01871,P10,1,69574
QL003729,Q01871,P12,1,152439
QL003730,Q01871,P07,1,23365
QL003731,Q01872,P08,1,92232
QL003732,Q01873,P07,1,101306
QL003733,Q01874,P07,1,157290
QL003734,Q01874,P08,1,1859
QL003735,Q01874,P09,1,45616
QL003736,Q01875,P06,1,164081
QL003737,Q01875,P02,1,5905
QL003738,Q01876,P03,1,26473
QL003739,Q01876,P10,1,136055
QL003740,Q01876,P01,1,99402
QL003741,Q01877,P02,1,72278
QL003742,Q01877,P09,1,181798
QL003743,Q01878,P09,1,55962
QL003744,Q01879,P10,1,17434
QL003745,Q01879,P11,1,2514
QL003746,Q01879,P09,1,12795
QL003747,Q01880,P01,1,21802
QL003748,Q01880,P10,1,48866
QL003749,Q01880,P04,1,52121
QL003750,Q01881,P07,1,246192
QL003751,Q01882,P05,1,126181
QL003752,Q01883,P10,1,91526
QL003753,Q01883,P12,1,6232
QL003754,Q01883,P06,1,5986
QL003755,Q01884,P09,1,67764
QL003756,Q01884,P09,1,46324
QL003757,Q01885,P08,1,22933
QL003758,Q01885,P01,1,42424
QL003759,Q01885,P04,1,15677
QL003760,Q01886,P05,1,10907
QL003761,Q01886,P08,1,51555
QL003762,Q01887,P07,1,148141
QL003763,Q01887,P07,1,91597
QL003764,Q01887,P08,1,13873
QL003765,Q01888,P10,1,260833
QL003766,Q01889,P06,1,100122
QL003767,Q01889,P07,1,39444
QL003768,Q01889,P02,1,38107
QL003769,Q01890,P02,1,142147
QL003770,Q01890,P09,1,56036
QL003771,Q01891,P02,1,79403
QL003772,Q01891,P03,1,2238
QL003773,Q01891,P08,1,3422
QL003774,Q01892,P08,1,160722
QL003775,Q01892,P01,1,9382
QL003776,Q01892,P08,1,10514
QL003777,Q01893,P02,1,188776
QL003778,Q01893,P06,1,23090
QL003779,Q01894,P01,1,10125
QL003780,Q01895,P08,1,65960
QL003781,Q01895,P10,1,91456
QL003782,Q01896,P07,1,56247
QL003783,Q01896,P02,1,202779
QL003784,Q01897,P08,1,5230
QL003785,Q01897,P11,1,5242
QL003786,Q01898,P05,1,29424
QL003787,Q01899,P07,1,49097
QL003788,Q01899,P12,1,164617
QL003789,Q01900,P08,1,36198
QL003790,Q01900,P02,1,56256
QL003791,Q01900,P01,1,78848
QL003792,Q01901,P07,1,118306
QL003793,Q01901,P10,1,12884
QL003794,Q01901,P09,1,5222
QL003795,Q01902,P01,1,171883
QL003796,Q01902,P04,1,30065
QL003797,Q01902,P05,1,9917
QL003798,Q01903,P11,1,12878
QL003799,Q01904,P07,1,98122
QL003800,Q01904,P08,1,120899
QL003801,Q01904,P06,1,15840
QL003802,Q01905,P05,1,273382
QL003803,Q01906,P01,1,293712
QL003804,Q01907,P11,1,19379
QL003805,Q01907,P12,1,8534
QL003806,Q01908,P08,1,35223
QL003807,Q01909,P12,1,266853
QL003808,Q01910,P02,1,218697
QL003809,Q01910,P11,1,29160
QL003810,Q01910,P09,1,18271
QL003811,Q01911,P10,1,52205
QL003812,Q01911,P12,1,9517
QL003813,Q01911,P07,1,5109
QL003814,Q01912,P02,1,106064
QL003815,Q01913,P01,1,42881
QL003816,Q01913,P10,1,128547
QL003817,Q01913,P06,1,118960
QL003818,Q01914,P06,1,206298
QL003819,Q01915,P05,1,62982
QL003820,Q01915,P04,1,103002
QL003821,Q01916,P03,1,32853
QL003822,Q01916,P05,1,106405
QL003823,Q01916,P10,1,29051
QL003824,Q01917,P09,1,134999
QL003825,Q01917,P08,1,1051
QL003826,Q01917,P05,1,1441
QL003827,Q01918,P02,1,43288
QL003828,Q01918,P09,1,4345
QL003829,Q01918,P09,1,2814
QL003830,Q01919,P09,1,61794
QL003831,Q01920,P04,1,23765
QL003832,Q01920,P07,1,101964
QL003833,Q01921,P02,1,199514
QL003834,Q01922,P10,1,179309
QL003835,Q01923,P10,1,109587
QL003836,Q01923,P08,1,84134
QL003837,Q01923,P11,1,50389
QL003838,Q01924,P01,1,13208
QL003839,Q01924,P04,1,272436
QL003840,Q01925,P04,1,253654
QL003841,Q01925,P02,1,2294
QL003842,Q01925,P06,1,1775
QL003843,Q01926,P06,1,138005
QL003844,Q01926,P08,1,15476
QL003845,Q01926,P09,1,104461
QL003846,Q01927,P04,1,68975
QL003847,Q01927,P07,1,129024
QL003848,Q01927,P10,1,9161
QL003849,Q01928,P08,1,15498
QL003850,Q01929,P10,1,268152
QL003851,Q01930,P03,1,1102
QL003852,Q01930,P01,1,25291
QL003853,Q01930,P02,1,28423
QL003854,Q01931,P02,1,175831
QL003855,Q01931,P09,1,2347
QL003856,Q01931,P01,1,4936
QL003857,Q01932,P09,1,10599
QL003858,Q01932,P04,1,11728
QL003859,Q01932,P09,1,1766
QL003860,Q01933,P12,1,62600
QL003861,Q01933,P05,1,183899
QL003862,Q01934,P06,1,168675
QL003863,Q01935,P07,1,117209
QL003864,Q01936,P08,1,29321
QL003865,Q01936,P12,1,61048
QL003866,Q01936,P04,1,144861
QL003867,Q01937,P09,1,26183
QL003868,Q01938,P06,1,64643
QL003869,Q01938,P06,1,222734
QL003870,Q01939,P02,1,132962
QL003871,Q01939,P10,1,89470
QL003872,Q01940,P10,1,94606
QL003873,Q01940,P06,1,22519
QL003874,Q01940,P05,1,26406
QL003875,Q01941,P06,1,72178
QL003876,Q01941,P10,1,9985
QL003877,Q01942,P09,1,108000
QL003878,Q01942,P10,1,103273
QL003879,Q01942,P09,1,86231
QL003880,Q01943,P02,1,37551
QL003881,Q01943,P08,1,230838
QL003882,Q01944,P03,1,19297
QL003883,Q01944,P12,1,10487
QL003884,Q01945,P10,1,20165
QL003885,Q01945,P05,1,83823
QL003886,Q01945,P02,1,164439
QL003887,Q01946,P11,1,141813
QL003888,Q01947,P06,1,8725
QL003889,Q01947,P07,1,44417
QL003890,Q01947,P04,1,89615
QL003891,Q01948,P05,1,110042
QL003892,Q01948,P03,1,12095
QL003893,Q01949,P12,1,66991
QL003894,Q01950,P07,1,19087
QL003895,Q01950,P12,1,39293
QL003896,Q01950,P08,1,15096
QL003897,Q01951,P08,1,81937
QL003898,Q01952,P03,1,247767
QL003899,Q01953,P02,1,32344
QL003900,Q01953,P01,1,12184
QL003901,Q01953,P08,1,248602
QL003902,Q01954,P12,1,84933
QL003903,Q01954,P10,1,3976
QL003904,Q01954,P03,1,14235
QL003905,Q01955,P10,1,96956
QL003906,Q01956,P09,1,10730
QL003907,Q01956,P07,1,4039
QL003908,Q01956,P09,1,1785
QL003909,Q01957,P01,1,85869
QL003910,Q01957,P10,1,13411
QL003911,Q01958,P01,1,105392
QL003912,Q01958,P11,1,10939
QL003913,Q01958,P11,1,23125
QL003914,Q01959,P07,1,229547
QL003915,Q01960,P10,1,122335
QL003916,Q01961,P11,1,13941
QL003917,Q01961,P03,1,137499
QL003918,Q01962,P08,1,41423
QL003919,Q01962,P12,1,195405
QL003920,Q01962,P04,1,38093
QL003921,Q01963,P03,1,181963
QL003922,Q01963,P11,1,90927
QL003923,Q01964,P09,1,94933
QL003924,Q01965,P11,1,248454
QL003925,Q01966,P06,1,20775
QL003926,Q01967,P05,1,17596
QL003927,Q01967,P03,1,1741
QL003928,Q01967,P01,1,8578
QL003929,Q01968,P08,1,252901
QL003930,Q01968,P01,1,8007
QL003931,Q01968,P07,1,10232
QL003932,Q01969,P10,1,268156
QL003933,Q01970,P12,1,209868
QL003934,Q01971,P06,1,56022
QL003935,Q01972,P07,1,176984
QL003936,Q01972,P11,1,7540
QL003937,Q01972,P03,1,23238
QL003938,Q01973,P03,1,133302
QL003939,Q01974,P01,1,161618
QL003940,Q01975,P11,1,52397
QL003941,Q01975,P12,1,10700
QL003942,Q01976,P08,1,81743
QL003943,Q01977,P09,1,26132
QL003944,Q01977,P01,1,53608
QL003945,Q01977,P10,1,13802
QL003946,Q01978,P01,1,100353
QL003947,Q01978,P05,1,12782
QL003948,Q01979,P01,1,22673
QL003949,Q01979,P10,1,21691
QL003950,Q01980,P10,1,192782
QL003951,Q01980,P04,1,11096
QL003952,Q01980,P08,1,3977
QL003953,Q01981,P08,1,50222
QL003954,Q01982,P04,1,163397
QL003955,Q01983,P11,1,283642
QL003956,Q01984,P01,1,48781
QL003957,Q01984,P06,1,6369
QL003958,Q01985,P09,1,17586
QL003959,Q01985,P07,1,2619
QL003960,Q01985,P03,1,3631
QL003961,Q01986,P06,1,236464
QL003962,Q01987,P11,1,65962
QL003963,Q01988,P06,1,285828
QL003964,Q01989,P12,1,70812
QL003965,Q01989,P01,1,42508
QL003966,Q01990,P03,1,153552
QL003967,Q01990,P12,1,9374
QL003968,Q01990,P08,1,11234
QL003969,Q01991,P05,1,16822
QL003970,Q01991,P07,1,159227
QL003971,Q01992,P12,1,84830
QL003972,Q01992,P01,1,130730
QL003973,Q01993,P08,1,62148
QL003974,Q01993,P01,1,46830
QL003975,Q01993,P05,1,139684
QL003976,Q01994,P04,1,53265
QL003977,Q01994,P04,1,14264
QL003978,Q01995,P01,1,214292
QL003979,Q01996,P03,1,116549
QL003980,Q01996,P06,1,71322
QL003981,Q01997,P10,1,93615
QL003982,Q01997,P06,1,125535
QL003983,Q01998,P03,1,194427
QL003984,Q01999,P07,1,242113
QL003985,Q02000,P12,1,130873
QL003986,Q02000,P03,1,128548
QL003987,Q02001,P12,1,76667
QL003988,Q02001,P04,1,84130
QL003989,Q02002,P10,1,126913
QL003990,Q02002,P05,1,4664
QL003991,Q02003,P07,1,168623
QL003992,Q02004,P05,1,47487
QL003993,Q02004,P02,1,102690
QL003994,Q02005,P07,1,177373
QL003995,Q02005,P06,1,38263
QL003996,Q02006,P04,1,236557
QL003997,Q02006,P01,1,8095
QL003998,Q02006,P02,1,17017
QL003999,Q02007,P05,1,149194
QL004000,Q02008,P02,1,44646
QL004001,Q02008,P05,1,170019
QL004002,Q02009,P01,1,30120
QL004003,Q02010,P08,1,75635
QL004004,Q02010,P01,1,47755
QL004005,Q02011,P06,1,265327
QL004006,Q02012,P03,1,148208
QL004007,Q02013,P08,1,108634
QL004008,Q02013,P04,1,73409
QL004009,Q02013,P08,1,39843
QL004010,Q02014,P12,1,128292
QL004011,Q02015,P10,1,184775
QL004012,Q02015,P09,1,59560
QL004013,Q02016,P01,1,43812
QL004014,Q02016,P02,1,169207
QL004015,Q02017,P03,1,26496
QL004016,Q02017,P02,1,83068
QL004017,Q02018,P10,1,13680
QL004018,Q02018,P05,1,16049
QL004019,Q02019,P10,1,34493
QL004020,Q02019,P06,1,4002
QL004021,Q02020,P02,1,82251
QL004022,Q02020,P04,1,71234
QL004023,Q02020,P10,1,121483
QL004024,Q02021,P09,1,223814
QL004025,Q02022,P02,1,66522
QL004026,Q02022,P04,1,37639
QL004027,Q02023,P12,1,33896
QL004028,Q02023,P09,1,52329
QL004029,Q02024,P08,1,40983
QL004030,Q02025,P08,1,24657
QL004031,Q02025,P02,1,77129
QL004032,Q02026,P10,1,100384
QL004033,Q02027,P06,1,1761
QL004034,Q02027,P03,1,8849
QL004035,Q02028,P02,1,184609
QL004036,Q02029,P04,1,23989
QL004037,Q02030,P01,1,145440
QL004038,Q02030,P08,1,117293
QL004039,Q02031,P12,1,99545
QL004040,Q02032,P04,1,6145
QL004041,Q02032,P03,1,2374
QL004042,Q02032,P01,1,11123
QL004043,Q02033,P01,1,106059
QL004044,Q02033,P09,1,8956
QL004045,Q02034,P02,1,162624
QL004046,Q02035,P10,1,281978
QL004047,Q02036,P03,1,36391
QL004048,Q02036,P03,1,62363
QL004049,Q02036,P08,1,20047
QL004050,Q02037,P06,1,171005
QL004051,Q02037,P09,1,123256
QL004052,Q02038,P10,1,33606
QL004053,Q02038,P03,1,138637
QL004054,Q02038,P09,1,4257
QL004055,Q02039,P08,1,262697
QL004056,Q02040,P06,1,236081
QL004057,Q02040,P12,1,9351
QL004058,Q02040,P02,1,8705
QL004059,Q02041,P07,1,3688
QL004060,Q02041,P10,1,30607
QL004061,Q02041,P07,1,7012
QL004062,Q02042,P07,1,6439
QL004063,Q02042,P05,1,1022
QL004064,Q02042,P02,1,8089
QL004065,Q02043,P01,1,35845
QL004066,Q02044,P10,1,30525
QL004067,Q02044,P02,1,7163
QL004068,Q02045,P08,1,30290
QL004069,Q02045,P04,1,17662
QL004070,Q02045,P05,1,15869
QL004071,Q02046,P08,1,42862
QL004072,Q02046,P06,1,4898
QL004073,Q02046,P09,1,42614
QL004074,Q02047,P10,1,56808
QL004075,Q02047,P01,1,34999
QL004076,Q02048,P08,1,240767
QL004077,Q02049,P03,1,128852
QL004078,Q02049,P02,1,1588
QL004079,Q02049,P01,1,107338
QL004080,Q02050,P03,1,211874
QL004081,Q02050,P06,1,29458
QL004082,Q02051,P02,1,21097
QL004083,Q02051,P11,1,1041
QL004084,Q02051,P02,1,1233
QL004085,Q02052,P11,1,28712
QL004086,Q02052,P01,1,3542
QL004087,Q02052,P11,1,103876
QL004088,Q02053,P05,1,177470
QL004089,Q02054,P11,1,172302
QL004090,Q02055,P02,1,62731
QL004091,Q02055,P03,1,139690
QL004092,Q02056,P09,1,67921
QL004093,Q02056,P01,1,29551
QL004094,Q02056,P07,1,22376
QL004095,Q02057,P02,1,17429
QL004096,Q02057,P11,1,35083
QL004097,Q02058,P03,1,1072
QL004098,Q02058,P08,1,13170
QL004099,Q02058,P08,1,6947
QL004100,Q02059,P10,1,39419
QL004101,Q02059,P05,1,5100
QL004102,Q02059,P04,1,3984
QL004103,Q02060,P02,1,53798
QL004104,Q02060,P07,1,44417
QL004105,Q02060,P01,1,2638
QL004106,Q02061,P07,1,49726
QL004107,Q02062,P02,1,253683
QL004108,Q02062,P01,1,8872
QL004109,Q02063,P03,1,85432
QL004110,Q02064,P11,1,134077
QL004111,Q02065,P11,1,156515
QL004112,Q02065,P09,1,68711
QL004113,Q02065,P09,1,63012
QL004114,Q02066,P01,1,27346
QL004115,Q02066,P09,1,213517
QL004116,Q02067,P07,1,247963
QL004117,Q02068,P06,1,56523
QL004118,Q02068,P05,1,39224
QL004119,Q02069,P01,1,8663
QL004120,Q02069,P02,1,284036
QL004121,Q02070,P03,1,127734
QL004122,Q02070,P10,1,62995
QL004123,Q02071,P09,1,144810
QL004124,Q02071,P07,1,58190
QL004125,Q02071,P11,1,24783
QL004126,Q02072,P08,1,36783
QL004127,Q02072,P03,1,15331
QL004128,Q02073,P06,1,64691
QL004129,Q02073,P02,1,181641
QL004130,Q02073,P03,1,23184
QL004131,Q02074,P03,1,143074
QL004132,Q02074,P12,1,23722
QL004133,Q02074,P05,1,103711
QL004134,Q02075,P10,1,38092
QL004135,Q02075,P12,1,166256
QL004136,Q02075,P07,1,70838
QL004137,Q02076,P09,1,98445
QL004138,Q02077,P01,1,167313
QL004139,Q02077,P03,1,2055
QL004140,Q02077,P04,1,3046
QL004141,Q02078,P06,1,282433
QL004142,Q02079,P04,1,27909
QL004143,Q02080,P05,1,110894
QL004144,Q02081,P11,1,6940
QL004145,Q02081,P04,1,217909
QL004146,Q02082,P01,1,147606
QL004147,Q02082,P10,1,9327
QL004148,Q02082,P01,1,58452
QL004149,Q02083,P03,1,57673
QL004150,Q02083,P06,1,177913
QL004151,Q02084,P09,1,156512
QL004152,Q02084,P07,1,16999
QL004153,Q02084,P04,1,28345
QL004154,Q02085,P01,1,233401
QL004155,Q02085,P01,1,4216
QL004156,Q02085,P11,1,34702
QL004157,Q02086,P08,1,17141
QL004158,Q02086,P12,1,57649
QL004159,Q02087,P11,1,197777
QL004160,Q02088,P08,1,136739
QL004161,Q02088,P06,1,17161
QL004162,Q02088,P08,1,6362
QL004163,Q02089,P09,1,231798
QL004164,Q02090,P07,1,204676
QL004165,Q02091,P04,1,105987
QL004166,Q02092,P06,1,239269
QL004167,Q02092,P07,1,7553
QL004168,Q02092,P04,1,9617
QL004169,Q02093,P12,1,10922
QL004170,Q02093,P05,1,16649
QL004171,Q02093,P09,1,83133
QL004172,Q02094,P08,1,13045
QL004173,Q02094,P07,1,2046
QL004174,Q02094,P11,1,3502
QL004175,Q02095,P12,1,240153
QL004176,Q02096,P02,1,51681
QL004177,Q02097,P11,1,5209
QL004178,Q02097,P07,1,63349
QL004179,Q02098,P09,1,1487
QL004180,Q02098,P11,1,11004
QL004181,Q02099,P08,1,114047
QL004182,Q02099,P11,1,13460
QL004183,Q02100,P07,1,271248
QL004184,Q02101,P01,1,68316
QL004185,Q02102,P07,1,145353
QL004186,Q02102,P04,1,9617
QL004187,Q02102,P06,1,11971
QL004188,Q02103,P09,1,31440
QL004189,Q02103,P02,1,29871
QL004190,Q02103,P01,1,18620
QL004191,Q02104,P11,1,103134
QL004192,Q02104,P08,1,79534
QL004193,Q02105,P07,1,16956
QL004194,Q02105,P11,1,37063
QL004195,Q02106,P04,1,27227
QL004196,Q02106,P10,1,73623
QL004197,Q02106,P06,1,19149
QL004198,Q02107,P03,1,118476
QL004199,Q02107,P03,1,82973
QL004200,Q02107,P06,1,54862
QL004201,Q02108,P07,1,42747
QL004202,Q02108,P06,1,10543
QL004203,Q02108,P03,1,8571
QL004204,Q02109,P02,1,15499
QL004205,Q02109,P02,1,6602
QL004206,Q02109,P10,1,72401
QL004207,Q02110,P08,1,97270
QL004208,Q02111,P07,1,92625
QL004209,Q02111,P10,1,125628
QL004210,Q02112,P02,1,97811
QL004211,Q02113,P08,1,294581
QL004212,Q02114,P01,1,61733
QL004213,Q02114,P12,1,59199
QL004214,Q02114,P02,1,3193
QL004215,Q02115,P01,1,43061
QL004216,Q02115,P10,1,3452
QL004217,Q02115,P04,1,2731
QL004218,Q02116,P08,1,48842
QL004219,Q02116,P10,1,21590
QL004220,Q02117,P12,1,45693
QL004221,Q02117,P07,1,25518
QL004222,Q02117,P07,1,7970
QL004223,Q02118,P06,1,39522
QL004224,Q02119,P05,1,17804
QL004225,Q02119,P09,1,61288
QL004226,Q02120,P01,1,77214
QL004227,Q02120,P10,1,85939
QL004228,Q02121,P02,1,132721
QL004229,Q02122,P06,1,102186
QL004230,Q02122,P04,1,21821
QL004231,Q02122,P12,1,17736
QL004232,Q02123,P03,1,251443
QL004233,Q02124,P03,1,12673
QL004234,Q02124,P02,1,18954
QL004235,Q02124,P01,1,125922
QL004236,Q02125,P04,1,157577
QL004237,Q02125,P09,1,55122
QL004238,Q02125,P09,1,66255
QL004239,Q02126,P07,1,78537
QL004240,Q02127,P02,1,10745
QL004241,Q02127,P06,1,4186
QL004242,Q02128,P09,1,179845
QL004243,Q02128,P05,1,60444
QL004244,Q02128,P09,1,57432
QL004245,Q02129,P12,1,158323
QL004246,Q02129,P07,1,7407
QL004247,Q02129,P03,1,26057
QL004248,Q02130,P03,1,107746
QL004249,Q02131,P06,1,1508
QL004250,Q02131,P07,1,105209
QL004251,Q02132,P06,1,233427
QL004252,Q02132,P10,1,35109
QL004253,Q02133,P07,1,23630
QL004254,Q02133,P10,1,10875
QL004255,Q02134,P06,1,59330
QL004256,Q02134,P08,1,13166
QL004257,Q02134,P11,1,66875
QL004258,Q02135,P09,1,59087
QL004259,Q02135,P04,1,89842
QL004260,Q02136,P02,1,48029
QL004261,Q02136,P10,1,7560
QL004262,Q02137,P11,1,25056
QL004263,Q02137,P03,1,8814
QL004264,Q02137,P06,1,2520
QL004265,Q02138,P10,1,175062
QL004266,Q02138,P10,1,20592
QL004267,Q02138,P04,1,8885
QL004268,Q02139,P01,1,112634
QL004269,Q02139,P09,1,31850
QL004270,Q02140,P04,1,105760
QL004271,Q02140,P07,1,30669
QL004272,Q02140,P09,1,19765
QL004273,Q02141,P01,1,6197
QL004274,Q02141,P01,1,2811
QL004275,Q02141,P06,1,20407
QL004276,Q02142,P06,1,13240
QL004277,Q02142,P07,1,82596
QL004278,Q02142,P04,1,5063
QL004279,Q02143,P06,1,92615
QL004280,Q02143,P05,1,16307
QL004281,Q02143,P02,1,11054
QL004282,Q02144,P08,1,21567
QL004283,Q02144,P12,1,196312
QL004284,Q02145,P12,1,47482
QL004285,Q02145,P02,1,112699
QL004286,Q02145,P01,1,44358
QL004287,Q02146,P06,1,2578
QL004288,Q02146,P08,1,11781
QL004289,Q02147,P01,1,36445
QL004290,Q02147,P04,1,4127
QL004291,Q02148,P04,1,220247
QL004292,Q02149,P12,1,112401
QL004293,Q02150,P02,1,139012
QL004294,Q02150,P03,1,30330
QL004295,Q02151,P09,1,86472
QL004296,Q02151,P01,1,42598
QL004297,Q02151,P09,1,120968
QL004298,Q02152,P07,1,13088
QL004299,Q02152,P06,1,51629
QL004300,Q02152,P10,1,231125
QL004301,Q02153,P02,1,112698
QL004302,Q02153,P10,1,7777
QL004303,Q02153,P08,1,23857
QL004304,Q02154,P08,1,28027
QL004305,Q02154,P05,1,73582
QL004306,Q02154,P06,1,18191
QL004307,Q02155,P05,1,46493
QL004308,Q02155,P01,1,36452
QL004309,Q02156,P11,1,83802
QL004310,Q02156,P05,1,40056
QL004311,Q02156,P03,1,11624
QL004312,Q02157,P05,1,201580
QL004313,Q02157,P11,1,10360
QL004314,Q02158,P02,1,255339
QL004315,Q02159,P09,1,7076
QL004316,Q02159,P06,1,11209
QL004317,Q02160,P11,1,140172
QL004318,Q02161,P07,1,194409
QL004319,Q02161,P04,1,48816
QL004320,Q02162,P10,1,122588
QL004321,Q02163,P07,1,228581
QL004322,Q02164,P12,1,119553
QL004323,Q02164,P01,1,78120
QL004324,Q02165,P07,1,120407
QL004325,Q02165,P01,1,5078
QL004326,Q02166,P11,1,155134
QL004327,Q02167,P12,1,155205
QL004328,Q02167,P11,1,17135
QL004329,Q02167,P06,1,9428
QL004330,Q02168,P09,1,136743
QL004331,Q02168,P08,1,46546
QL004332,Q02168,P12,1,13071
QL004333,Q02169,P11,1,94930
QL004334,Q02169,P11,1,9032
QL004335,Q02169,P11,1,20839
QL004336,Q02170,P08,1,43425
QL004337,Q02170,P03,1,178320
QL004338,Q02170,P07,1,55164
QL004339,Q02171,P05,1,94480
QL004340,Q02171,P01,1,3815
QL004341,Q02171,P09,1,10892
QL004342,Q02172,P01,1,169495
QL004343,Q02173,P11,1,76248
QL004344,Q02173,P05,1,53137
QL004345,Q02173,P12,1,64605
QL004346,Q02174,P07,1,70558
QL004347,Q02174,P05,1,170017
QL004348,Q02174,P07,1,56977
QL004349,Q02175,P10,1,28838
QL004350,Q02175,P05,1,12854
QL004351,Q02175,P10,1,15289
QL004352,Q02176,P04,1,82327
QL004353,Q02176,P07,1,162953
QL004354,Q02177,P09,1,40571
QL004355,Q02177,P11,1,74978
QL004356,Q02177,P05,1,7948
QL004357,Q02178,P06,1,1049
QL004358,Q02178,P09,1,11554
QL004359,Q02179,P06,1,277762
QL004360,Q02180,P10,1,43290
QL004361,Q02180,P11,1,14943
QL004362,Q02180,P10,1,18978
QL004363,Q02181,P09,1,15084
QL004364,Q02181,P05,1,197397
QL004365,Q02182,P07,1,23888
QL004366,Q02182,P01,1,4319
QL004367,Q02182,P07,1,58363
QL004368,Q02183,P05,1,207668
QL004369,Q02184,P07,1,159051
QL004370,Q02184,P08,1,103779
QL004371,Q02184,P01,1,28029
QL004372,Q02185,P12,1,72870
QL004373,Q02185,P04,1,202223
QL004374,Q02186,P12,1,88329
QL004375,Q02187,P01,1,2056
QL004376,Q02187,P01,1,4219
QL004377,Q02187,P05,1,13781
QL004378,Q02188,P05,1,238408
QL004379,Q02189,P11,1,174413
QL004380,Q02189,P08,1,39198
QL004381,Q02189,P01,1,19138
QL004382,Q02190,P10,1,55791
QL004383,Q02190,P11,1,115274
QL004384,Q02190,P08,1,40421
QL004385,Q02191,P12,1,105632
QL004386,Q02192,P07,1,107442
QL004387,Q02193,P04,1,116717
QL004388,Q02193,P05,1,62197
QL004389,Q02193,P05,1,20499
QL004390,Q02194,P05,1,180526
QL004391,Q02194,P09,1,10635
QL004392,Q02194,P05,1,5196
QL004393,Q02195,P03,1,291637
QL004394,Q02196,P09,1,92592
QL004395,Q02196,P10,1,39888
QL004396,Q02197,P06,1,4117
QL004397,Q02197,P03,1,19931
QL004398,Q02197,P04,1,23442
QL004399,Q02198,P03,1,31866
QL004400,Q02198,P10,1,172709
QL004401,Q02198,P08,1,34539
QL004402,Q02199,P09,1,16800
QL004403,Q02199,P09,1,13281
QL004404,Q02200,P06,1,208206
QL004405,Q02200,P02,1,9353
QL004406,Q02200,P07,1,17698
QL004407,Q02201,P02,1,80073
QL004408,Q02201,P07,1,180340
QL004409,Q02202,P08,1,114321
QL004410,Q02203,P06,1,68938
QL004411,Q02204,P08,1,289827
QL004412,Q02205,P09,1,75912
QL004413,Q02205,P02,1,26085
QL004414,Q02205,P08,1,56971
QL004415,Q02206,P05,1,47149
QL004416,Q02206,P08,1,80672
QL004417,Q02207,P01,1,11676
QL004418,Q02207,P07,1,9458
QL004419,Q02207,P07,1,27669
QL004420,Q02208,P02,1,236582
QL004421,Q02208,P07,1,10231
QL004422,Q02209,P03,1,236711
QL004423,Q02210,P08,1,13939
QL004424,Q02210,P02,1,41746
QL004425,Q02211,P10,1,77029
QL004426,Q02211,P04,1,140909
QL004427,Q02212,P04,1,187404
QL004428,Q02212,P03,1,7727
QL004429,Q02213,P11,1,265311
QL004430,Q02214,P09,1,64444
QL004431,Q02214,P11,1,19480
QL004432,Q02215,P06,1,17274
QL004433,Q02216,P06,1,88964
QL004434,Q02216,P09,1,17597
QL004435,Q02217,P01,1,52852
QL004436,Q02217,P07,1,89160
QL004437,Q02218,P11,1,120140
QL004438,Q02219,P11,1,83889
QL004439,Q02220,P06,1,51942
QL004440,Q02220,P02,1,83087
QL004441,Q02221,P02,1,73057
QL004442,Q02221,P05,1,73542
QL004443,Q02221,P04,1,20188
QL004444,Q02222,P11,1,161977
QL004445,Q02222,P12,1,27191
QL004446,Q02222,P08,1,7825
QL004447,Q02223,P11,1,206220
QL004448,Q02223,P09,1,68797
QL004449,Q02224,P05,1,22266
QL004450,Q02224,P09,1,70780
QL004451,Q02224,P07,1,25738
QL004452,Q02225,P12,1,103868
QL004453,Q02225,P10,1,78484
QL004454,Q02226,P08,1,13946
QL004455,Q02226,P08,1,68183
QL004456,Q02227,P01,1,157721
QL004457,Q02228,P03,1,25571
QL004458,Q02228,P09,1,2439
QL004459,Q02229,P07,1,15202
QL004460,Q02229,P05,1,187191
QL004461,Q02230,P04,1,248936
QL004462,Q02231,P03,1,219391
QL004463,Q02232,P07,1,24178
QL004464,Q02232,P04,1,63194
QL004465,Q02232,P09,1,95901
QL004466,Q02233,P04,1,20526
QL004467,Q02234,P03,1,99654
QL004468,Q02234,P05,1,23249
QL004469,Q02234,P05,1,75805
QL004470,Q02235,P09,1,4622
QL004471,Q02235,P10,1,206438
QL004472,Q02236,P09,1,18369
QL004473,Q02236,P03,1,45819
QL004474,Q02236,P05,1,18640
QL004475,Q02237,P02,1,107832
QL004476,Q02237,P11,1,28251
QL004477,Q02237,P09,1,22486
QL004478,Q02238,P09,1,87192
QL004479,Q02238,P08,1,19897
QL004480,Q02238,P10,1,14448
QL004481,Q02239,P12,1,29789
QL004482,Q02239,P03,1,201031
QL004483,Q02239,P02,1,25839
QL004484,Q02240,P08,1,60010
QL004485,Q02240,P12,1,194373
QL004486,Q02241,P02,1,125112
QL004487,Q02241,P11,1,120010
QL004488,Q02242,P03,1,223225
QL004489,Q02242,P10,1,6041
QL004490,Q02242,P06,1,4088
QL004491,Q02243,P12,1,195899
QL004492,Q02243,P02,1,6044
QL004493,Q02244,P07,1,138230
QL004494,Q02244,P07,1,20783
QL004495,Q02244,P01,1,90666
QL004496,Q02245,P04,1,148036
QL004497,Q02245,P03,1,106766
QL004498,Q02245,P07,1,27687
QL004499,Q02246,P07,1,68134
QL004500,Q02247,P05,1,245241
QL004501,Q02248,P09,1,49586
QL004502,Q02248,P07,1,11262
QL004503,Q02249,P02,1,201568
QL004504,Q02250,P06,1,82766
QL004505,Q02250,P02,1,101669
QL004506,Q02251,P01,1,132907
QL004507,Q02252,P08,1,42723
QL004508,Q02252,P05,1,52193
QL004509,Q02252,P07,1,119935
QL004510,Q02253,P05,1,140954
QL004511,Q02253,P02,1,5386
QL004512,Q02254,P08,1,159419
QL004513,Q02254,P05,1,47825
QL004514,Q02254,P09,1,57772
QL004515,Q02255,P11,1,16750
QL004516,Q02255,P10,1,25607
QL004517,Q02256,P12,1,291444
QL004518,Q02257,P10,1,234654
QL004519,Q02258,P05,1,203321
QL004520,Q02259,P08,1,243469
QL004521,Q02260,P02,1,203026
QL004522,Q02261,P01,1,203431
QL004523,Q02262,P11,1,132455
QL004524,Q02262,P03,1,17797
QL004525,Q02262,P07,1,49620
QL004526,Q02263,P03,1,69290
QL004527,Q02263,P06,1,3528
QL004528,Q02263,P06,1,4212
QL004529,Q02264,P02,1,93636
QL004530,Q02265,P06,1,4932
QL004531,Q02265,P05,1,4409
QL004532,Q02265,P08,1,1848
QL004533,Q02266,P11,1,61838
QL004534,Q02266,P06,1,53590
QL004535,Q02267,P12,1,25054
QL004536,Q02267,P11,1,9739
QL004537,Q02267,P03,1,1376
QL004538,Q02268,P05,1,27689
QL004539,Q02268,P06,1,10188
QL004540,Q02268,P11,1,40040
QL004541,Q02269,P01,1,60330
QL004542,Q02270,P07,1,103314
QL004543,Q02270,P11,1,105424
QL004544,Q02271,P10,1,77542
QL004545,Q02271,P06,1,1254
QL004546,Q02271,P12,1,1097
QL004547,Q02272,P12,1,64071
QL004548,Q02272,P02,1,101383
QL004549,Q02273,P03,1,185008
QL004550,Q02274,P02,1,3741
QL004551,Q02274,P02,1,20517
QL004552,Q02274,P08,1,30658
QL004553,Q02275,P10,1,13885
QL004554,Q02275,P06,1,2542
QL004555,Q02276,P06,1,107958
QL004556,Q02276,P03,1,56730
QL004557,Q02276,P06,1,33927
QL004558,Q02277,P01,1,6721
QL004559,Q02277,P09,1,12279
QL004560,Q02278,P02,1,64766
QL004561,Q02279,P11,1,10454
QL004562,Q02279,P06,1,1223
QL004563,Q02279,P11,1,9554
QL004564,Q02280,P04,1,298740
QL004565,Q02281,P08,1,113986
QL004566,Q02281,P07,1,20353
QL004567,Q02281,P03,1,12858
QL004568,Q02282,P07,1,14803
QL004569,Q02282,P08,1,4264
QL004570,Q02282,P05,1,2988
QL004571,Q02283,P06,1,100670
QL004572,Q02284,P02,1,35216
QL004573,Q02285,P04,1,32351
QL004574,Q02285,P09,1,53382
QL004575,Q02285,P09,1,12039
QL004576,Q02286,P11,1,132447
QL004577,Q02287,P08,1,132741
QL004578,Q02288,P02,1,5702
QL004579,Q02288,P07,1,270037
QL004580,Q02288,P07,1,2343
QL004581,Q02289,P02,1,87348
QL004582,Q02290,P01,1,78500
QL004583,Q02290,P10,1,175010
QL004584,Q02291,P05,1,152181
QL004585,Q02291,P02,1,44424
QL004586,Q02292,P09,1,53844
QL004587,Q02292,P07,1,133412
QL004588,Q02292,P07,1,65569
QL004589,Q02293,P06,1,168510
QL004590,Q02293,P04,1,8000
QL004591,Q02293,P01,1,29162
QL004592,Q02294,P11,1,2050
QL004593,Q02294,P04,1,11393
QL004594,Q02295,P11,1,19087
QL004595,Q02295,P05,1,43382
QL004596,Q02296,P07,1,107841
QL004597,Q02297,P11,1,100925
QL004598,Q02297,P03,1,20101
QL004599,Q02297,P06,1,16396
QL004600,Q02298,P07,1,65617
QL004601,Q02298,P11,1,4121
QL004602,Q02298,P01,1,7345
QL004603,Q02299,P07,1,30750
QL004604,Q02300,P09,1,37403
QL004605,Q02300,P05,1,86333
QL004606,Q02300,P09,1,50295
QL004607,Q02301,P09,1,114236
QL004608,Q02301,P04,1,21630
QL004609,Q02301,P04,1,30392
QL004610,Q02302,P09,1,90478
QL004611,Q02302,P08,1,30710
QL004612,Q02302,P04,1,34278
QL004613,Q02303,P08,1,135116
QL004614,Q02303,P09,1,1864
QL004615,Q02303,P04,1,1317
QL004616,Q02304,P03,1,116487
QL004617,Q02304,P10,1,13201
QL004618,Q02304,P01,1,60305
QL004619,Q02305,P12,1,72897
QL004620,Q02305,P12,1,104268
QL004621,Q02306,P05,1,74359
QL004622,Q02306,P09,1,63058
QL004623,Q02307,P07,1,77220
QL004624,Q02307,P09,1,192826
QL004625,Q02308,P06,1,205340
QL004626,Q02309,P02,1,31053
QL004627,Q02309,P03,1,62487
QL004628,Q02310,P05,1,39856
QL004629,Q02310,P12,1,12938
QL004630,Q02311,P02,1,166343
QL004631,Q02311,P09,1,19001
QL004632,Q02311,P04,1,15529
QL004633,Q02312,P07,1,89245
QL004634,Q02312,P08,1,41347
QL004635,Q02312,P12,1,160838
QL004636,Q02313,P03,1,53792
QL004637,Q02313,P10,1,32896
QL004638,Q02314,P01,1,47281
QL004639,Q02314,P11,1,233501
QL004640,Q02315,P11,1,44925
QL004641,Q02315,P12,1,11019
QL004642,Q02315,P04,1,41009
QL004643,Q02316,P03,1,118226
QL004644,Q02317,P02,1,227390
QL004645,Q02318,P04,1,183532
QL004646,Q02318,P02,1,41598
QL004647,Q02319,P03,1,14046
QL004648,Q02319,P01,1,11093
QL004649,Q02320,P11,1,30924
QL004650,Q02320,P10,1,45204
QL004651,Q02321,P07,1,265332
QL004652,Q02322,P05,1,65528
QL004653,Q02322,P05,1,1905
QL004654,Q02322,P06,1,7856
QL004655,Q02323,P06,1,251770
QL004656,Q02323,P01,1,2563
QL004657,Q02324,P03,1,51832
QL004658,Q02324,P03,1,156346
QL004659,Q02324,P05,1,87911
QL004660,Q02325,P02,1,8620
QL004661,Q02325,P09,1,1732
QL004662,Q02325,P10,1,6407
QL004663,Q02326,P08,1,155771
QL004664,Q02327,P09,1,239956
QL004665,Q02328,P08,1,268887
QL004666,Q02329,P05,1,70419
QL004667,Q02329,P03,1,54137
QL004668,Q02329,P10,1,22625
QL004669,Q02330,P03,1,12749
QL004670,Q02330,P12,1,30535
QL004671,Q02331,P11,1,166578
QL004672,Q02331,P01,1,46716
QL004673,Q02332,P03,1,28496
QL004674,Q02332,P11,1,17212
QL004675,Q02333,P05,1,12293
QL004676,Q02333,P05,1,1406
QL004677,Q02333,P01,1,6757
QL004678,Q02334,P08,1,120869
QL004679,Q02334,P06,1,35967
QL004680,Q02334,P10,1,53707
QL004681,Q02335,P10,1,25343
QL004682,Q02335,P10,1,111959
QL004683,Q02335,P02,1,84402
QL004684,Q02336,P10,1,108096
QL004685,Q02336,P04,1,22812
QL004686,Q02336,P06,1,60498
QL004687,Q02337,P04,1,36055
QL004688,Q02337,P08,1,165969
QL004689,Q02337,P08,1,16678
QL004690,Q02338,P08,1,209414
QL004691,Q02339,P01,1,60385
QL004692,Q02339,P03,1,1238
QL004693,Q02339,P06,1,1774
QL004694,Q02340,P05,1,34054
QL004695,Q02340,P04,1,97720
QL004696,Q02340,P07,1,78226
QL004697,Q02341,P05,1,183625
QL004698,Q02341,P12,1,18813
QL004699,Q02342,P03,1,59558
QL004700,Q02342,P01,1,23127
QL004701,Q02343,P08,1,80908
QL004702,Q02343,P07,1,35081
QL004703,Q02343,P10,1,7727
QL004704,Q02344,P07,1,98731
QL004705,Q02344,P06,1,148259
QL004706,Q02344,P08,1,40896
QL004707,Q02345,P11,1,21506
QL004708,Q02345,P11,1,90396
QL004709,Q02345,P12,1,151887
QL004710,Q02346,P07,1,16457
QL004711,Q02346,P08,1,3430
QL004712,Q02347,P05,1,14066
QL004713,Q02347,P05,1,13240
QL004714,Q02347,P05,1,9113
QL004715,Q02348,P12,1,66062
QL004716,Q02349,P05,1,30814
QL004717,Q02350,P05,1,69411
QL004718,Q02350,P01,1,6508
QL004719,Q02350,P05,1,44108
QL004720,Q02351,P09,1,12663
QL004721,Q02351,P10,1,34681
QL004722,Q02351,P05,1,34368
QL004723,Q02352,P11,1,12574
QL004724,Q02352,P12,1,9103
QL004725,Q02353,P09,1,10160
QL004726,Q02353,P12,1,9159
QL004727,Q02353,P06,1,5610
QL004728,Q02354,P03,1,10143
QL004729,Q02354,P02,1,34064
QL004730,Q02354,P09,1,87648
QL004731,Q02355,P11,1,131305
QL004732,Q02355,P06,1,165206
QL004733,Q02356,P02,1,28613
QL004734,Q02356,P08,1,235519
QL004735,Q02357,P08,1,90125
QL004736,Q02357,P12,1,20347
QL004737,Q02358,P02,1,5132
QL004738,Q02358,P07,1,2210
QL004739,Q02358,P11,1,5523
QL004740,Q02359,P07,1,87675
QL004741,Q02360,P09,1,127532
QL004742,Q02361,P07,1,115812
QL004743,Q02361,P04,1,11652
QL004744,Q02362,P05,1,136989
QL004745,Q02363,P01,1,114747
QL004746,Q02363,P11,1,45528
QL004747,Q02364,P09,1,8146
QL004748,Q02364,P11,1,60467
QL004749,Q02364,P01,1,63876
QL004750,Q02365,P11,1,49509
QL004751,Q02365,P10,1,17364
QL004752,Q02365,P08,1,9105
QL004753,Q02366,P05,1,212684
QL004754,Q02366,P05,1,7358
QL004755,Q02366,P06,1,53732
QL004756,Q02367,P12,1,42544
QL004757,Q02367,P11,1,12205
QL004758,Q02367,P01,1,15681
QL004759,Q02368,P08,1,249457
QL004760,Q02368,P03,1,38835
QL004761,Q02368,P10,1,5857
QL004762,Q02369,P12,1,69445
QL004763,Q02369,P03,1,27614
QL004764,Q02370,P10,1,44572
QL004765,Q02371,P03,1,270314
QL004766,Q02372,P09,1,209335
QL004767,Q02372,P10,1,65412
QL004768,Q02373,P10,1,86635
QL004769,Q02373,P03,1,121724
QL004770,Q02373,P11,1,7162
QL004771,Q02374,P01,1,9848
QL004772,Q02374,P05,1,11049
QL004773,Q02374,P06,1,5332
QL004774,Q02375,P11,1,140156
QL004775,Q02376,P04,1,93593
QL004776,Q02376,P04,1,62617
QL004777,Q02377,P05,1,158989
QL004778,Q02377,P09,1,74895
QL004779,Q02377,P02,1,9649
QL004780,Q02378,P05,1,236442
QL004781,Q02379,P12,1,23732
QL004782,Q02379,P06,1,97496
QL004783,Q02380,P04,1,85967
QL004784,Q02380,P02,1,15022
QL004785,Q02380,P08,1,49796
QL004786,Q02381,P09,1,117176
QL004787,Q02382,P05,1,69967
QL004788,Q02382,P04,1,10207
QL004789,Q02382,P01,1,13488
QL004790,Q02383,P07,1,138217
QL004791,Q02383,P05,1,12113
QL004792,Q02383,P07,1,4480
QL004793,Q02384,P04,1,5979
QL004794,Q02384,P02,1,4454
QL004795,Q02384,P08,1,8252
QL004796,Q02385,P06,1,182237
QL004797,Q02385,P03,1,48948
QL004798,Q02385,P05,1,63836
QL004799,Q02386,P06,1,3339
QL004800,Q02386,P03,1,45802
QL004801,Q02386,P04,1,117698
QL004802,Q02387,P11,1,258278
QL004803,Q02388,P02,1,126647
QL004804,Q02389,P12,1,2520
QL004805,Q02389,P03,1,11816
QL004806,Q02390,P09,1,31815
QL004807,Q02390,P09,1,1000
QL004808,Q02390,P02,1,1022
QL004809,Q02391,P01,1,289886
QL004810,Q02391,P07,1,2029
QL004811,Q02391,P01,1,1419
QL004812,Q02392,P11,1,192691
QL004813,Q02392,P09,1,44934
QL004814,Q02392,P03,1,24039
QL004815,Q02393,P04,1,121340
QL004816,Q02393,P01,1,39385
QL004817,Q02393,P09,1,55687
QL004818,Q02394,P03,1,94658
QL004819,Q02394,P04,1,149750
QL004820,Q02395,P06,1,72624
QL004821,Q02395,P10,1,34698
QL004822,Q02396,P07,1,172389
QL004823,Q02396,P11,1,40117
QL004824,Q02396,P02,1,30912
QL004825,Q02397,P07,1,16222
QL004826,Q02397,P12,1,30571
QL004827,Q02398,P06,1,235238
QL004828,Q02399,P01,1,49315
QL004829,Q02400,P11,1,20074
QL004830,Q02400,P02,1,33025
QL004831,Q02400,P08,1,37755
QL004832,Q02401,P10,1,165753
QL004833,Q02401,P12,1,32556
QL004834,Q02401,P07,1,16622
QL004835,Q02402,P05,1,238780
QL004836,Q02403,P11,1,109376
QL004837,Q02404,P07,1,181297
QL004838,Q02405,P02,1,18008
QL004839,Q02405,P07,1,56861
QL004840,Q02405,P11,1,89099
QL004841,Q02406,P11,1,14643
QL004842,Q02406,P06,1,69584
QL004843,Q02407,P03,1,15061
QL004844,Q02407,P12,1,90686
QL004845,Q02408,P02,1,1917
QL004846,Q02408,P05,1,8142
QL004847,Q02408,P06,1,21513
QL004848,Q02409,P07,1,194600
QL004849,Q02409,P01,1,7500
QL004850,Q02409,P06,1,63065
QL004851,Q02410,P11,1,97826
QL004852,Q02411,P11,1,202144
QL004853,Q02412,P06,1,61584
QL004854,Q02413,P08,1,70551
QL004855,Q02413,P09,1,149486
QL004856,Q02414,P05,1,109616
QL004857,Q02414,P11,1,7086
QL004858,Q02414,P09,1,13610
QL004859,Q02415,P08,1,4336
QL004860,Q02415,P10,1,7547
QL004861,Q02415,P08,1,28165
QL004862,Q02416,P04,1,38780
QL004863,Q02416,P12,1,71659
QL004864,Q02416,P03,1,12099
QL004865,Q02417,P11,1,112517
QL004866,Q02418,P03,1,23117
QL004867,Q02418,P08,1,22297
QL004868,Q02419,P04,1,18741
QL004869,Q02419,P10,1,4804
QL004870,Q02420,P12,1,35887
QL004871,Q02421,P12,1,45421
QL004872,Q02421,P09,1,90139
QL004873,Q02422,P12,1,9231
QL004874,Q02422,P07,1,17010
QL004875,Q02423,P10,1,129915
QL004876,Q02424,P07,1,104440
QL004877,Q02424,P09,1,8964
QL004878,Q02424,P04,1,171496
QL004879,Q02425,P02,1,11930
QL004880,Q02425,P06,1,16412
QL004881,Q02426,P04,1,11042
QL004882,Q02426,P06,1,114591
QL004883,Q02427,P05,1,105188
QL004884,Q02427,P12,1,4504
QL004885,Q02427,P05,1,13283
QL004886,Q02428,P12,1,203379
QL004887,Q02429,P08,1,13536
QL004888,Q02430,P03,1,112981
QL004889,Q02430,P04,1,107000
QL004890,Q02431,P02,1,68332
QL004891,Q02432,P05,1,60751
QL004892,Q02432,P03,1,95108
QL004893,Q02433,P09,1,158578
QL004894,Q02434,P09,1,5693
QL004895,Q02434,P02,1,32306
QL004896,Q02434,P11,1,11048
QL004897,Q02435,P01,1,88174
QL004898,Q02435,P07,1,2491
QL004899,Q02436,P09,1,83472
QL004900,Q02437,P02,1,38429
QL004901,Q02437,P09,1,49893
QL004902,Q02438,P09,1,174668
QL004903,Q02439,P10,1,75241
QL004904,Q02440,P08,1,7734
QL004905,Q02440,P12,1,7579
QL004906,Q02440,P09,1,20113
QL004907,Q02441,P03,1,135104
QL004908,Q02442,P11,1,64965
QL004909,Q02442,P02,1,231702
QL004910,Q02443,P06,1,97141
QL004911,Q02443,P11,1,4204
QL004912,Q02444,P04,1,5455
QL004913,Q02444,P10,1,7613
QL004914,Q02444,P01,1,3627
QL004915,Q02445,P01,1,30753
QL004916,Q02446,P04,1,245909
QL004917,Q02447,P02,1,63168
QL004918,Q02448,P12,1,140149
QL004919,Q02449,P04,1,40742
QL004920,Q02449,P01,1,258533
QL004921,Q02450,P04,1,4282
QL004922,Q02450,P02,1,161338
QL004923,Q02451,P02,1,239833
QL004924,Q02452,P01,1,32801
QL004925,Q02452,P03,1,183384
QL004926,Q02453,P01,1,39269
QL004927,Q02453,P07,1,55651
QL004928,Q02453,P09,1,6925
QL004929,Q02454,P09,1,124245
QL004930,Q02455,P03,1,61490
QL004931,Q02456,P10,1,25403
QL004932,Q02457,P06,1,141000
QL004933,Q02458,P11,1,123861
QL004934,Q02458,P04,1,111852
QL004935,Q02458,P08,1,49749
QL004936,Q02459,P12,1,181925
QL004937,Q02459,P01,1,2296
QL004938,Q02459,P04,1,1215
QL004939,Q02460,P05,1,241505
QL004940,Q02461,P12,1,48824
QL004941,Q02461,P04,1,113457
QL004942,Q02461,P10,1,43550
QL004943,Q02462,P08,1,42719
QL004944,Q02462,P01,1,152839
QL004945,Q02463,P07,1,96733
QL004946,Q02464,P11,1,26859
QL004947,Q02464,P02,1,74796
QL004948,Q02465,P04,1,9349
QL004949,Q02465,P06,1,128658
QL004950,Q02466,P08,1,118046
QL004951,Q02467,P08,1,37860
QL004952,Q02467,P06,1,230007
QL004953,Q02468,P01,1,87196
QL004954,Q02468,P07,1,1259
QL004955,Q02468,P05,1,114868
QL004956,Q02469,P02,1,5117
QL004957,Q02469,P12,1,11408
QL004958,Q02470,P10,1,224336
QL004959,Q02471,P07,1,36726
QL004960,Q02471,P10,1,26497
QL004961,Q02471,P11,1,22905
QL004962,Q02472,P03,1,67486
QL004963,Q02472,P03,1,1871
QL004964,Q02472,P03,1,2066
QL004965,Q02473,P04,1,56438
QL004966,Q02474,P05,1,127262
QL004967,Q02475,P08,1,14608
QL004968,Q02475,P10,1,4404
QL004969,Q02475,P08,1,19749
QL004970,Q02476,P04,1,112379
QL004971,Q02476,P02,1,113366
QL004972,Q02477,P05,1,43316
QL004973,Q02477,P01,1,4709
QL004974,Q02477,P03,1,94691
QL004975,Q02478,P01,1,17155
QL004976,Q02479,P06,1,161660
QL004977,Q02479,P04,1,29509
QL004978,Q02480,P05,1,212614
QL004979,Q02481,P01,1,65783
QL004980,Q02482,P11,1,70795
QL004981,Q02483,P06,1,262294
QL004982,Q02484,P02,1,97317
QL004983,Q02484,P01,1,12000
QL004984,Q02485,P09,1,19954
QL004985,Q02485,P05,1,73000
QL004986,Q02485,P03,1,16322
QL004987,Q02486,P02,1,2551
QL004988,Q02486,P09,1,174814
QL004989,Q02487,P12,1,65805
QL004990,Q02488,P01,1,97701
QL004991,Q02488,P11,1,1049
QL004992,Q02488,P01,1,20900
QL004993,Q02489,P06,1,121988
QL004994,Q02489,P05,1,52262
QL004995,Q02490,P06,1,206078
QL004996,Q02490,P01,1,24822
QL004997,Q02491,P06,1,83042
QL004998,Q02491,P05,1,54534
QL004999,Q02492,P11,1,19738
QL005000,Q02492,P04,1,26936
QL005001,Q02492,P06,1,7832
QL005002,Q02493,P06,1,244329
QL005003,Q02494,P08,1,146499
QL005004,Q02494,P10,1,28464
QL005005,Q02495,P08,1,71663
QL005006,Q02495,P09,1,3833
QL005007,Q02495,P03,1,3112
QL005008,Q02496,P07,1,22786
QL005009,Q02496,P10,1,27839
QL005010,Q02497,P02,1,101845
QL005011,Q02497,P06,1,74388
QL005012,Q02498,P04,1,1685
QL005013,Q02498,P12,1,40677
QL005014,Q02498,P02,1,59482
QL005015,Q02499,P12,1,40256
QL005016,Q02499,P10,1,117474
QL005017,Q02500,P04,1,121052
QL005018,Q02501,P12,1,60565
QL005019,Q02502,P10,1,65477
QL005020,Q02502,P12,1,82758
QL005021,Q02503,P05,1,196919
QL005022,Q02504,P12,1,141345
QL005023,Q02504,P01,1,101393
QL005024,Q02505,P09,1,293578
QL005025,Q02506,P09,1,98401
QL005026,Q02506,P08,1,10960
QL005027,Q02507,P07,1,157206
QL005028,Q02507,P07,1,4961
QL005029,Q02507,P02,1,1532
QL005030,Q02508,P05,1,128294
QL005031,Q02508,P04,1,70130
QL005032,Q02509,P07,1,172340
QL005033,Q02509,P05,1,13539
QL005034,Q02509,P08,1,52808
QL005035,Q02510,P02,1,10957
QL005036,Q02510,P02,1,154625
QL005037,Q02511,P10,1,44744
QL005038,Q02512,P05,1,14930
QL005039,Q02512,P05,1,46104
QL005040,Q02512,P08,1,2562
QL005041,Q02513,P09,1,46563
QL005042,Q02513,P02,1,56747
QL005043,Q02514,P11,1,25590
QL005044,Q02514,P05,1,20344
QL005045,Q02515,P05,1,16984
QL005046,Q02515,P08,1,2180
QL005047,Q02516,P08,1,76022
QL005048,Q02516,P04,1,145291
QL005049,Q02516,P06,1,16712
QL005050,Q02517,P04,1,22404
QL005051,Q02517,P08,1,23915
QL005052,Q02517,P09,1,11721
QL005053,Q02518,P09,1,50264
QL005054,Q02518,P01,1,42853
QL005055,Q02518,P06,1,109821
QL005056,Q02519,P04,1,41366
QL005057,Q02519,P05,1,76121
QL005058,Q02519,P04,1,14556
QL005059,Q02520,P05,1,237048
QL005060,Q02520,P11,1,30908
QL005061,Q02521,P12,1,147181
QL005062,Q02522,P07,1,247755
QL005063,Q02523,P05,1,49024
QL005064,Q02524,P05,1,62818
QL005065,Q02524,P09,1,200990
QL005066,Q02525,P06,1,265916
QL005067,Q02526,P12,1,34783
QL005068,Q02526,P02,1,78134
QL005069,Q02527,P11,1,50362
QL005070,Q02528,P02,1,140225
QL005071,Q02528,P07,1,73508
QL005072,Q02528,P06,1,11760
QL005073,Q02529,P01,1,280651
QL005074,Q02530,P12,1,76575
QL005075,Q02530,P02,1,7347
QL005076,Q02530,P06,1,44188
QL005077,Q02531,P05,1,31466
QL005078,Q02531,P08,1,50883
QL005079,Q02532,P08,1,103214
QL005080,Q02532,P03,1,2050
QL005081,Q02532,P12,1,174959
QL005082,Q02533,P06,1,13178
QL005083,Q02533,P12,1,50850
QL005084,Q02533,P09,1,94330
QL005085,Q02534,P04,1,10065
QL005086,Q02534,P08,1,32096
QL005087,Q02534,P12,1,52830
QL005088,Q02535,P02,1,20382
QL005089,Q02535,P01,1,5861
QL005090,Q02535,P08,1,215530
QL005091,Q02536,P02,1,161839
QL005092,Q02537,P01,1,59627
QL005093,Q02537,P12,1,46894
QL005094,Q02538,P10,1,166654
QL005095,Q02538,P05,1,17209
QL005096,Q02538,P01,1,25294
QL005097,Q02539,P08,1,123763
QL005098,Q02539,P09,1,73442
QL005099,Q02540,P01,1,1285
QL005100,Q02540,P04,1,55385
QL005101,Q02540,P05,1,88143
QL005102,Q02541,P09,1,9012
QL005103,Q02541,P06,1,114095
QL005104,Q02542,P06,1,50620
QL005105,Q02542,P01,1,160066
QL005106,Q02543,P12,1,1510
QL005107,Q02543,P01,1,8388
QL005108,Q02543,P03,1,58659
QL005109,Q02544,P02,1,91831
QL005110,Q02544,P12,1,36086
QL005111,Q02545,P08,1,35238
QL005112,Q02545,P05,1,85706
QL005113,Q02545,P03,1,9248
QL005114,Q02546,P06,1,149292
QL005115,Q02546,P06,1,56639
QL005116,Q02547,P10,1,72098
QL005117,Q02547,P10,1,111465
QL005118,Q02548,P05,1,38625
QL005119,Q02548,P05,1,115009
QL005120,Q02548,P03,1,1887
QL005121,Q02549,P08,1,134619
QL005122,Q02549,P05,1,48863
QL005123,Q02549,P07,1,23693
QL005124,Q02550,P04,1,4139
QL005125,Q02550,P02,1,3452
QL005126,Q02550,P05,1,20685
QL005127,Q02551,P06,1,82646
QL005128,Q02551,P10,1,71874
QL005129,Q02551,P08,1,1048
QL005130,Q02552,P01,1,133535
QL005131,Q02553,P06,1,87393
QL005132,Q02553,P02,1,12569
QL005133,Q02553,P06,1,109437
QL005134,Q02554,P02,1,247984
QL005135,Q02555,P10,1,194179
QL005136,Q02555,P01,1,15711
QL005137,Q02556,P02,1,243406
QL005138,Q02556,P02,1,4468
QL005139,Q02556,P04,1,47618
QL005140,Q02557,P12,1,12077
QL005141,Q02557,P05,1,83031
QL005142,Q02557,P11,1,13614
QL005143,Q02558,P08,1,281764
QL005144,Q02559,P08,1,233158
QL005145,Q02560,P01,1,95387
QL005146,Q02561,P05,1,228549
QL005147,Q02562,P08,1,53099
QL005148,Q02563,P06,1,98757
QL005149,Q02564,P07,1,160792
QL005150,Q02564,P06,1,12738
QL005151,Q02564,P10,1,19932
QL005152,Q02565,P05,1,46143
QL005153,Q02566,P09,1,11623
QL005154,Q02566,P02,1,61277
QL005155,Q02566,P12,1,6966
QL005156,Q02567,P02,1,8273
QL005157,Q02567,P06,1,173994
QL005158,Q02568,P04,1,254556
QL005159,Q02569,P11,1,3155
QL005160,Q02569,P07,1,12623
QL005161,Q02570,P08,1,259799
QL005162,Q02571,P09,1,260663
QL005163,Q02572,P06,1,213281
QL005164,Q02572,P03,1,8090
QL005165,Q02573,P09,1,239687
QL005166,Q02573,P03,1,49937
QL005167,Q02573,P10,1,8212
QL005168,Q02574,P10,1,121526
QL005169,Q02574,P08,1,59887
QL005170,Q02575,P04,1,11489
QL005171,Q02576,P12,1,67021
QL005172,Q02576,P06,1,25323
QL005173,Q02576,P08,1,101551
QL005174,Q02577,P01,1,4945
QL005175,Q02577,P06,1,6910
QL005176,Q02577,P05,1,24935
QL005177,Q02578,P05,1,286187
QL005178,Q02579,P04,1,32179
QL005179,Q02580,P12,1,120356
QL005180,Q02581,P05,1,135464
QL005181,Q02581,P06,1,77127
QL005182,Q02582,P05,1,212337
QL005183,Q02582,P05,1,33350
QL005184,Q02583,P08,1,27343
QL005185,Q02583,P12,1,4036
QL005186,Q02584,P03,1,45886
QL005187,Q02585,P06,1,45309
QL005188,Q02585,P03,1,16323
QL005189,Q02586,P03,1,224052
QL005190,Q02587,P04,1,94783
QL005191,Q02587,P01,1,13139
QL005192,Q02587,P12,1,29777
QL005193,Q02588,P10,1,104720
QL005194,Q02588,P10,1,28327
QL005195,Q02589,P06,1,167766
QL005196,Q02589,P12,1,70983
QL005197,Q02589,P08,1,1443
QL005198,Q02590,P06,1,63042
QL005199,Q02590,P08,1,104391
QL005200,Q02591,P04,1,1542
QL005201,Q02591,P12,1,136843
QL005202,Q02592,P02,1,141526
QL005203,Q02592,P03,1,1592
QL005204,Q02593,P08,1,84048
QL005205,Q02593,P03,1,80937
QL005206,Q02593,P02,1,27235
QL005207,Q02594,P09,1,96708
QL005208,Q02594,P10,1,13638
QL005209,Q02594,P09,1,4822
QL005210,Q02595,P05,1,44284
QL005211,Q02595,P01,1,191209
QL005212,Q02596,P02,1,214271
QL005213,Q02597,P10,1,45646
QL005214,Q02598,P01,1,72160
QL005215,Q02599,P04,1,216600
QL005216,Q02599,P06,1,26870
QL005217,Q02599,P11,1,18125
QL005218,Q02600,P05,1,41871
QL005219,Q02600,P01,1,7957
QL005220,Q02600,P09,1,51400
QL005221,Q02601,P03,1,147913
QL005222,Q02602,P05,1,22537
QL005223,Q02602,P08,1,73214
QL005224,Q02602,P08,1,33055
QL005225,Q02603,P12,1,157849
QL005226,Q02603,P11,1,52059
QL005227,Q02603,P10,1,1570
QL005228,Q02604,P01,1,144593
QL005229,Q02605,P09,1,191521
QL005230,Q02605,P05,1,62776
QL005231,Q02606,P01,1,26407
QL005232,Q02606,P05,1,91696
QL005233,Q02607,P08,1,17671
QL005234,Q02607,P06,1,38838
QL005235,Q02607,P02,1,55489
QL005236,Q02608,P06,1,14171
QL005237,Q02608,P12,1,34810
QL005238,Q02609,P08,1,23009
QL005239,Q02609,P06,1,107950
QL005240,Q02610,P10,1,12050
QL005241,Q02610,P04,1,101601
QL005242,Q02611,P05,1,66766
QL005243,Q02611,P06,1,148015
QL005244,Q02612,P03,1,38048
QL005245,Q02612,P12,1,247792
QL005246,Q02613,P10,1,112351
QL005247,Q02614,P12,1,24794
QL005248,Q02614,P07,1,61062
QL005249,Q02614,P09,1,102848
QL005250,Q02615,P09,1,80663
QL005251,Q02615,P09,1,38147
QL005252,Q02616,P08,1,79979
QL005253,Q02616,P04,1,8580
QL005254,Q02617,P11,1,78950
QL005255,Q02618,P06,1,250198
QL005256,Q02619,P06,1,95109
QL005257,Q02619,P02,1,153952
QL005258,Q02620,P12,1,213883
QL005259,Q02621,P09,1,129490
QL005260,Q02621,P08,1,66836
QL005261,Q02622,P12,1,94833
QL005262,Q02622,P03,1,53518
QL005263,Q02622,P09,1,33366
QL005264,Q02623,P04,1,110090
QL005265,Q02623,P01,1,35750
QL005266,Q02624,P10,1,154638
QL005267,Q02624,P02,1,11637
QL005268,Q02625,P03,1,153738
QL005269,Q02625,P09,1,29214
QL005270,Q02625,P10,1,45101
QL005271,Q02626,P06,1,103570
QL005272,Q02626,P03,1,12873
QL005273,Q02626,P03,1,46030
QL005274,Q02627,P03,1,167690
QL005275,Q02627,P10,1,57196
QL005276,Q02628,P04,1,67490
QL005277,Q02629,P07,1,7634
QL005278,Q02629,P05,1,110575
QL005279,Q02630,P10,1,14662
QL005280,Q02631,P11,1,167365
QL005281,Q02631,P05,1,9938
QL005282,Q02632,P09,1,81389
QL005283,Q02632,P04,1,52417
QL005284,Q02633,P01,1,60679
QL005285,Q02634,P10,1,9310
QL005286,Q02634,P11,1,132151
QL005287,Q02634,P10,1,29933
QL005288,Q02635,P08,1,37259
QL005289,Q02636,P08,1,56892
QL005290,Q02636,P11,1,1932
QL005291,Q02636,P06,1,126205
QL005292,Q02637,P12,1,155537
QL005293,Q02637,P01,1,93754
QL005294,Q02638,P01,1,275790
QL005295,Q02639,P08,1,159950
QL005296,Q02639,P06,1,60053
QL005297,Q02639,P10,1,11295
QL005298,Q02640,P11,1,120862
QL005299,Q02640,P10,1,72044
QL005300,Q02641,P05,1,63363
QL005301,Q02642,P07,1,127417
QL005302,Q02643,P11,1,209400
QL005303,Q02644,P07,1,76419
QL005304,Q02644,P03,1,11561
QL005305,Q02644,P03,1,8868
QL005306,Q02645,P02,1,34324
QL005307,Q02645,P03,1,3090
QL005308,Q02646,P02,1,260574
QL005309,Q02647,P08,1,129002
QL005310,Q02648,P09,1,126245
QL005311,Q02648,P06,1,138519
QL005312,Q02649,P10,1,24815
QL005313,Q02649,P01,1,203437
QL005314,Q02650,P08,1,63807
QL005315,Q02650,P04,1,44783
QL005316,Q02650,P01,1,47150
QL005317,Q02651,P12,1,271012
QL005318,Q02652,P10,1,120601
QL005319,Q02653,P07,1,101886
QL005320,Q02654,P07,1,43125
QL005321,Q02654,P06,1,16532
QL005322,Q02655,P10,1,94018
QL005323,Q02655,P12,1,5502
QL005324,Q02655,P12,1,9924
QL005325,Q02656,P04,1,221886
QL005326,Q02657,P01,1,50951
QL005327,Q02658,P07,1,194915
QL005328,Q02658,P05,1,28722
QL005329,Q02658,P10,1,20758
QL005330,Q02659,P11,1,38709
QL005331,Q02659,P11,1,25949
QL005332,Q02660,P10,1,18893
QL005333,Q02660,P06,1,65631
QL005334,Q02660,P03,1,210370
QL005335,Q02661,P12,1,16828
QL005336,Q02661,P05,1,10262
QL005337,Q02661,P01,1,13990
QL005338,Q02662,P01,1,194212
QL005339,Q02662,P12,1,53015
QL005340,Q02663,P01,1,87332
QL005341,Q02663,P02,1,48845
QL005342,Q02663,P03,1,107204
QL005343,Q02664,P06,1,234904
QL005344,Q02665,P05,1,98385
QL005345,Q02666,P11,1,60428
QL005346,Q02666,P12,1,7886
QL005347,Q02666,P05,1,8376
QL005348,Q02667,P11,1,31580
QL005349,Q02667,P01,1,12573
QL005350,Q02667,P03,1,8177
QL005351,Q02668,P10,1,13829
QL005352,Q02668,P07,1,21867
QL005353,Q02669,P12,1,118983
QL005354,Q02669,P06,1,48952
QL005355,Q02670,P06,1,199598
QL005356,Q02670,P09,1,41875
QL005357,Q02671,P09,1,74677
QL005358,Q02672,P08,1,230065
QL005359,Q02673,P12,1,25501
QL005360,Q02673,P11,1,50542
QL005361,Q02674,P12,1,98463
QL005362,Q02674,P10,1,33826
QL005363,Q02674,P10,1,1410
QL005364,Q02675,P09,1,26478
QL005365,Q02675,P04,1,7514
QL005366,Q02676,P02,1,54698
QL005367,Q02676,P01,1,5476
QL005368,Q02677,P04,1,248861
QL005369,Q02678,P03,1,145414
QL005370,Q02679,P08,1,42935
QL005371,Q02679,P06,1,85379
QL005372,Q02680,P11,1,167974
QL005373,Q02681,P01,1,108212
QL005374,Q02682,P12,1,84736
QL005375,Q02683,P09,1,260360
QL005376,Q02684,P04,1,1148
QL005377,Q02684,P04,1,3337
QL005378,Q02684,P05,1,10799
QL005379,Q02685,P02,1,34897
QL005380,Q02686,P05,1,174578
QL005381,Q02687,P11,1,97510
QL005382,Q02687,P10,1,102204
QL005383,Q02688,P12,1,84844
QL005384,Q02689,P06,1,57495
QL005385,Q02690,P05,1,147925
QL005386,Q02691,P10,1,113122
QL005387,Q02691,P05,1,167518
QL005388,Q02692,P09,1,101213
QL005389,Q02692,P03,1,2966
QL005390,Q02693,P09,1,63037
QL005391,Q02693,P04,1,228722
QL005392,Q02694,P08,1,219868
QL005393,Q02695,P06,1,49849
QL005394,Q02695,P01,1,4067
QL005395,Q02695,P06,1,1844
QL005396,Q02696,P03,1,121429
QL005397,Q02696,P09,1,35944
QL005398,Q02696,P06,1,41510
QL005399,Q02697,P01,1,17944
QL005400,Q02697,P12,1,87995
QL005401,Q02698,P04,1,269250
QL005402,Q02699,P07,1,73276
QL005403,Q02699,P12,1,158889
QL005404,Q02700,P12,1,200350
QL005405,Q02700,P08,1,41153
QL005406,Q02701,P09,1,87914
QL005407,Q02701,P08,1,10442
QL005408,Q02701,P12,1,3640
QL005409,Q02702,P03,1,125113
QL005410,Q02702,P04,1,3706
QL005411,Q02702,P02,1,1004
QL005412,Q02703,P10,1,61946
QL005413,Q02703,P12,1,118224
QL005414,Q02703,P09,1,100947
QL005415,Q02704,P03,1,104939
QL005416,Q02704,P09,1,72989
QL005417,Q02705,P01,1,26912
QL005418,Q02705,P02,1,69723
QL005419,Q02705,P12,1,17971
QL005420,Q02706,P06,1,36002
QL005421,Q02706,P02,1,13215
QL005422,Q02707,P02,1,21486
QL005423,Q02707,P03,1,124780
QL005424,Q02708,P07,1,131321
QL005425,Q02708,P12,1,8983
QL005426,Q02709,P11,1,46966
QL005427,Q02709,P04,1,14158
QL005428,Q02709,P04,1,133587
QL005429,Q02710,P09,1,45663
QL005430,Q02710,P09,1,27036
QL005431,Q02710,P08,1,3578
QL005432,Q02711,P01,1,178579
QL005433,Q02712,P03,1,4821
QL005434,Q02712,P05,1,81197
QL005435,Q02713,P05,1,195100
QL005436,Q02714,P08,1,138156
QL005437,Q02714,P06,1,44738
QL005438,Q02715,P02,1,54549
QL005439,Q02715,P03,1,25192
QL005440,Q02716,P05,1,54276
QL005441,Q02716,P01,1,185593
QL005442,Q02717,P09,1,213260
QL005443,Q02717,P03,1,2918
QL005444,Q02717,P06,1,3926
QL005445,Q02718,P03,1,226679
QL005446,Q02718,P06,1,50284
QL005447,Q02719,P12,1,175512
QL005448,Q02719,P05,1,2859
QL005449,Q02720,P04,1,164997
QL005450,Q02720,P06,1,34308
QL005451,Q02721,P08,1,128716
QL005452,Q02722,P07,1,28666
QL005453,Q02722,P01,1,3962
QL005454,Q02722,P04,1,2317
QL005455,Q02723,P04,1,59821
QL005456,Q02723,P11,1,56248
QL005457,Q02723,P07,1,32652
QL005458,Q02724,P07,1,199406
QL005459,Q02725,P05,1,60310
QL005460,Q02726,P07,1,72732
QL005461,Q02726,P12,1,5311
QL005462,Q02726,P11,1,31711
QL005463,Q02727,P06,1,4348
QL005464,Q02727,P10,1,117056
QL005465,Q02728,P01,1,39780
QL005466,Q02728,P10,1,65883
QL005467,Q02729,P01,1,131930
QL005468,Q02730,P06,1,136040
QL005469,Q02730,P09,1,56025
QL005470,Q02731,P07,1,96788
QL005471,Q02731,P07,1,2249
QL005472,Q02731,P06,1,1497
QL005473,Q02732,P08,1,21497
QL005474,Q02732,P12,1,86142
QL005475,Q02732,P04,1,2190
QL005476,Q02733,P09,1,117472
QL005477,Q02733,P01,1,24694
QL005478,Q02734,P08,1,65468
QL005479,Q02734,P07,1,7489
QL005480,Q02734,P08,1,56724
QL005481,Q02735,P11,1,10690
QL005482,Q02735,P01,1,72339
QL005483,Q02736,P07,1,107635
QL005484,Q02737,P09,1,54101
QL005485,Q02738,P07,1,29748
QL005486,Q02738,P06,1,164112
QL005487,Q02738,P03,1,17154
QL005488,Q02739,P04,1,44857
QL005489,Q02739,P08,1,19385
QL005490,Q02739,P06,1,59070
QL005491,Q02740,P08,1,182472
QL005492,Q02740,P05,1,1054
QL005493,Q02740,P10,1,46737
QL005494,Q02741,P02,1,41556
QL005495,Q02742,P02,1,110256
QL005496,Q02742,P10,1,20943
QL005497,Q02743,P01,1,15743
QL005498,Q02743,P06,1,24100
QL005499,Q02744,P10,1,154445
QL005500,Q02744,P09,1,3949
QL005501,Q02744,P07,1,12224
QL005502,Q02745,P08,1,66299
QL005503,Q02745,P08,1,120498
QL005504,Q02746,P08,1,3376
QL005505,Q02746,P10,1,10463
QL005506,Q02747,P12,1,39091
QL005507,Q02748,P10,1,65352
QL005508,Q02748,P01,1,93006
QL005509,Q02749,P01,1,237336
QL005510,Q02750,P02,1,33732
QL005511,Q02751,P12,1,12354
QL005512,Q02751,P05,1,16853
QL005513,Q02752,P05,1,11241
QL005514,Q02752,P04,1,50710
QL005515,Q02753,P12,1,122354
QL005516,Q02753,P02,1,2159
QL005517,Q02754,P08,1,67931
QL005518,Q02754,P03,1,125847
QL005519,Q02754,P09,1,64798
QL005520,Q02755,P05,1,88466
QL005521,Q02755,P02,1,99690
QL005522,Q02756,P08,1,13602
QL005523,Q02757,P07,1,3130
QL005524,Q02757,P09,1,4081
QL005525,Q02757,P08,1,23170
QL005526,Q02758,P08,1,9765
QL005527,Q02758,P12,1,10807
QL005528,Q02758,P02,1,48151
QL005529,Q02759,P09,1,225502
QL005530,Q02760,P09,1,225074
QL005531,Q02760,P04,1,4724
QL005532,Q02761,P03,1,171998
QL005533,Q02761,P09,1,5314
QL005534,Q02761,P08,1,4819
QL005535,Q02762,P08,1,86533
QL005536,Q02762,P12,1,181618
QL005537,Q02762,P02,1,25414
QL005538,Q02763,P02,1,52165
QL005539,Q02763,P02,1,23057
QL005540,Q02764,P10,1,19390
QL005541,Q02764,P06,1,224558
QL005542,Q02765,P07,1,147171
QL005543,Q02766,P10,1,84280
QL005544,Q02766,P10,1,19598
QL005545,Q02767,P08,1,33928
QL005546,Q02767,P08,1,4383
QL005547,Q02767,P06,1,60982
QL005548,Q02768,P12,1,292632
QL005549,Q02769,P12,1,95462
QL005550,Q02769,P12,1,9217
QL005551,Q02770,P11,1,292091
QL005552,Q02771,P11,1,6661
QL005553,Q02771,P06,1,5159
QL005554,Q02771,P12,1,1608
QL005555,Q02772,P05,1,278180
QL005556,Q02773,P10,1,71898
QL005557,Q02773,P07,1,20742
QL005558,Q02774,P09,1,254927
QL005559,Q02775,P10,1,274835
QL005560,Q02776,P01,1,106776
QL005561,Q02777,P11,1,16213
QL005562,Q02777,P10,1,50656
QL005563,Q02777,P03,1,97134
QL005564,Q02778,P12,1,5399
QL005565,Q02778,P09,1,5294
QL005566,Q02779,P01,1,110893
QL005567,Q02780,P02,1,75459
QL005568,Q02780,P09,1,14431
QL005569,Q02781,P06,1,54051
QL005570,Q02782,P11,1,43365
QL005571,Q02783,P08,1,176659
QL005572,Q02784,P06,1,27583
QL005573,Q02785,P09,1,156477
QL005574,Q02785,P11,1,80814
QL005575,Q02786,P11,1,90859
QL005576,Q02787,P03,1,42680
QL005577,Q02787,P04,1,31472
QL005578,Q02788,P02,1,98194
QL005579,Q02789,P12,1,30418
QL005580,Q02789,P02,1,14258
QL005581,Q02789,P03,1,48046
QL005582,Q02790,P04,1,113424
QL005583,Q02790,P06,1,172991
QL005584,Q02791,P12,1,263804
QL005585,Q02792,P03,1,27950
QL005586,Q02792,P10,1,225461
QL005587,Q02793,P06,1,195113
QL005588,Q02794,P02,1,58215
QL005589,Q02794,P08,1,4024
QL005590,Q02794,P08,1,30484
QL005591,Q02795,P02,1,160250
QL005592,Q02795,P07,1,98874
QL005593,Q02796,P02,1,263074
QL005594,Q02796,P06,1,9048
QL005595,Q02796,P12,1,19000
QL005596,Q02797,P07,1,32163
QL005597,Q02797,P03,1,61990
QL005598,Q02797,P12,1,39982
QL005599,Q02798,P09,1,255166
QL005600,Q02799,P10,1,216727
QL005601,Q02799,P04,1,5100
QL005602,Q02799,P07,1,15549
QL005603,Q02800,P07,1,106600
QL005604,Q02800,P07,1,91327
QL005605,Q02801,P12,1,48004
QL005606,Q02801,P08,1,147115
QL005607,Q02802,P03,1,208909
QL005608,Q02803,P08,1,270171
QL005609,Q02804,P10,1,188901
QL005610,Q02805,P07,1,152443
QL005611,Q02805,P11,1,62367
QL005612,Q02806,P01,1,100079
QL005613,Q02806,P11,1,183727
QL005614,Q02807,P03,1,46136
QL005615,Q02808,P12,1,3132
QL005616,Q02808,P07,1,3329
QL005617,Q02808,P03,1,46252
QL005618,Q02809,P04,1,34049
QL005619,Q02810,P04,1,29131
QL005620,Q02810,P04,1,77333
QL005621,Q02810,P05,1,42649
QL005622,Q02811,P02,1,14950
QL005623,Q02812,P08,1,12728
QL005624,Q02812,P03,1,10512
QL005625,Q02812,P01,1,8268
QL005626,Q02813,P07,1,84675
QL005627,Q02813,P06,1,99930
QL005628,Q02814,P01,1,22005
QL005629,Q02815,P10,1,227773
QL005630,Q02816,P09,1,62235
QL005631,Q02816,P04,1,57275
QL005632,Q02817,P01,1,233163
QL005633,Q02817,P03,1,37034
QL005634,Q02818,P01,1,127998
QL005635,Q02819,P10,1,104302
QL005636,Q02819,P11,1,3112
QL005637,Q02819,P10,1,13062
QL005638,Q02820,P03,1,241194
QL005639,Q02821,P08,1,27581
QL005640,Q02821,P10,1,2324
QL005641,Q02821,P10,1,62330
QL005642,Q02822,P07,1,272255
QL005643,Q02823,P05,1,101628
QL005644,Q02824,P02,1,20377
QL005645,Q02824,P05,1,205669
QL005646,Q02824,P02,1,26011
QL005647,Q02825,P06,1,227444
QL005648,Q02825,P02,1,14751
QL005649,Q02825,P10,1,11480
QL005650,Q02826,P03,1,16054
QL005651,Q02826,P01,1,17815
QL005652,Q02827,P06,1,110300
QL005653,Q02827,P11,1,54735
QL005654,Q02828,P10,1,139198
QL005655,Q02829,P11,1,57363
QL005656,Q02830,P07,1,74095
QL005657,Q02830,P01,1,5201
QL005658,Q02830,P12,1,11369
QL005659,Q02831,P03,1,70563
QL005660,Q02832,P07,1,248511
QL005661,Q02833,P09,1,46403
QL005662,Q02833,P04,1,21143
QL005663,Q02834,P04,1,134849
QL005664,Q02834,P02,1,149800
QL005665,Q02835,P10,1,187484
QL005666,Q02835,P06,1,28452
QL005667,Q02835,P09,1,11335
QL005668,Q02836,P03,1,6731
QL005669,Q02836,P09,1,5751
QL005670,Q02836,P07,1,15599
QL005671,Q02837,P11,1,238491
QL005672,Q02837,P07,1,4756
QL005673,Q02837,P01,1,1039
QL005674,Q02838,P06,1,95390
QL005675,Q02839,P03,1,110743
QL005676,Q02839,P11,1,57791
QL005677,Q02840,P07,1,37563
QL005678,Q02840,P03,1,41845
QL005679,Q02840,P09,1,52347
QL005680,Q02841,P03,1,183432
QL005681,Q02842,P06,1,47801
QL005682,Q02843,P11,1,43616
QL005683,Q02843,P02,1,244431
QL005684,Q02844,P03,1,3560
QL005685,Q02844,P05,1,251084
QL005686,Q02845,P06,1,38764
QL005687,Q02845,P01,1,17791
QL005688,Q02846,P07,1,229700
QL005689,Q02847,P02,1,164213
QL005690,Q02848,P05,1,213863
QL005691,Q02848,P05,1,3162
QL005692,Q02849,P02,1,268085
QL005693,Q02850,P04,1,121525
QL005694,Q02851,P01,1,150746
QL005695,Q02852,P09,1,3122
QL005696,Q02852,P08,1,6795
QL005697,Q02852,P04,1,3317
QL005698,Q02853,P02,1,102204
QL005699,Q02853,P10,1,71883
QL005700,Q02854,P10,1,2249
QL005701,Q02854,P10,1,81151
QL005702,Q02854,P04,1,2361
QL005703,Q02855,P02,1,111346
QL005704,Q02855,P01,1,1367
QL005705,Q02855,P06,1,3725
QL005706,Q02856,P10,1,21332
QL005707,Q02856,P06,1,4434
QL005708,Q02856,P10,1,15679
QL005709,Q02857,P06,1,41324
QL005710,Q02857,P07,1,6248
QL005711,Q02857,P11,1,12308
QL005712,Q02858,P06,1,156108
QL005713,Q02859,P07,1,77697
QL005714,Q02859,P06,1,51616
QL005715,Q02860,P03,1,117191
QL005716,Q02860,P09,1,58410
QL005717,Q02860,P04,1,73826
QL005718,Q02861,P02,1,150509
QL005719,Q02862,P02,1,57430
QL005720,Q02862,P07,1,27338
QL005721,Q02863,P07,1,73007
QL005722,Q02864,P02,1,33803
QL005723,Q02864,P03,1,3774
QL005724,Q02865,P04,1,16553
QL005725,Q02865,P10,1,1409
QL005726,Q02866,P03,1,18564
QL005727,Q02866,P03,1,41739
QL005728,Q02866,P07,1,32381
QL005729,Q02867,P11,1,149738
QL005730,Q02868,P04,1,258202
QL005731,Q02869,P02,1,61413
QL005732,Q02869,P10,1,105085
QL005733,Q02870,P11,1,153212
QL005734,Q02871,P07,1,191727
QL005735,Q02871,P08,1,1699
QL005736,Q02871,P10,1,69053
QL005737,Q02872,P12,1,49967
QL005738,Q02872,P11,1,53883
QL005739,Q02873,P03,1,48677
QL005740,Q02874,P11,1,188577
QL005741,Q02875,P07,1,8965
QL005742,Q02875,P05,1,81786
QL005743,Q02876,P06,1,116266
QL005744,Q02877,P02,1,57824
QL005745,Q02877,P08,1,10634
QL005746,Q02877,P07,1,49801
QL005747,Q02878,P10,1,115403
QL005748,Q02879,P12,1,223109
QL005749,Q02880,P12,1,149250
QL005750,Q02880,P11,1,101382
QL005751,Q02881,P12,1,270408
QL005752,Q02882,P03,1,56257
QL005753,Q02882,P01,1,10239
QL005754,Q02883,P11,1,205835
QL005755,Q02884,P08,1,12075
QL005756,Q02885,P09,1,121111
QL005757,Q02886,P09,1,211054
QL005758,Q02887,P09,1,238755
QL005759,Q02888,P11,1,151810
QL005760,Q02888,P07,1,19448
QL005761,Q02888,P05,1,23635
QL005762,Q02889,P12,1,57891
QL005763,Q02889,P01,1,2349
QL005764,Q02889,P08,1,14671
QL005765,Q02890,P05,1,107918
QL005766,Q02890,P04,1,101616
QL005767,Q02891,P03,1,106496
QL005768,Q02892,P03,1,247981
QL005769,Q02893,P05,1,217538
QL005770,Q02893,P08,1,15868
QL005771,Q02893,P06,1,55150
QL005772,Q02894,P12,1,69472
QL005773,Q02894,P11,1,221521
QL005774,Q02895,P12,1,78554
QL005775,Q02896,P10,1,73107
QL005776,Q02896,P07,1,9344
QL005777,Q02896,P01,1,11204
QL005778,Q02897,P06,1,141918
QL005779,Q02897,P07,1,8417
QL005780,Q02897,P10,1,15734
QL005781,Q02898,P01,1,17706
QL005782,Q02898,P09,1,5264
QL005783,Q02899,P09,1,39872
QL005784,Q02899,P10,1,106297
QL005785,Q02900,P05,1,108124
QL005786,Q02900,P10,1,137814
QL005787,Q02900,P01,1,48607
QL005788,Q02901,P01,1,280213
QL005789,Q02902,P05,1,52799
QL005790,Q02903,P10,1,30047
QL005791,Q02903,P10,1,17568
QL005792,Q02903,P09,1,19353
QL005793,Q02904,P01,1,142282
QL005794,Q02904,P07,1,111102
QL005795,Q02904,P08,1,39848
QL005796,Q02905,P09,1,42455
QL005797,Q02905,P11,1,14639
QL005798,Q02906,P09,1,142926
QL005799,Q02906,P12,1,33334
QL005800,Q02907,P07,1,37371
QL005801,Q02907,P03,1,11258
QL005802,Q02907,P04,1,6718
QL005803,Q02908,P12,1,21660
QL005804,Q02908,P08,1,1481
QL005805,Q02908,P07,1,7512
QL005806,Q02909,P02,1,170175
QL005807,Q02910,P05,1,269181
QL005808,Q02910,P09,1,4205
QL005809,Q02911,P11,1,36693
QL005810,Q02911,P07,1,42573
QL005811,Q02911,P09,1,22384
QL005812,Q02912,P03,1,292605
QL005813,Q02913,P12,1,58964
QL005814,Q02913,P09,1,110495
QL005815,Q02914,P11,1,236286
QL005816,Q02914,P06,1,61842
QL005817,Q02915,P04,1,52625
QL005818,Q02915,P07,1,81153
QL005819,Q02915,P03,1,5390
QL005820,Q02916,P12,1,28503
QL005821,Q02916,P05,1,126002
QL005822,Q02916,P04,1,80928
QL005823,Q02917,P10,1,39793
QL005824,Q02918,P07,1,40777
QL005825,Q02918,P10,1,4492
QL005826,Q02919,P08,1,59949
QL005827,Q02919,P07,1,20645
QL005828,Q02920,P11,1,56883
QL005829,Q02920,P03,1,136352
QL005830,Q02921,P08,1,53729
QL005831,Q02921,P09,1,47587
QL005832,Q02922,P09,1,289975
QL005833,Q02923,P02,1,43820
QL005834,Q02923,P12,1,43882
QL005835,Q02923,P07,1,31535
QL005836,Q02924,P03,1,94503
QL005837,Q02924,P07,1,37558
QL005838,Q02924,P06,1,11282
QL005839,Q02925,P03,1,86292
QL005840,Q02925,P04,1,6298
QL005841,Q02925,P06,1,13949
QL005842,Q02926,P06,1,58855
QL005843,Q02926,P09,1,164288
QL005844,Q02927,P12,1,83426
QL005845,Q02928,P07,1,293371
QL005846,Q02929,P05,1,290459
QL005847,Q02930,P12,1,100128
QL005848,Q02931,P08,1,66862
QL005849,Q02932,P10,1,101863
QL005850,Q02933,P02,1,23845
QL005851,Q02933,P08,1,4515
QL005852,Q02933,P09,1,15725
QL005853,Q02934,P09,1,10800
QL005854,Q02934,P07,1,1297
QL005855,Q02934,P04,1,2144
QL005856,Q02935,P10,1,11417
QL005857,Q02935,P11,1,213899
QL005858,Q02935,P03,1,10555
QL005859,Q02936,P09,1,2711
QL005860,Q02936,P03,1,66352
QL005861,Q02936,P10,1,17157
QL005862,Q02937,P03,1,203240
QL005863,Q02938,P10,1,1494
QL005864,Q02938,P11,1,7458
QL005865,Q02938,P11,1,44452
QL005866,Q02939,P05,1,25913
QL005867,Q02939,P05,1,65418
QL005868,Q02940,P11,1,110370
QL005869,Q02941,P09,1,184043
QL005870,Q02941,P05,1,1646
QL005871,Q02941,P04,1,5010
QL005872,Q02942,P02,1,110274
QL005873,Q02943,P06,1,5767
QL005874,Q02943,P05,1,104035
QL005875,Q02944,P08,1,209589
QL005876,Q02945,P11,1,20545
QL005877,Q02945,P01,1,59717
QL005878,Q02945,P05,1,17876
QL005879,Q02946,P11,1,14449
QL005880,Q02946,P12,1,24178
QL005881,Q02946,P05,1,137713
QL005882,Q02947,P09,1,23394
QL005883,Q02947,P03,1,3325
QL005884,Q02948,P07,1,99608
QL005885,Q02948,P03,1,2069
QL005886,Q02948,P06,1,67245
QL005887,Q02949,P05,1,17422
QL005888,Q02950,P03,1,296250
QL005889,Q02951,P02,1,155777
QL005890,Q02952,P12,1,114471
QL005891,Q02952,P09,1,10883
QL005892,Q02952,P08,1,82207
QL005893,Q02953,P06,1,78776
QL005894,Q02953,P06,1,9481
QL005895,Q02953,P09,1,29988
QL005896,Q02954,P05,1,21129
QL005897,Q02954,P10,1,54980
QL005898,Q02954,P03,1,196012
QL005899,Q02955,P06,1,36052
QL005900,Q02956,P03,1,55363
QL005901,Q02956,P11,1,13655
QL005902,Q02956,P01,1,22211
QL005903,Q02957,P11,1,194044
QL005904,Q02957,P07,1,52594
QL005905,Q02958,P09,1,164731
QL005906,Q02958,P05,1,83923
QL005907,Q02959,P08,1,36629
QL005908,Q02959,P02,1,174122
QL005909,Q02960,P07,1,118437
QL005910,Q02961,P12,1,151879
QL005911,Q02961,P02,1,82514
QL005912,Q02961,P07,1,32831
QL005913,Q02962,P06,1,2772
QL005914,Q02962,P05,1,189905
QL005915,Q02963,P03,1,127434
QL005916,Q02964,P05,1,59861
QL005917,Q02965,P07,1,299028
QL005918,Q02966,P11,1,266576
QL005919,Q02967,P03,1,157381
QL005920,Q02968,P06,1,27708
QL005921,Q02968,P01,1,91711
QL005922,Q02969,P07,1,37293
QL005923,Q02969,P04,1,208965
QL005924,Q02969,P08,1,43512
QL005925,Q02970,P12,1,8374
QL005926,Q02970,P01,1,204122
QL005927,Q02970,P06,1,5364
QL005928,Q02971,P04,1,2789
QL005929,Q02971,P02,1,5690
QL005930,Q02971,P04,1,16643
QL005931,Q02972,P12,1,15705
QL005932,Q02972,P06,1,50556
QL005933,Q02972,P03,1,2859
QL005934,Q02973,P06,1,41876
QL005935,Q02973,P07,1,95833
QL005936,Q02974,P09,1,79963
QL005937,Q02974,P03,1,110173
QL005938,Q02975,P12,1,26623
QL005939,Q02975,P03,1,3155
QL005940,Q02975,P10,1,4297
QL005941,Q02976,P07,1,134297
QL005942,Q02976,P04,1,3851
QL005943,Q02976,P07,1,3594
QL005944,Q02977,P01,1,198989
QL005945,Q02977,P03,1,20635
QL005946,Q02978,P10,1,45009
QL005947,Q02978,P06,1,83661
QL005948,Q02979,P10,1,190178
QL005949,Q02980,P02,1,13233
QL005950,Q02980,P04,1,6251
QL005951,Q02980,P02,1,13024
QL005952,Q02981,P01,1,118049
QL005953,Q02981,P01,1,40471
QL005954,Q02982,P01,1,48780
QL005955,Q02982,P08,1,109211
QL005956,Q02983,P12,1,95376
QL005957,Q02983,P12,1,57968
QL005958,Q02984,P10,1,218672
QL005959,Q02984,P07,1,28772
QL005960,Q02984,P01,1,12748
QL005961,Q02985,P05,1,23809
QL005962,Q02985,P03,1,81147
QL005963,Q02985,P08,1,13404
QL005964,Q02986,P08,1,182313
QL005965,Q02986,P08,1,10571
QL005966,Q02987,P09,1,205475
QL005967,Q02988,P02,1,179232
QL005968,Q02989,P10,1,24917
QL005969,Q02989,P03,1,1637
QL005970,Q02989,P10,1,1401
QL005971,Q02990,P07,1,53436
QL005972,Q02990,P11,1,26535
QL005973,Q02991,P12,1,69774
QL005974,Q02991,P09,1,53290
QL005975,Q02991,P09,1,10051
QL005976,Q02992,P04,1,21771
QL005977,Q02992,P04,1,3618
QL005978,Q02992,P02,1,2812
QL005979,Q02993,P12,1,198095
QL005980,Q02994,P06,1,92627
QL005981,Q02995,P04,1,119236
QL005982,Q02996,P10,1,105432
QL005983,Q02996,P03,1,17962
QL005984,Q02996,P03,1,6836
QL005985,Q02997,P04,1,134651
QL005986,Q02997,P10,1,163011
QL005987,Q02998,P07,1,53637
QL005988,Q02998,P10,1,26250
QL005989,Q02999,P06,1,59709
QL005990,Q02999,P12,1,100934
QL005991,Q03000,P09,1,8165
QL005992,Q03000,P10,1,54391
QL005993,Q03001,P12,1,131813
QL005994,Q03001,P03,1,45851
QL005995,Q03002,P12,1,11821
QL005996,Q03002,P09,1,26999
QL005997,Q03002,P10,1,177368
QL005998,Q03003,P01,1,24120
QL005999,Q03003,P06,1,131341
QL006000,Q03003,P02,1,14458
QL006001,Q03004,P07,1,264925
QL006002,Q03005,P12,1,31245
QL006003,Q03005,P01,1,12670
QL006004,Q03005,P09,1,61637
QL006005,Q03006,P02,1,6311
QL006006,Q03006,P03,1,6112
QL006007,Q03006,P06,1,74509
QL006008,Q03007,P09,1,57235
QL006009,Q03007,P04,1,4385
QL006010,Q03007,P12,1,44197
QL006011,Q03008,P01,1,42772
QL006012,Q03008,P05,1,9400
QL006013,Q03008,P08,1,3799
QL006014,Q03009,P10,1,49817
QL006015,Q03009,P07,1,27604
QL006016,Q03009,P04,1,14185
QL006017,Q03010,P10,1,32212
QL006018,Q03010,P06,1,5924
QL006019,Q03010,P12,1,114323
QL006020,Q03011,P01,1,28283
QL006021,Q03012,P03,1,123372
QL006022,Q03012,P12,1,10171
QL006023,Q03012,P02,1,117017
QL006024,Q03013,P07,1,55858
QL006025,Q03013,P06,1,15375
QL006026,Q03013,P08,1,2418
QL006027,Q03014,P11,1,233976
QL006028,Q03015,P10,1,58439
QL006029,Q03015,P09,1,193769
QL006030,Q03016,P10,1,232163
QL006031,Q03016,P07,1,37939
QL006032,Q03017,P10,1,49696
QL006033,Q03017,P03,1,70760
QL006034,Q03018,P09,1,74434
QL006035,Q03018,P11,1,215277
QL006036,Q03019,P11,1,64956
QL006037,Q03019,P02,1,109936
QL006038,Q03020,P02,1,111898
QL006039,Q03021,P03,1,101273
QL006040,Q03022,P07,1,44299
QL006041,Q03022,P08,1,21542
QL006042,Q03022,P02,1,4463
QL006043,Q03023,P08,1,26141
QL006044,Q03023,P05,1,1516
QL006045,Q03023,P12,1,3351
QL006046,Q03024,P10,1,102973
QL006047,Q03024,P09,1,132576
QL006048,Q03025,P07,1,33921
QL006049,Q03025,P07,1,4905
QL006050,Q03026,P12,1,58471
QL006051,Q03027,P01,1,155175
QL006052,Q03027,P12,1,55420
QL006053,Q03028,P04,1,226897
QL006054,Q03028,P06,1,38433
QL006055,Q03028,P10,1,17946
QL006056,Q03029,P04,1,22981
QL006057,Q03029,P11,1,1869
QL006058,Q03029,P03,1,1870
QL006059,Q03030,P07,1,121356
QL006060,Q03030,P06,1,156968
QL006061,Q03031,P08,1,159113
QL006062,Q03031,P08,1,18920
QL006063,Q03031,P05,1,3746
QL006064,Q03032,P10,1,63473
QL006065,Q03033,P03,1,271151
QL006066,Q03034,P08,1,56383
QL006067,Q03034,P08,1,65552
QL006068,Q03034,P12,1,52173
QL006069,Q03035,P10,1,111137
QL006070,Q03035,P10,1,7803
QL006071,Q03035,P07,1,12862
QL006072,Q03036,P03,1,234627
QL006073,Q03037,P08,1,8699
QL006074,Q03037,P10,1,151706
QL006075,Q03038,P12,1,142161
QL006076,Q03038,P10,1,38357
QL006077,Q03039,P06,1,51481
QL006078,Q03040,P12,1,38813
QL006079,Q03041,P11,1,283648
QL006080,Q03042,P09,1,104649
QL006081,Q03042,P09,1,147602
QL006082,Q03043,P05,1,155553
QL006083,Q03043,P02,1,6439
QL006084,Q03044,P01,1,108734
QL006085,Q03044,P10,1,19385
QL006086,Q03044,P11,1,167735
QL006087,Q03045,P10,1,269388
QL006088,Q03045,P12,1,20666
QL006089,Q03046,P05,1,66522
QL006090,Q03046,P10,1,104492
QL006091,Q03046,P10,1,117600
QL006092,Q03047,P07,1,281748
QL006093,Q03047,P10,1,2750
QL006094,Q03047,P09,1,6787
QL006095,Q03048,P09,1,12373
QL006096,Q03048,P05,1,39983
QL006097,Q03049,P09,1,223463
QL006098,Q03050,P08,1,17789
QL006099,Q03050,P05,1,9169
QL006100,Q03050,P03,1,83787
QL006101,Q03051,P05,1,14369
QL006102,Q03052,P08,1,122246
QL006103,Q03053,P01,1,8689
QL006104,Q03053,P06,1,1119
QL006105,Q03053,P09,1,1719
QL006106,Q03054,P10,1,6045
QL006107,Q03054,P02,1,8551
QL006108,Q03054,P05,1,7938
QL006109,Q03055,P10,1,82159
QL006110,Q03055,P09,1,1817
QL006111,Q03056,P06,1,1150
QL006112,Q03056,P11,1,68652
QL006113,Q03057,P07,1,38027
QL006114,Q03057,P09,1,168928
QL006115,Q03057,P01,1,17802
QL006116,Q03058,P06,1,143010
QL006117,Q03058,P02,1,35366
QL006118,Q03058,P08,1,13137
QL006119,Q03059,P05,1,206271
QL006120,Q03060,P08,1,52935
QL006121,Q03060,P06,1,14845
QL006122,Q03060,P10,1,55082
QL006123,Q03061,P06,1,27842
QL006124,Q03061,P02,1,27382
QL006125,Q03061,P05,1,227440
QL006126,Q03062,P08,1,271289
QL006127,Q03063,P03,1,41802
QL006128,Q03063,P12,1,26701
QL006129,Q03063,P12,1,1198
QL006130,Q03064,P01,1,223304
QL006131,Q03065,P03,1,3840
QL006132,Q03065,P04,1,14694
QL006133,Q03066,P02,1,144563
QL006134,Q03067,P05,1,170012
QL006135,Q03068,P06,1,21904
QL006136,Q03068,P05,1,16431
QL006137,Q03069,P12,1,145730
QL006138,Q03069,P04,1,40526
QL006139,Q03070,P04,1,226202
QL006140,Q03071,P11,1,12032
QL006141,Q03071,P03,1,279466
QL006142,Q03072,P02,1,172215
QL006143,Q03072,P02,1,49702
QL006144,Q03072,P06,1,17599
QL006145,Q03073,P07,1,36123
QL006146,Q03074,P12,1,69395
QL006147,Q03074,P02,1,8952
QL006148,Q03074,P08,1,5883
QL006149,Q03075,P05,1,2124
QL006150,Q03075,P02,1,21858
QL006151,Q03075,P07,1,145595
QL006152,Q03076,P10,1,81405
QL006153,Q03076,P03,1,43329
QL006154,Q03077,P06,1,158341
QL006155,Q03077,P05,1,127187
QL006156,Q03078,P02,1,278701
QL006157,Q03079,P08,1,117958
QL006158,Q03079,P09,1,27097
QL006159,Q03079,P11,1,124281
QL006160,Q03080,P01,1,231741
QL006161,Q03081,P11,1,169090
QL006162,Q03081,P01,1,16933
QL006163,Q03081,P05,1,16090
QL006164,Q03082,P06,1,21490
QL006165,Q03082,P01,1,66691
QL006166,Q03082,P12,1,1450
QL006167,Q03083,P07,1,106986
QL006168,Q03083,P05,1,51723
QL006169,Q03083,P10,1,89100
QL006170,Q03084,P07,1,16568
QL006171,Q03085,P11,1,279566
QL006172,Q03086,P10,1,13878
QL006173,Q03086,P05,1,145012
QL006174,Q03087,P11,1,2770
QL006175,Q03087,P08,1,6376
QL006176,Q03087,P11,1,1786
QL006177,Q03088,P03,1,114623
QL006178,Q03088,P12,1,15331
QL006179,Q03088,P09,1,9423
QL006180,Q03089,P06,1,54274
QL006181,Q03089,P02,1,10753
QL006182,Q03090,P11,1,62726
QL006183,Q03091,P03,1,42884
QL006184,Q03091,P09,1,34802
QL006185,Q03092,P02,1,36223
QL006186,Q03092,P11,1,49800
QL006187,Q03093,P09,1,65206
QL006188,Q03094,P03,1,75788
QL006189,Q03094,P02,1,102596
QL006190,Q03094,P09,1,82098
QL006191,Q03095,P07,1,87743
QL006192,Q03095,P03,1,160843
QL006193,Q03096,P07,1,150528
QL006194,Q03096,P12,1,6697
QL006195,Q03096,P08,1,117593
QL006196,Q03097,P11,1,23480
QL006197,Q03097,P03,1,100788
QL006198,Q03098,P11,1,38796
QL006199,Q03098,P06,1,105796
QL006200,Q03098,P02,1,58205
QL006201,Q03099,P03,1,258854
QL006202,Q03099,P10,1,4229
QL006203,Q03100,P10,1,216014
QL006204,Q03101,P03,1,157088
QL006205,Q03102,P06,1,73795
QL006206,Q03102,P09,1,72145
QL006207,Q03102,P10,1,6394
QL006208,Q03103,P09,1,19365
QL006209,Q03103,P05,1,5934
QL006210,Q03104,P04,1,223219
QL006211,Q03105,P03,1,19619
QL006212,Q03105,P02,1,200475
QL006213,Q03105,P07,1,15429
QL006214,Q03106,P09,1,291299
QL006215,Q03107,P08,1,11059
QL006216,Q03107,P08,1,29114
QL006217,Q03107,P08,1,70540
QL006218,Q03108,P05,1,253931
QL006219,Q03109,P01,1,132768
QL006220,Q03110,P06,1,159082
QL006221,Q03111,P12,1,12750
QL006222,Q03111,P01,1,6095
QL006223,Q03111,P09,1,2723
QL006224,Q03112,P06,1,126236
QL006225,Q03112,P05,1,17820
QL006226,Q03112,P05,1,103707
QL006227,Q03113,P01,1,23905
QL006228,Q03113,P01,1,18749
QL006229,Q03113,P03,1,9318
QL006230,Q03114,P01,1,201812
QL006231,Q03114,P06,1,60941
QL006232,Q03114,P05,1,15057
QL006233,Q03115,P06,1,52178
QL006234,Q03115,P01,1,79319
QL006235,Q03115,P11,1,29654
QL006236,Q03116,P05,1,116048
QL006237,Q03116,P03,1,24056
QL006238,Q03116,P11,1,148269
QL006239,Q03117,P12,1,179512
QL006240,Q03118,P12,1,20693
QL006241,Q03119,P03,1,72628
QL006242,Q03120,P03,1,56183
QL006243,Q03120,P07,1,108868
QL006244,Q03120,P11,1,13332
QL006245,Q03121,P09,1,149754
QL006246,Q03122,P08,1,5261
QL006247,Q03122,P09,1,98568
QL006248,Q03123,P09,1,185395
QL006249,Q03124,P08,1,143082
QL006250,Q03124,P03,1,19061
QL006251,Q03124,P05,1,4109
QL006252,Q03125,P06,1,81271
QL006253,Q03125,P03,1,130444
QL006254,Q03126,P08,1,56425
QL006255,Q03126,P02,1,146319
QL006256,Q03127,P07,1,119096
QL006257,Q03127,P01,1,2828
QL006258,Q03127,P02,1,1409
QL006259,Q03128,P03,1,90671
QL006260,Q03128,P03,1,85510
QL006261,Q03128,P10,1,19104
QL006262,Q03129,P04,1,224260
QL006263,Q03130,P06,1,78569
QL006264,Q03130,P04,1,74058
QL006265,Q03130,P06,1,24996
QL006266,Q03131,P09,1,183764
QL006267,Q03132,P09,1,221937
QL006268,Q03132,P02,1,65290
QL006269,Q03133,P07,1,64239
QL006270,Q03133,P03,1,3543
QL006271,Q03133,P08,1,55829
QL006272,Q03134,P03,1,134130
QL006273,Q03134,P09,1,43602
QL006274,Q03134,P02,1,65186
QL006275,Q03135,P03,1,76518
QL006276,Q03136,P08,1,9090
QL006277,Q03136,P09,1,16930
QL006278,Q03136,P03,1,9395
QL006279,Q03137,P09,1,209406
QL006280,Q03137,P02,1,32903
QL006281,Q03137,P12,1,7969
QL006282,Q03138,P05,1,138997
QL006283,Q03138,P01,1,74161
QL006284,Q03139,P06,1,72624
QL006285,Q03139,P05,1,39947
QL006286,Q03140,P06,1,34421
QL006287,Q03140,P02,1,47192
QL006288,Q03141,P02,1,58307
QL006289,Q03141,P02,1,14346
QL006290,Q03141,P04,1,41969
QL006291,Q03142,P02,1,6202
QL006292,Q03142,P11,1,61982
QL006293,Q03142,P04,1,108857
QL006294,Q03143,P08,1,35820
QL006295,Q03143,P06,1,18372
QL006296,Q03143,P03,1,22837
QL006297,Q03144,P04,1,57380
QL006298,Q03144,P05,1,70386
QL006299,Q03144,P10,1,142592
QL006300,Q03145,P02,1,145259
QL006301,Q03146,P12,1,61307
QL006302,Q03146,P03,1,96512
QL006303,Q03147,P01,1,198798
QL006304,Q03148,P04,1,77077
QL006305,Q03148,P03,1,124068
QL006306,Q03149,P04,1,169704
QL006307,Q03149,P11,1,21658
QL006308,Q03150,P01,1,224593
QL006309,Q03151,P06,1,20271
QL006310,Q03151,P07,1,103409
QL006311,Q03151,P11,1,4812
QL006312,Q03152,P02,1,13957
QL006313,Q03152,P02,1,7830
QL006314,Q03152,P09,1,7922
QL006315,Q03153,P04,1,176344
QL006316,Q03154,P10,1,8734
QL006317,Q03154,P10,1,19525
QL006318,Q03155,P09,1,16378
QL006319,Q03155,P11,1,49319
QL006320,Q03156,P09,1,39574
QL006321,Q03156,P08,1,239857
QL006322,Q03157,P03,1,16269
QL006323,Q03158,P08,1,29667
QL006324,Q03159,P07,1,92774
QL006325,Q03159,P05,1,134063
QL006326,Q03159,P09,1,8790
QL006327,Q03160,P06,1,193764
QL006328,Q03161,P06,1,176084
QL006329,Q03162,P05,1,144898
QL006330,Q03163,P08,1,29250
QL006331,Q03163,P03,1,29478
QL006332,Q03163,P06,1,36122
QL006333,Q03164,P01,1,46631
QL006334,Q03165,P02,1,202869
QL006335,Q03165,P04,1,25799
QL006336,Q03166,P07,1,135186
QL006337,Q03166,P02,1,104861
QL006338,Q03167,P01,1,31357
QL006339,Q03167,P08,1,82619
QL006340,Q03168,P03,1,67944
QL006341,Q03168,P04,1,85300
QL006342,Q03169,P11,1,17105
QL006343,Q03169,P11,1,67809
QL006344,Q03169,P08,1,3779
QL006345,Q03170,P11,1,89773
QL006346,Q03171,P02,1,80161
QL006347,Q03171,P11,1,8160
QL006348,Q03171,P08,1,28188
QL006349,Q03172,P04,1,208534
QL006350,Q03173,P11,1,115679
QL006351,Q03173,P09,1,8022
QL006352,Q03173,P07,1,37751
QL006353,Q03174,P06,1,6615
QL006354,Q03174,P06,1,116173
QL006355,Q03175,P01,1,35589
QL006356,Q03176,P12,1,136107
QL006357,Q03177,P01,1,23050
QL006358,Q03177,P06,1,34085
QL006359,Q03177,P06,1,49976
QL006360,Q03178,P07,1,22223
QL006361,Q03178,P10,1,6891
QL006362,Q03179,P01,1,78578
QL006363,Q03179,P09,1,53490
QL006364,Q03179,P03,1,6866
QL006365,Q03180,P12,1,108728
QL006366,Q03180,P12,1,5282
QL006367,Q03180,P07,1,76048
QL006368,Q03181,P12,1,38314
QL006369,Q03182,P01,1,201809
QL006370,Q03182,P02,1,8481
QL006371,Q03182,P03,1,30080
QL006372,Q03183,P06,1,32118
QL006373,Q03183,P09,1,139080
QL006374,Q03183,P04,1,11997
QL006375,Q03184,P03,1,271624
QL006376,Q03185,P12,1,158524
QL006377,Q03186,P08,1,160477
QL006378,Q03187,P09,1,79649
QL006379,Q03188,P05,1,264230
QL006380,Q03189,P12,1,69121
QL006381,Q03189,P11,1,14609
QL006382,Q03190,P11,1,127400
QL006383,Q03190,P03,1,23422
QL006384,Q03190,P08,1,24105
QL006385,Q03191,P01,1,18457
QL006386,Q03191,P06,1,23776
QL006387,Q03191,P09,1,4614
QL006388,Q03192,P02,1,39968
QL006389,Q03192,P10,1,1821
QL006390,Q03192,P06,1,9138
QL006391,Q03193,P12,1,74004
QL006392,Q03194,P09,1,89477
QL006393,Q03194,P11,1,210180
QL006394,Q03195,P10,1,60862
QL006395,Q03195,P06,1,169514
QL006396,Q03196,P07,1,136554
QL006397,Q03197,P06,1,97169
QL006398,Q03197,P02,1,8944
QL006399,Q03197,P02,1,33510
QL006400,Q03198,P04,1,140023
QL006401,Q03198,P01,1,29229
QL006402,Q03198,P07,1,23218
QL006403,Q03199,P03,1,228348
QL006404,Q03200,P07,1,190447
QL006405,Q03201,P12,1,75904
QL006406,Q03202,P11,1,20247
QL006407,Q03202,P08,1,58966
QL006408,Q03202,P03,1,5359
QL006409,Q03203,P04,1,6012
QL006410,Q03203,P03,1,18775
QL006411,Q03203,P07,1,5396
QL006412,Q03204,P10,1,261460
QL006413,Q03205,P01,1,25906
QL006414,Q03205,P06,1,58482
QL006415,Q03205,P01,1,44770
QL006416,Q03206,P02,1,9498
QL006417,Q03206,P08,1,14402
QL006418,Q03206,P04,1,229067
QL006419,Q03207,P11,1,3364
QL006420,Q03207,P09,1,59440
QL006421,Q03208,P01,1,105587
QL006422,Q03208,P03,1,19951
QL006423,Q03208,P10,1,2850
QL006424,Q03209,P06,1,190894
QL006425,Q03209,P08,1,9779
QL006426,Q03209,P11,1,47114
QL006427,Q03210,P10,1,108640
QL006428,Q03211,P01,1,221205
QL006429,Q03212,P09,1,246819
QL006430,Q03213,P11,1,86398
QL006431,Q03213,P04,1,166976
QL006432,Q03214,P10,1,16009
QL006433,Q03214,P11,1,1610
QL006434,Q03214,P01,1,140494
QL006435,Q03215,P05,1,118804
QL006436,Q03215,P12,1,51235
QL006437,Q03216,P04,1,258592
QL006438,Q03217,P08,1,82070
QL006439,Q03217,P08,1,181271
QL006440,Q03218,P01,1,249536
QL006441,Q03218,P05,1,7667
QL006442,Q03218,P04,1,5459
QL006443,Q03219,P11,1,28851
QL006444,Q03219,P04,1,204387
QL006445,Q03220,P10,1,182428
QL006446,Q03221,P03,1,81562
QL006447,Q03222,P10,1,9994
QL006448,Q03222,P09,1,1144
QL006449,Q03222,P09,1,3674
QL006450,Q03223,P07,1,293065
QL006451,Q03224,P07,1,153865
QL006452,Q03224,P10,1,110284
QL006453,Q03225,P03,1,84803
QL006454,Q03225,P01,1,129227
QL006455,Q03226,P08,1,35321
QL006456,Q03227,P03,1,7496
QL006457,Q03227,P11,1,6456
QL006458,Q03227,P12,1,11664
QL006459,Q03228,P05,1,267666
QL006460,Q03229,P06,1,107119
QL006461,Q03229,P02,1,69389
QL006462,Q03230,P12,1,29014
QL006463,Q03230,P08,1,60325
QL006464,Q03231,P08,1,20101
QL006465,Q03231,P07,1,2613
QL006466,Q03232,P03,1,275157
QL006467,Q03233,P10,1,120760
QL006468,Q03233,P02,1,10084
QL006469,Q03234,P12,1,265808
QL006470,Q03235,P07,1,116776
QL006471,Q03235,P10,1,8278
QL006472,Q03235,P05,1,61739
QL006473,Q03236,P03,1,78360
QL006474,Q03236,P09,1,24364
QL006475,Q03237,P11,1,13051
QL006476,Q03237,P11,1,12836
QL006477,Q03237,P03,1,5525
QL006478,Q03238,P05,1,28277
QL006479,Q03238,P10,1,86112
QL006480,Q03238,P08,1,3728
QL006481,Q03239,P03,1,15650
QL006482,Q03239,P09,1,4274
QL006483,Q03239,P09,1,3280
QL006484,Q03240,P10,1,173300
QL006485,Q03240,P06,1,4597
QL006486,Q03240,P06,1,102906
QL006487,Q03241,P12,1,61093
QL006488,Q03241,P06,1,102596
QL006489,Q03241,P05,1,7357
QL006490,Q03242,P05,1,111600
QL006491,Q03242,P03,1,19040
QL006492,Q03243,P02,1,14491
QL006493,Q03244,P11,1,108668
QL006494,Q03244,P03,1,20653
QL006495,Q03245,P07,1,33278
QL006496,Q03245,P03,1,39403
QL006497,Q03245,P01,1,20560
QL006498,Q03246,P04,1,136869
QL006499,Q03246,P11,1,59619
QL006500,Q03246,P11,1,51757
QL006501,Q03247,P04,1,135558
QL006502,Q03248,P08,1,22147
QL006503,Q03248,P01,1,169283
QL006504,Q03248,P02,1,44046
QL006505,Q03249,P02,1,191610
QL006506,Q03249,P08,1,17272
QL006507,Q03249,P11,1,13976
QL006508,Q03250,P05,1,85201
QL006509,Q03250,P01,1,40806
QL006510,Q03250,P01,1,16089
QL006511,Q03251,P12,1,17056
QL006512,Q03251,P12,1,55152
QL006513,Q03251,P08,1,97023
QL006514,Q03252,P04,1,3111
QL006515,Q03252,P05,1,24218
QL006516,Q03252,P10,1,38876
QL006517,Q03253,P08,1,62065
QL006518,Q03254,P03,1,198155
QL006519,Q03254,P10,1,14043
QL006520,Q03254,P11,1,71430
QL006521,Q03255,P07,1,84355
QL006522,Q03255,P06,1,20038
QL006523,Q03256,P09,1,245801
QL006524,Q03257,P05,1,8857
QL006525,Q03257,P02,1,33814
QL006526,Q03257,P05,1,19959
QL006527,Q03258,P05,1,30333
QL006528,Q03258,P10,1,212970
QL006529,Q03258,P11,1,16923
QL006530,Q03259,P02,1,169653
QL006531,Q03259,P10,1,30479
QL006532,Q03260,P04,1,252867
QL006533,Q03260,P07,1,3449
QL006534,Q03260,P09,1,1790
QL006535,Q03261,P01,1,14862
QL006536,Q03261,P12,1,115883
QL006537,Q03261,P06,1,128723
QL006538,Q03262,P05,1,41827
QL006539,Q03262,P05,1,242030
QL006540,Q03263,P06,1,168907
QL006541,Q03264,P07,1,72337
QL006542,Q03264,P06,1,110015
QL006543,Q03265,P08,1,87900
QL006544,Q03265,P12,1,93063
QL006545,Q03265,P11,1,76274
QL006546,Q03266,P07,1,61608
QL006547,Q03266,P12,1,9375
QL006548,Q03266,P03,1,3793
QL006549,Q03267,P04,1,50842
QL006550,Q03267,P05,1,73760
QL006551,Q03267,P10,1,87523
QL006552,Q03268,P03,1,243907
QL006553,Q03268,P11,1,9223
QL006554,Q03268,P06,1,14059
QL006555,Q03269,P09,1,139869
QL006556,Q03269,P03,1,7114
QL006557,Q03269,P12,1,54238
QL006558,Q03270,P04,1,73144
QL006559,Q03271,P08,1,53332
QL006560,Q03271,P04,1,71116
QL006561,Q03272,P08,1,33719
QL006562,Q03272,P05,1,38320
QL006563,Q03273,P06,1,126309
QL006564,Q03273,P02,1,5265
QL006565,Q03273,P08,1,7217
QL006566,Q03274,P09,1,83697
QL006567,Q03274,P06,1,154891
QL006568,Q03275,P11,1,28696
QL006569,Q03276,P10,1,64317
QL006570,Q03277,P08,1,87559
QL006571,Q03277,P08,1,21657
QL006572,Q03277,P01,1,37309
QL006573,Q03278,P07,1,173023
QL006574,Q03278,P11,1,27173
QL006575,Q03278,P07,1,79001
QL006576,Q03279,P06,1,54511
QL006577,Q03279,P11,1,67465
QL006578,Q03279,P01,1,40056
QL006579,Q03280,P12,1,209456
QL006580,Q03280,P05,1,42381
QL006581,Q03281,P01,1,21950
QL006582,Q03281,P10,1,93717
QL006583,Q03282,P07,1,135597
QL006584,Q03282,P06,1,112820
QL006585,Q03283,P10,1,1782
QL006586,Q03283,P07,1,9206
QL006587,Q03283,P01,1,35252
QL006588,Q03284,P03,1,185145
QL006589,Q03284,P07,1,5710
QL006590,Q03285,P03,1,58944
QL006591,Q03285,P06,1,50498
QL006592,Q03286,P09,1,224059
QL006593,Q03286,P07,1,17508
QL006594,Q03286,P02,1,41488
QL006595,Q03287,P11,1,146119
QL006596,Q03287,P07,1,36137
QL006597,Q03287,P05,1,71086
QL006598,Q03288,P12,1,236410
QL006599,Q03289,P08,1,132982
QL006600,Q03290,P02,1,27639
QL006601,Q03291,P06,1,47896
QL006602,Q03291,P09,1,48292
QL006603,Q03291,P09,1,124729
QL006604,Q03292,P10,1,280345
QL006605,Q03293,P01,1,156238
QL006606,Q03293,P11,1,98795
QL006607,Q03294,P05,1,196747
QL006608,Q03294,P11,1,74910
QL006609,Q03294,P10,1,25462
QL006610,Q03295,P07,1,24207
QL006611,Q03295,P05,1,141318
QL006612,Q03296,P03,1,24883
QL006613,Q03296,P08,1,84792
QL006614,Q03296,P10,1,86960
QL006615,Q03297,P04,1,35833
QL006616,Q03297,P02,1,90375
QL006617,Q03297,P07,1,32613
QL006618,Q03298,P01,1,157975
QL006619,Q03298,P05,1,23486
QL006620,Q03299,P03,1,125168
QL006621,Q03299,P01,1,84129
QL006622,Q03299,P10,1,41673
QL006623,Q03300,P10,1,101945
QL006624,Q03300,P01,1,106911
QL006625,Q03301,P11,1,86015
QL006626,Q03301,P08,1,28400
QL006627,Q03302,P09,1,38392
QL006628,Q03303,P09,1,68473
QL006629,Q03303,P10,1,32105
QL006630,Q03304,P03,1,90691
QL006631,Q03304,P10,1,2946
QL006632,Q03305,P06,1,59787
QL006633,Q03305,P09,1,35127
QL006634,Q03305,P09,1,7271
QL006635,Q03306,P08,1,56545
QL006636,Q03306,P09,1,12713
QL006637,Q03306,P05,1,1590
QL006638,Q03307,P01,1,120636
QL006639,Q03308,P08,1,24459
QL006640,Q03309,P03,1,47585
QL006641,Q03309,P12,1,8174
QL006642,Q03310,P02,1,193107
QL006643,Q03311,P07,1,143805
QL006644,Q03312,P08,1,158202
QL006645,Q03313,P05,1,206873
QL006646,Q03313,P10,1,11343
QL006647,Q03313,P02,1,60459
QL006648,Q03314,P06,1,86700
QL006649,Q03314,P01,1,102482
QL006650,Q03314,P01,1,61444
QL006651,Q03315,P03,1,168192
QL006652,Q03316,P09,1,80031
QL006653,Q03316,P01,1,41230
QL006654,Q03316,P01,1,168993
QL006655,Q03317,P03,1,28905
QL006656,Q03317,P02,1,85119
QL006657,Q03318,P04,1,26252
QL006658,Q03319,P06,1,25573
QL006659,Q03319,P06,1,71578
QL006660,Q03319,P11,1,4245
QL006661,Q03320,P10,1,5468
QL006662,Q03320,P09,1,22322
QL006663,Q03321,P09,1,205482
QL006664,Q03322,P09,1,141917
QL006665,Q03323,P10,1,16170
QL006666,Q03323,P09,1,4994
QL006667,Q03323,P05,1,17956
QL006668,Q03324,P09,1,3985
QL006669,Q03324,P09,1,125932
QL006670,Q03325,P03,1,215975
QL006671,Q03326,P10,1,93462
QL006672,Q03326,P09,1,63389
QL006673,Q03326,P10,1,41483
QL006674,Q03327,P03,1,114342
QL006675,Q03328,P01,1,62124
QL006676,Q03328,P01,1,90914
QL006677,Q03328,P10,1,124613
QL006678,Q03329,P03,1,46733
QL006679,Q03329,P01,1,1942
QL006680,Q03329,P09,1,28484
QL006681,Q03330,P03,1,40452
QL006682,Q03330,P02,1,26731
QL006683,Q03330,P03,1,137709
QL006684,Q03331,P09,1,79692
QL006685,Q03332,P06,1,47386
QL006686,Q03332,P03,1,20212
QL006687,Q03333,P07,1,143390
QL006688,Q03334,P07,1,15966
QL006689,Q03334,P02,1,1133
QL006690,Q03335,P03,1,90439
QL006691,Q03336,P12,1,49635
QL006692,Q03336,P04,1,18620
QL006693,Q03336,P05,1,203080
QL006694,Q03337,P02,1,143593
QL006695,Q03337,P02,1,30151
QL006696,Q03337,P08,1,33603
QL006697,Q03338,P10,1,8794
QL006698,Q03338,P03,1,1619
QL006699,Q03338,P03,1,6138
QL006700,Q03339,P08,1,35814
QL006701,Q03339,P07,1,16528
QL006702,Q03339,P11,1,35517
QL006703,Q03340,P12,1,46372
QL006704,Q03340,P12,1,8472
QL006705,Q03340,P08,1,10099
QL006706,Q03341,P01,1,5054
QL006707,Q03341,P04,1,42923
QL006708,Q03341,P05,1,29791
QL006709,Q03342,P10,1,154101
QL006710,Q03343,P02,1,102665
QL006711,Q03343,P10,1,43474
QL006712,Q03343,P04,1,78568
QL006713,Q03344,P10,1,26784
QL006714,Q03344,P02,1,13284
QL006715,Q03344,P04,1,116553
QL006716,Q03345,P11,1,17659
QL006717,Q03345,P10,1,1120
QL006718,Q03345,P08,1,1835
QL006719,Q03346,P12,1,13114
QL006720,Q03346,P10,1,17758
QL006721,Q03346,P11,1,10203
QL006722,Q03347,P03,1,86961
QL006723,Q03347,P02,1,32635
QL006724,Q03348,P08,1,9109
QL006725,Q03348,P08,1,13226
QL006726,Q03348,P08,1,10676
QL006727,Q03349,P05,1,7026
QL006728,Q03349,P09,1,11084
QL006729,Q03350,P06,1,253253
QL006730,Q03351,P12,1,225746
QL006731,Q03351,P03,1,35839
QL006732,Q03352,P07,1,281372
QL006733,Q03353,P07,1,78783
QL006734,Q03353,P05,1,11977
QL006735,Q03354,P10,1,112316
QL006736,Q03354,P05,1,7575
QL006737,Q03354,P01,1,14976
QL006738,Q03355,P12,1,14987
QL006739,Q03355,P05,1,22366
QL006740,Q03356,P11,1,26687
QL006741,Q03356,P07,1,1161
QL006742,Q03356,P02,1,35097
QL006743,Q03357,P09,1,37478
QL006744,Q03357,P12,1,56504
QL006745,Q03358,P09,1,81583
QL006746,Q03359,P01,1,103834
QL006747,Q03359,P03,1,116379
QL006748,Q03360,P09,1,81894
QL006749,Q03360,P01,1,84764
QL006750,Q03360,P06,1,3958
QL006751,Q03361,P09,1,95576
QL006752,Q03361,P10,1,68080
QL006753,Q03362,P12,1,50125
QL006754,Q03363,P08,1,12573
QL006755,Q03364,P01,1,20975
QL006756,Q03364,P03,1,11919
QL006757,Q03364,P09,1,121119
QL006758,Q03365,P07,1,135322
QL006759,Q03365,P11,1,144852
QL006760,Q03366,P02,1,79536
QL006761,Q03366,P02,1,213081
QL006762,Q03367,P10,1,227970
QL006763,Q03367,P10,1,4560
QL006764,Q03367,P12,1,56764
QL006765,Q03368,P04,1,84283
QL006766,Q03368,P12,1,17587
QL006767,Q03368,P02,1,134129
QL006768,Q03369,P12,1,180738
QL006769,Q03369,P03,1,112269
QL006770,Q03370,P11,1,91371
QL006771,Q03370,P12,1,34561
QL006772,Q03370,P03,1,72637
QL006773,Q03371,P11,1,57373
QL006774,Q03371,P03,1,86855
QL006775,Q03372,P05,1,217665
QL006776,Q03373,P08,1,198126
QL006777,Q03374,P04,1,149707
QL006778,Q03375,P07,1,204022
QL006779,Q03376,P04,1,71054
QL006780,Q03376,P04,1,4866
QL006781,Q03376,P03,1,29220
QL006782,Q03377,P12,1,86293
QL006783,Q03378,P02,1,31464
QL006784,Q03378,P05,1,86763
QL006785,Q03379,P11,1,15736
QL006786,Q03379,P04,1,9516
QL006787,Q03379,P04,1,26258
QL006788,Q03380,P05,1,24052
QL006789,Q03380,P03,1,157905
QL006790,Q03381,P04,1,10602
QL006791,Q03381,P04,1,199707
QL006792,Q03382,P12,1,30103
QL006793,Q03382,P05,1,111588
QL006794,Q03383,P09,1,127658
QL006795,Q03384,P12,1,68495
QL006796,Q03385,P03,1,26570
QL006797,Q03385,P08,1,3608
QL006798,Q03385,P05,1,14777
QL006799,Q03386,P02,1,288511
QL006800,Q03387,P01,1,235015
QL006801,Q03387,P05,1,2520
QL006802,Q03387,P03,1,7095
QL006803,Q03388,P12,1,28736
QL006804,Q03388,P09,1,46404
QL006805,Q03388,P10,1,23050
QL006806,Q03389,P07,1,295100
QL006807,Q03390,P09,1,276961
QL006808,Q03390,P10,1,16560
QL006809,Q03390,P09,1,2519
QL006810,Q03391,P05,1,112029
QL006811,Q03391,P07,1,36755
QL006812,Q03392,P12,1,125189
QL006813,Q03392,P10,1,21455
QL006814,Q03392,P09,1,44512
QL006815,Q03393,P04,1,41553
QL006816,Q03393,P06,1,102948
QL006817,Q03394,P07,1,66153
QL006818,Q03394,P11,1,34432
QL006819,Q03395,P07,1,264503
QL006820,Q03395,P09,1,1354
QL006821,Q03395,P07,1,20269
QL006822,Q03396,P09,1,20848
QL006823,Q03396,P04,1,9142
QL006824,Q03396,P08,1,3283
QL006825,Q03397,P08,1,3064
QL006826,Q03397,P01,1,113265
QL006827,Q03398,P06,1,8678
QL006828,Q03398,P12,1,258995
QL006829,Q03399,P06,1,41676
QL006830,Q03399,P07,1,76071
QL006831,Q03400,P08,1,104197
QL006832,Q03400,P03,1,53883
QL006833,Q03400,P05,1,80110
QL006834,Q03401,P09,1,201759
QL006835,Q03401,P01,1,55434
QL006836,Q03401,P09,1,29446
QL006837,Q03402,P09,1,193992
QL006838,Q03403,P12,1,4863
QL006839,Q03403,P02,1,1404
QL006840,Q03403,P10,1,33101
QL006841,Q03404,P11,1,159665
QL006842,Q03405,P08,1,99414
QL006843,Q03405,P05,1,164282
QL006844,Q03406,P03,1,176229
QL006845,Q03406,P03,1,19233
QL006846,Q03406,P05,1,11427
QL006847,Q03407,P06,1,219528
QL006848,Q03407,P05,1,36597
QL006849,Q03407,P06,1,39380
QL006850,Q03408,P12,1,21106
QL006851,Q03408,P12,1,5672
QL006852,Q03408,P04,1,7169
QL006853,Q03409,P02,1,293313
QL006854,Q03410,P07,1,57983
QL006855,Q03410,P09,1,57657
QL006856,Q03411,P09,1,256219
QL006857,Q03412,P05,1,34868
QL006858,Q03412,P02,1,163651
QL006859,Q03413,P06,1,46756
QL006860,Q03413,P03,1,246503
QL006861,Q03414,P10,1,46531
QL006862,Q03414,P07,1,237699
QL006863,Q03415,P07,1,176686
QL006864,Q03416,P11,1,76961
QL006865,Q03417,P07,1,33724
QL006866,Q03417,P11,1,92416
QL006867,Q03418,P02,1,15622
QL006868,Q03418,P08,1,88254
QL006869,Q03418,P04,1,194641
QL006870,Q03419,P10,1,56536
QL006871,Q03420,P07,1,120296
QL006872,Q03420,P04,1,179039
QL006873,Q03421,P05,1,61151
QL006874,Q03421,P01,1,4746
QL006875,Q03421,P11,1,29409
QL006876,Q03422,P01,1,96511
QL006877,Q03422,P10,1,75351
QL006878,Q03423,P02,1,42854
QL006879,Q03423,P11,1,129575
QL006880,Q03423,P10,1,14365
QL006881,Q03424,P11,1,45582
QL006882,Q03425,P08,1,17440
QL006883,Q03425,P07,1,10145
QL006884,Q03425,P09,1,64561
QL006885,Q03426,P01,1,8269
QL006886,Q03426,P06,1,103459
QL006887,Q03427,P09,1,119926
QL006888,Q03427,P06,1,30283
QL006889,Q03427,P03,1,37111
QL006890,Q03428,P10,1,163637
QL006891,Q03428,P01,1,48941
QL006892,Q03429,P06,1,59623
QL006893,Q03429,P03,1,37907
QL006894,Q03429,P06,1,138856
QL006895,Q03430,P09,1,200212
QL006896,Q03431,P04,1,111535
QL006897,Q03431,P02,1,8826
QL006898,Q03431,P12,1,66065
QL006899,Q03432,P01,1,113391
QL006900,Q03432,P09,1,28869
QL006901,Q03433,P03,1,83923
QL006902,Q03433,P10,1,32952
QL006903,Q03433,P10,1,47809
QL006904,Q03434,P05,1,270780
QL006905,Q03435,P10,1,34191
QL006906,Q03436,P04,1,134235
QL006907,Q03437,P03,1,26773
QL006908,Q03438,P06,1,62287
QL006909,Q03438,P02,1,25257
QL006910,Q03438,P04,1,6693
QL006911,Q03439,P08,1,89612
QL006912,Q03439,P07,1,32000
QL006913,Q03439,P11,1,4915
QL006914,Q03440,P01,1,90079
QL006915,Q03441,P03,1,47338
QL006916,Q03441,P04,1,144058
QL006917,Q03442,P03,1,38359
QL006918,Q03442,P02,1,198834
QL006919,Q03443,P04,1,43881
QL006920,Q03443,P01,1,39525
QL006921,Q03444,P11,1,34397
QL006922,Q03444,P03,1,69220
QL006923,Q03445,P02,1,261735
QL006924,Q03446,P10,1,29114
QL006925,Q03446,P06,1,2451
QL006926,Q03446,P02,1,6669
QL006927,Q03447,P02,1,53404
QL006928,Q03448,P05,1,105746
QL006929,Q03449,P07,1,10357
QL006930,Q03449,P02,1,23861
QL006931,Q03449,P07,1,103054
QL006932,Q03450,P01,1,84610
QL006933,Q03450,P03,1,98641
QL006934,Q03450,P01,1,47452
QL006935,Q03451,P01,1,147626
QL006936,Q03452,P04,1,36424
QL006937,Q03452,P05,1,91423
QL006938,Q03452,P01,1,46143
QL006939,Q03453,P07,1,123142
QL006940,Q03454,P05,1,167747
QL006941,Q03454,P09,1,9199
QL006942,Q03454,P02,1,29439
QL006943,Q03455,P09,1,27856
QL006944,Q03455,P09,1,79896
QL006945,Q03456,P11,1,181361
QL006946,Q03457,P02,1,166551
QL006947,Q03457,P08,1,19852
QL006948,Q03457,P04,1,19804
QL006949,Q03458,P12,1,95616
QL006950,Q03458,P11,1,170088
QL006951,Q03459,P05,1,88464
QL006952,Q03459,P07,1,167894
QL006953,Q03460,P04,1,180774
QL006954,Q03461,P04,1,1172
QL006955,Q03461,P09,1,169555
QL006956,Q03461,P09,1,12918
QL006957,Q03462,P04,1,18545
QL006958,Q03462,P04,1,28980
QL006959,Q03463,P07,1,60849
QL006960,Q03463,P05,1,51655
QL006961,Q03463,P04,1,153153
QL006962,Q03464,P12,1,20871
QL006963,Q03464,P03,1,44698
QL006964,Q03465,P07,1,92498
QL006965,Q03465,P02,1,14500
QL006966,Q03465,P10,1,19442
QL006967,Q03466,P03,1,100700
QL006968,Q03466,P05,1,2585
QL006969,Q03466,P09,1,193527
QL006970,Q03467,P03,1,10318
QL006971,Q03467,P10,1,10708
QL006972,Q03467,P08,1,17282
QL006973,Q03468,P01,1,272907
QL006974,Q03469,P09,1,171819
QL006975,Q03469,P12,1,24257
QL006976,Q03470,P04,1,76656
QL006977,Q03471,P08,1,231438
QL006978,Q03472,P01,1,62305
QL006979,Q03472,P12,1,209851
QL006980,Q03473,P07,1,52206
QL006981,Q03473,P01,1,84139
QL006982,Q03474,P08,1,26140
QL006983,Q03474,P01,1,9528
QL006984,Q03474,P11,1,51577
QL006985,Q03475,P08,1,276270
QL006986,Q03476,P07,1,84702
QL006987,Q03476,P11,1,75058
QL006988,Q03477,P06,1,103382
QL006989,Q03477,P03,1,55247
QL006990,Q03477,P08,1,27922
QL006991,Q03478,P12,1,38725
QL006992,Q03478,P04,1,16798
QL006993,Q03478,P03,1,128691
QL006994,Q03479,P09,1,116782
QL006995,Q03479,P04,1,1609
QL006996,Q03480,P07,1,93109
QL006997,Q03481,P06,1,90229
QL006998,Q03481,P01,1,139289
QL006999,Q03482,P01,1,151655
QL007000,Q03483,P04,1,279323
QL007001,Q03484,P04,1,99055
QL007002,Q03484,P10,1,8932
QL007003,Q03484,P05,1,98944
QL007004,Q03485,P05,1,107211
QL007005,Q03486,P06,1,18393
QL007006,Q03487,P06,1,13553
QL007007,Q03487,P11,1,6322
QL007008,Q03488,P01,1,73251
QL007009,Q03488,P04,1,7710
QL007010,Q03488,P10,1,16171
QL007011,Q03489,P05,1,20145
QL007012,Q03489,P04,1,40731
QL007013,Q03490,P05,1,41020
QL007014,Q03490,P09,1,53071
QL007015,Q03490,P09,1,81400
QL007016,Q03491,P11,1,251060
QL007017,Q03492,P05,1,2004
QL007018,Q03492,P09,1,33349
QL007019,Q03492,P04,1,3006
QL007020,Q03493,P03,1,44090
QL007021,Q03493,P06,1,11667
QL007022,Q03493,P10,1,7756
QL007023,Q03494,P03,1,160408
QL007024,Q03494,P07,1,51847
QL007025,Q03495,P05,1,31739
QL007026,Q03495,P11,1,18511
QL007027,Q03496,P11,1,48722
QL007028,Q03496,P03,1,55253
QL007029,Q03497,P10,1,244470
QL007030,Q03497,P06,1,38514
QL007031,Q03498,P01,1,43152
QL007032,Q03498,P11,1,2581
QL007033,Q03499,P05,1,211404
QL007034,Q03499,P12,1,79051
QL007035,Q03500,P11,1,43109
